<?xml version='1.0' encoding='UTF-8'?>
<graphml xmlns="http://graphml.graphdrawing.org/xmlns" xmlns:xsi="http://www.w3.org/2001/XMLSchema-instance" xsi:schemaLocation="http://graphml.graphdrawing.org/xmlns http://graphml.graphdrawing.org/xmlns/1.0/graphml.xsd">
  <key attr.name="is_start" attr.type="boolean" for="node" id="dn6"/>
  <key attr.name="section_id" attr.type="long" for="node" id="dn3"/>
  <key attr.name="is_common" attr.type="boolean" for="node" id="dn7"/>
  <key attr.name="name" attr.type="string" for="node" id="dn1"/>
  <key attr.name="is_end" attr.type="boolean" for="node" id="dn2"/>
  <key attr.name="rank" attr.type="long" for="node" id="dn4"/>
  <key attr.name="text" attr.type="string" for="node" id="dn5"/>
  <key attr.name="is_lacuna" attr.type="boolean" for="node" id="dn100"/>
  <key attr.name="neolabel" attr.type="string" for="node" id="dn0"/>
  <key attr.name="neolabel" attr.type="string" for="edge" id="de0"/>
  <key attr.name="witnesses" attr.type="stringarray" for="edge" id="de1"/>
  <graph id="22" edgedefault="directed" parse.edgeids="canonical" parse.edges="135" parse.nodeids="canonical" parse.nodes="136" parse.order="nodesfirst">
    <node id="22">
      <data key="dn0">[SECTION]</data>
      <data key="dn1">DEFAULT</data>
    </node>
    <node id="41">
      <data key="dn0">[READING]</data>
      <data key="dn2">true</data>
      <data key="dn3">22</data>
      <data key="dn4">101</data>
      <data key="dn5">#END#</data>
    </node>
    <node id="40">
      <data key="dn0">[READING]</data>
      <data key="dn5">#START#</data>
      <data key="dn6">true</data>
      <data key="dn3">22</data>
      <data key="dn4">0</data>
    </node>
    <node id="1001">
      <data key="dn0">[READING]</data>
      <data key="dn1">#LACUNA#</data>
      <data key="dn3">22</data>
      <data key="dn4">1</data>
      <data key="dn7">false</data>
      <data key="dn100">true</data>
    </node>
    <node id="97">
      <data key="dn0">[READING]</data>
      <data key="dn5">ἐξετάσει</data>
      <data key="dn3">22</data>
      <data key="dn4">40</data>
      <data key="dn7">false</data>
    </node>
    <node id="98">
      <data key="dn0">[READING]</data>
      <data key="dn7">false</data>
      <data key="dn3">22</data>
      <data key="dn4">41</data>
      <data key="dn5">τῶν</data>
    </node>
    <node id="99">
      <data key="dn0">[READING]</data>
      <data key="dn5">βεβιωμένων</data>
      <data key="dn3">22</data>
      <data key="dn4">42</data>
      <data key="dn7">false</data>
    </node>
    <node id="100">
      <data key="dn0">[READING]</data>
      <data key="dn7">false</data>
      <data key="dn3">22</data>
      <data key="dn4">43</data>
      <data key="dn5">ὡς</data>
    </node>
    <node id="101">
      <data key="dn0">[READING]</data>
      <data key="dn7">false</data>
      <data key="dn3">22</data>
      <data key="dn4">44</data>
      <data key="dn5">φύλαξ</data>
    </node>
    <node id="102">
      <data key="dn0">[READING]</data>
      <data key="dn7">false</data>
      <data key="dn3">22</data>
      <data key="dn4">45</data>
      <data key="dn5">τῆς</data>
    </node>
    <node id="103">
      <data key="dn0">[READING]</data>
      <data key="dn5">ἐντολῆς</data>
      <data key="dn3">22</data>
      <data key="dn4">46</data>
      <data key="dn7">false</data>
    </node>
    <node id="104">
      <data key="dn0">[READING]</data>
      <data key="dn7">false</data>
      <data key="dn3">22</data>
      <data key="dn4">47</data>
      <data key="dn5">οὐ</data>
    </node>
    <node id="105">
      <data key="dn0">[READING]</data>
      <data key="dn5">κρίνεται·</data>
      <data key="dn3">22</data>
      <data key="dn4">48</data>
      <data key="dn7">false</data>
    </node>
    <node id="106">
      <data key="dn0">[READING]</data>
      <data key="dn7">false</data>
      <data key="dn3">22</data>
      <data key="dn4">49</data>
      <data key="dn5">εἰ</data>
    </node>
    <node id="107">
      <data key="dn0">[READING]</data>
      <data key="dn7">false</data>
      <data key="dn3">22</data>
      <data key="dn4">50</data>
      <data key="dn5">μὴ</data>
    </node>
    <node id="108">
      <data key="dn0">[READING]</data>
      <data key="dn7">false</data>
      <data key="dn3">22</data>
      <data key="dn4">51</data>
      <data key="dn5">τὸ</data>
    </node>
    <node id="109">
      <data key="dn0">[READING]</data>
      <data key="dn5">γενέσθαι</data>
      <data key="dn3">22</data>
      <data key="dn4">52</data>
      <data key="dn7">false</data>
    </node>
    <node id="110">
      <data key="dn0">[READING]</data>
      <data key="dn5">πιστόν,</data>
      <data key="dn3">22</data>
      <data key="dn4">53</data>
      <data key="dn7">false</data>
    </node>
    <node id="111">
      <data key="dn0">[READING]</data>
      <data key="dn5">εἰκότως</data>
      <data key="dn3">22</data>
      <data key="dn4">54</data>
      <data key="dn7">false</data>
    </node>
    <node id="112">
      <data key="dn0">[READING]</data>
      <data key="dn7">false</data>
      <data key="dn3">22</data>
      <data key="dn4">55</data>
      <data key="dn5">ὅταν</data>
    </node>
    <node id="113">
      <data key="dn0">[READING]</data>
      <data key="dn7">false</data>
      <data key="dn3">22</data>
      <data key="dn4">56</data>
      <data key="dn5">ἐν</data>
    </node>
    <node id="114">
      <data key="dn0">[READING]</data>
      <data key="dn5">ἁμαρτίαις</data>
      <data key="dn3">22</data>
      <data key="dn4">57</data>
      <data key="dn7">false</data>
    </node>
    <node id="115">
      <data key="dn0">[READING]</data>
      <data key="dn7">false</data>
      <data key="dn3">22</data>
      <data key="dn4">58</data>
      <data key="dn5">τίς</data>
    </node>
    <node id="116">
      <data key="dn0">[READING]</data>
      <data key="dn7">false</data>
      <data key="dn3">22</data>
      <data key="dn4">59</data>
      <data key="dn5">ὢν</data>
    </node>
    <node id="117">
      <data key="dn0">[READING]</data>
      <data key="dn5">οἰκονομῆται</data>
      <data key="dn3">22</data>
      <data key="dn4">60</data>
      <data key="dn7">false</data>
    </node>
    <node id="119">
      <data key="dn0">[READING]</data>
      <data key="dn7">false</data>
      <data key="dn3">22</data>
      <data key="dn4">61</data>
      <data key="dn5">ἐκ</data>
    </node>
    <node id="120">
      <data key="dn0">[READING]</data>
      <data key="dn7">false</data>
      <data key="dn3">22</data>
      <data key="dn4">62</data>
      <data key="dn5">τῆς</data>
    </node>
    <node id="121">
      <data key="dn0">[READING]</data>
      <data key="dn5">προνοίας</data>
      <data key="dn3">22</data>
      <data key="dn4">63</data>
      <data key="dn7">false</data>
    </node>
    <node id="122">
      <data key="dn0">[READING]</data>
      <data key="dn7">false</data>
      <data key="dn3">22</data>
      <data key="dn4">64</data>
      <data key="dn5">ἐν</data>
    </node>
    <node id="123">
      <data key="dn0">[READING]</data>
      <data key="dn5">συμφοραῖς,</data>
      <data key="dn3">22</data>
      <data key="dn4">65</data>
      <data key="dn7">false</data>
    </node>
    <node id="124">
      <data key="dn0">[READING]</data>
      <data key="dn7">false</data>
      <data key="dn3">22</data>
      <data key="dn4">66</data>
      <data key="dn5">ἐν</data>
    </node>
    <node id="125">
      <data key="dn0">[READING]</data>
      <data key="dn5">ἀνάγκαις,</data>
      <data key="dn3">22</data>
      <data key="dn4">67</data>
      <data key="dn7">false</data>
    </node>
    <node id="126">
      <data key="dn0">[READING]</data>
      <data key="dn7">false</data>
      <data key="dn3">22</data>
      <data key="dn4">68</data>
      <data key="dn5">ἐν</data>
    </node>
    <node id="127">
      <data key="dn0">[READING]</data>
      <data key="dn5">νόσοις</data>
      <data key="dn3">22</data>
      <data key="dn4">69</data>
      <data key="dn7">false</data>
    </node>
    <node id="128">
      <data key="dn0">[READING]</data>
      <data key="dn7">false</data>
      <data key="dn3">22</data>
      <data key="dn4">70</data>
      <data key="dn5">ὡς</data>
    </node>
    <node id="129">
      <data key="dn0">[READING]</data>
      <data key="dn7">false</data>
      <data key="dn3">22</data>
      <data key="dn4">71</data>
      <data key="dn5">οὐκ</data>
    </node>
    <node id="130">
      <data key="dn0">[READING]</data>
      <data key="dn7">false</data>
      <data key="dn3">22</data>
      <data key="dn4">72</data>
      <data key="dn5">οἶδε</data>
    </node>
    <node id="131">
      <data key="dn0">[READING]</data>
      <data key="dn7">false</data>
      <data key="dn3">22</data>
      <data key="dn4">73</data>
      <data key="dn5">γὰρ</data>
    </node>
    <node id="132">
      <data key="dn0">[READING]</data>
      <data key="dn7">false</data>
      <data key="dn3">22</data>
      <data key="dn4">74</data>
      <data key="dn5">διὰ</data>
    </node>
    <node id="133">
      <data key="dn0">[READING]</data>
      <data key="dn7">false</data>
      <data key="dn3">22</data>
      <data key="dn4">75</data>
      <data key="dn5">τῶν</data>
    </node>
    <node id="134">
      <data key="dn0">[READING]</data>
      <data key="dn5">τοιούτων</data>
      <data key="dn3">22</data>
      <data key="dn4">76</data>
      <data key="dn7">false</data>
    </node>
    <node id="135">
      <data key="dn0">[READING]</data>
      <data key="dn5">καθαίρει</data>
      <data key="dn3">22</data>
      <data key="dn4">77</data>
      <data key="dn7">false</data>
    </node>
    <node id="137">
      <data key="dn0">[READING]</data>
      <data key="dn5">αὐτὸν</data>
      <data key="dn3">22</data>
      <data key="dn4">78</data>
      <data key="dn7">false</data>
    </node>
    <node id="138">
      <data key="dn0">[READING]</data>
      <data key="dn3">22</data>
      <data key="dn4">79</data>
      <data key="dn5">ὁ</data>
      <data key="dn7">false</data>
    </node>
    <node id="139">
      <data key="dn0">[READING]</data>
      <data key="dn7">false</data>
      <data key="dn3">22</data>
      <data key="dn4">80</data>
      <data key="dn5">θεός</data>
    </node>
    <node id="141">
      <data key="dn0">[READING]</data>
      <data key="dn7">false</data>
      <data key="dn3">22</data>
      <data key="dn4">82</data>
      <data key="dn5">τῷ</data>
    </node>
    <node id="143">
      <data key="dn0">[READING]</data>
      <data key="dn7">false</data>
      <data key="dn3">22</data>
      <data key="dn4">83</data>
      <data key="dn5">ἐν</data>
    </node>
    <node id="145">
      <data key="dn0">[READING]</data>
      <data key="dn5">ἀπιστίᾳ</data>
      <data key="dn3">22</data>
      <data key="dn4">84</data>
      <data key="dn7">false</data>
    </node>
    <node id="146">
      <data key="dn0">[READING]</data>
      <data key="dn7">false</data>
      <data key="dn3">22</data>
      <data key="dn4">85</data>
      <data key="dn5">τὸν</data>
    </node>
    <node id="147">
      <data key="dn0">[READING]</data>
      <data key="dn7">false</data>
      <data key="dn3">22</data>
      <data key="dn4">86</data>
      <data key="dn5">βίον</data>
    </node>
    <node id="149">
      <data key="dn0">[READING]</data>
      <data key="dn5">κατακλύσαντι</data>
      <data key="dn3">22</data>
      <data key="dn4">87</data>
      <data key="dn7">false</data>
    </node>
    <node id="151">
      <data key="dn0">[READING]</data>
      <data key="dn7">false</data>
      <data key="dn3">22</data>
      <data key="dn4">88</data>
      <data key="dn5">οὔτε</data>
    </node>
    <node id="152">
      <data key="dn0">[READING]</data>
      <data key="dn5">ἐνταῦθα</data>
      <data key="dn3">22</data>
      <data key="dn4">89</data>
      <data key="dn7">false</data>
    </node>
    <node id="153">
      <data key="dn0">[READING]</data>
      <data key="dn7">false</data>
      <data key="dn3">22</data>
      <data key="dn4">90</data>
      <data key="dn5">οὔτε</data>
    </node>
    <node id="154">
      <data key="dn0">[READING]</data>
      <data key="dn7">false</data>
      <data key="dn3">22</data>
      <data key="dn4">91</data>
      <data key="dn5">ἐν</data>
    </node>
    <node id="155">
      <data key="dn0">[READING]</data>
      <data key="dn7">false</data>
      <data key="dn3">22</data>
      <data key="dn4">92</data>
      <data key="dn5">τῷ</data>
    </node>
    <node id="156">
      <data key="dn0">[READING]</data>
      <data key="dn5">μέλλοντι</data>
      <data key="dn3">22</data>
      <data key="dn4">93</data>
      <data key="dn7">false</data>
    </node>
    <node id="157">
      <data key="dn0">[READING]</data>
      <data key="dn5">ἀφεθήσεται</data>
      <data key="dn3">22</data>
      <data key="dn4">94</data>
      <data key="dn7">false</data>
    </node>
    <node id="158">
      <data key="dn0">[READING]</data>
      <data key="dn7">false</data>
      <data key="dn3">22</data>
      <data key="dn4">95</data>
      <data key="dn5">τῆς</data>
    </node>
    <node id="159">
      <data key="dn0">[READING]</data>
      <data key="dn5">ἀπιστίας</data>
      <data key="dn3">22</data>
      <data key="dn4">96</data>
      <data key="dn7">false</data>
    </node>
    <node id="160">
      <data key="dn0">[READING]</data>
      <data key="dn7">false</data>
      <data key="dn3">22</data>
      <data key="dn4">97</data>
      <data key="dn5">καὶ</data>
    </node>
    <node id="161">
      <data key="dn0">[READING]</data>
      <data key="dn5">ἀθεΐας</data>
      <data key="dn3">22</data>
      <data key="dn4">98</data>
      <data key="dn7">false</data>
    </node>
    <node id="162">
      <data key="dn0">[READING]</data>
      <data key="dn3">22</data>
      <data key="dn4">99</data>
      <data key="dn5">ἡ</data>
      <data key="dn7">false</data>
    </node>
    <node id="163">
      <data key="dn0">[READING]</data>
      <data key="dn5">ἁμαρτία.</data>
      <data key="dn3">22</data>
      <data key="dn4">100</data>
      <data key="dn7">false</data>
    </node>
    <node id="150">
      <data key="dn0">[READING]</data>
      <data key="dn5">καταλύσαντι</data>
      <data key="dn3">22</data>
      <data key="dn4">87</data>
      <data key="dn7">false</data>
    </node>
    <node id="148">
      <data key="dn0">[READING]</data>
      <data key="dn5">κατακλείσαντι</data>
      <data key="dn3">22</data>
      <data key="dn4">87</data>
      <data key="dn7">false</data>
    </node>
    <node id="144">
      <data key="dn0">[READING]</data>
      <data key="dn5">ἀπιστεία</data>
      <data key="dn3">22</data>
      <data key="dn4">84</data>
      <data key="dn7">false</data>
    </node>
    <node id="140">
      <data key="dn0">[READING]</data>
      <data key="dn7">false</data>
      <data key="dn3">22</data>
      <data key="dn4">81</data>
      <data key="dn5">οὖν</data>
    </node>
    <node id="142">
      <data key="dn0">[READING]</data>
      <data key="dn7">false</data>
      <data key="dn3">22</data>
      <data key="dn4">82</data>
      <data key="dn5">τῶν</data>
    </node>
    <node id="136">
      <data key="dn0">[READING]</data>
      <data key="dn5">καθεαυτὸν</data>
      <data key="dn3">22</data>
      <data key="dn4">77</data>
      <data key="dn7">false</data>
    </node>
    <node id="118">
      <data key="dn0">[READING]</data>
      <data key="dn5">οἰκονομεῖται</data>
      <data key="dn3">22</data>
      <data key="dn4">60</data>
      <data key="dn7">false</data>
    </node>
    <node id="57">
      <data key="dn0">[READING]</data>
      <data key="dn7">false</data>
      <data key="dn3">22</data>
      <data key="dn4">4</data>
      <data key="dn5">περὶ</data>
    </node>
    <node id="59">
      <data key="dn0">[READING]</data>
      <data key="dn7">false</data>
      <data key="dn3">22</data>
      <data key="dn4">6</data>
      <data key="dn5">τοῦ</data>
    </node>
    <node id="62">
      <data key="dn0">[READING]</data>
      <data key="dn5">ἁγίου</data>
      <data key="dn3">22</data>
      <data key="dn4">9</data>
      <data key="dn7">false</data>
    </node>
    <node id="63">
      <data key="dn0">[READING]</data>
      <data key="dn5">πνεύματος</data>
      <data key="dn3">22</data>
      <data key="dn4">10</data>
      <data key="dn7">false</data>
    </node>
    <node id="64">
      <data key="dn0">[READING]</data>
      <data key="dn5">βλασφημίας</data>
      <data key="dn3">22</data>
      <data key="dn4">11</data>
      <data key="dn7">false</data>
    </node>
    <node id="66">
      <data key="dn0">[READING]</data>
      <data key="dn5">ἀπορία</data>
      <data key="dn3">22</data>
      <data key="dn4">12</data>
      <data key="dn7">false</data>
    </node>
    <node id="67">
      <data key="dn0">[READING]</data>
      <data key="dn5">αὐτόθι</data>
      <data key="dn3">22</data>
      <data key="dn4">13</data>
      <data key="dn7">false</data>
    </node>
    <node id="70">
      <data key="dn0">[READING]</data>
      <data key="dn7">false</data>
      <data key="dn3">22</data>
      <data key="dn4">14</data>
      <data key="dn5">ἔχειν</data>
    </node>
    <node id="71">
      <data key="dn0">[READING]</data>
      <data key="dn7">false</data>
      <data key="dn3">22</data>
      <data key="dn4">15</data>
      <data key="dn5">τὴν</data>
    </node>
    <node id="72">
      <data key="dn0">[READING]</data>
      <data key="dn5">λύσιν·</data>
      <data key="dn3">22</data>
      <data key="dn4">16</data>
      <data key="dn7">false</data>
    </node>
    <node id="73">
      <data key="dn0">[READING]</data>
      <data key="dn3">22</data>
      <data key="dn4">17</data>
      <data key="dn5">ὁ</data>
      <data key="dn7">false</data>
    </node>
    <node id="74">
      <data key="dn0">[READING]</data>
      <data key="dn7">false</data>
      <data key="dn3">22</data>
      <data key="dn4">18</data>
      <data key="dn5">δὲ</data>
    </node>
    <node id="75">
      <data key="dn0">[READING]</data>
      <data key="dn5">δεύτερος</data>
      <data key="dn3">22</data>
      <data key="dn4">19</data>
      <data key="dn7">false</data>
    </node>
    <node id="76">
      <data key="dn0">[READING]</data>
      <data key="dn5">ἐστὶν</data>
      <data key="dn3">22</data>
      <data key="dn4">20</data>
      <data key="dn7">false</data>
    </node>
    <node id="77">
      <data key="dn0">[READING]</data>
      <data key="dn5">οὗτος·</data>
      <data key="dn3">22</data>
      <data key="dn4">21</data>
      <data key="dn7">false</data>
    </node>
    <node id="78">
      <data key="dn0">[READING]</data>
      <data key="dn7">false</data>
      <data key="dn3">22</data>
      <data key="dn4">22</data>
      <data key="dn5">ὅτάν</data>
    </node>
    <node id="79">
      <data key="dn0">[READING]</data>
      <data key="dn7">false</data>
      <data key="dn3">22</data>
      <data key="dn4">23</data>
      <data key="dn5">τις</data>
    </node>
    <node id="80">
      <data key="dn0">[READING]</data>
      <data key="dn7">false</data>
      <data key="dn3">22</data>
      <data key="dn4">24</data>
      <data key="dn5">ἐν</data>
    </node>
    <node id="81">
      <data key="dn0">[READING]</data>
      <data key="dn5">ἁμαρτίαις</data>
      <data key="dn3">22</data>
      <data key="dn4">25</data>
      <data key="dn7">false</data>
    </node>
    <node id="82">
      <data key="dn0">[READING]</data>
      <data key="dn5">ἐνεχόμενος,</data>
      <data key="dn3">22</data>
      <data key="dn4">26</data>
      <data key="dn7">false</data>
    </node>
    <node id="83">
      <data key="dn0">[READING]</data>
      <data key="dn5">ἀκούων</data>
      <data key="dn3">22</data>
      <data key="dn4">27</data>
      <data key="dn7">false</data>
    </node>
    <node id="84">
      <data key="dn0">[READING]</data>
      <data key="dn7">false</data>
      <data key="dn3">22</data>
      <data key="dn4">28</data>
      <data key="dn5">δὲ</data>
    </node>
    <node id="85">
      <data key="dn0">[READING]</data>
      <data key="dn7">false</data>
      <data key="dn3">22</data>
      <data key="dn4">29</data>
      <data key="dn5">τοῦ</data>
    </node>
    <node id="86">
      <data key="dn0">[READING]</data>
      <data key="dn5">κυρίου</data>
      <data key="dn3">22</data>
      <data key="dn4">30</data>
      <data key="dn7">false</data>
    </node>
    <node id="87">
      <data key="dn0">[READING]</data>
      <data key="dn5">λέγοντος</data>
      <data key="dn3">22</data>
      <data key="dn4">31</data>
      <data key="dn7">false</data>
    </node>
    <node id="88">
      <data key="dn0">[READING]</data>
      <data key="dn7">false</data>
      <data key="dn3">22</data>
      <data key="dn4">32</data>
      <data key="dn5">μὴ</data>
    </node>
    <node id="89">
      <data key="dn0">[READING]</data>
      <data key="dn5">κρίνετε</data>
      <data key="dn3">22</data>
      <data key="dn4">33</data>
      <data key="dn7">false</data>
    </node>
    <node id="91">
      <data key="dn0">[READING]</data>
      <data key="dn5">φοβούμενος</data>
      <data key="dn3">22</data>
      <data key="dn4">35</data>
      <data key="dn7">false</data>
    </node>
    <node id="92">
      <data key="dn0">[READING]</data>
      <data key="dn5">οὐδένα</data>
      <data key="dn3">22</data>
      <data key="dn4">36</data>
      <data key="dn7">false</data>
    </node>
    <node id="94">
      <data key="dn0">[READING]</data>
      <data key="dn7">false</data>
      <data key="dn3">22</data>
      <data key="dn4">37</data>
      <data key="dn5">κρίνῃ</data>
    </node>
    <node id="95">
      <data key="dn0">[READING]</data>
      <data key="dn7">false</data>
      <data key="dn3">22</data>
      <data key="dn4">38</data>
      <data key="dn5">ἐν</data>
    </node>
    <node id="96">
      <data key="dn0">[READING]</data>
      <data key="dn7">false</data>
      <data key="dn3">22</data>
      <data key="dn4">39</data>
      <data key="dn5">τῇ</data>
    </node>
    <node id="93">
      <data key="dn0">[READING]</data>
      <data key="dn5">κρίνει</data>
      <data key="dn3">22</data>
      <data key="dn4">37</data>
      <data key="dn7">false</data>
    </node>
    <node id="90">
      <data key="dn0">[READING]</data>
      <data key="dn5">κρίνεται</data>
      <data key="dn3">22</data>
      <data key="dn4">34</data>
      <data key="dn7">false</data>
    </node>
    <node id="69">
      <data key="dn0">[READING]</data>
      <data key="dn7">false</data>
      <data key="dn3">22</data>
      <data key="dn4">14</data>
      <data key="dn5">ἔχει</data>
    </node>
    <node id="68">
      <data key="dn0">[READING]</data>
      <data key="dn5">αὐτόθεν</data>
      <data key="dn3">22</data>
      <data key="dn4">13</data>
      <data key="dn7">false</data>
    </node>
    <node id="65">
      <data key="dn0">[READING]</data>
      <data key="dn5">βλασφημία</data>
      <data key="dn3">22</data>
      <data key="dn4">11</data>
      <data key="dn7">false</data>
    </node>
    <node id="60">
      <data key="dn0">[READING]</data>
      <data key="dn5">πνεύματος</data>
      <data key="dn3">22</data>
      <data key="dn4">7</data>
      <data key="dn7">false</data>
    </node>
    <node id="61">
      <data key="dn0">[READING]</data>
      <data key="dn7">false</data>
      <data key="dn3">22</data>
      <data key="dn4">8</data>
      <data key="dn5">τοῦ</data>
    </node>
    <node id="58">
      <data key="dn0">[READING]</data>
      <data key="dn7">false</data>
      <data key="dn3">22</data>
      <data key="dn4">5</data>
      <data key="dn5">τῆς</data>
    </node>
    <node id="56">
      <data key="dn0">[READING]</data>
      <data key="dn3">22</data>
      <data key="dn4">3</data>
      <data key="dn5">Ἡ</data>
      <data key="dn7">false</data>
    </node>
    <node id="54">
      <data key="dn0">[READING]</data>
      <data key="dn5">Μαξίμου</data>
      <data key="dn3">22</data>
      <data key="dn4">1</data>
      <data key="dn7">false</data>
    </node>
    <node id="55">
      <data key="dn0">[READING]</data>
      <data key="dn7">false</data>
      <data key="dn3">22</data>
      <data key="dn4">2</data>
      <data key="dn5">ἁγίου</data>
    </node>
    <edge id="2" source="22" target="41">
      <data key="de0">HAS_END</data>
    </edge>
    <edge id="1" source="22" target="40">
      <data key="de0">COLLATION</data>
    </edge>
    <edge id="93" source="1001" target="97">
      <data key="de0">SEQUENCE</data>
      <data key="de1">[G]</data>
    </edge>
    <edge id="1100" source="40" target="1001">
      <data key="de0">SEQUENCE</data>
      <data key="de1">[G]</data>
    </edge> 
    <edge id="94" source="97" target="98">
      <data key="de0">SEQUENCE</data>
      <data key="de1">[A, C, D, E, F, G, H, K, P, Q, S, T]</data>
    </edge>
    <edge id="95" source="98" target="99">
      <data key="de0">SEQUENCE</data>
      <data key="de1">[A, C, D, E, F, G, H, K, P, Q, S, T]</data>
    </edge>
    <edge id="96" source="99" target="100">
      <data key="de0">SEQUENCE</data>
      <data key="de1">[A, C, D, E, F, G, H, K, P, Q, S, T]</data>
    </edge>
    <edge id="97" source="100" target="101">
      <data key="de0">SEQUENCE</data>
      <data key="de1">[A, C, D, E, F, G, H, K, P, Q, S, T]</data>
    </edge>
    <edge id="98" source="101" target="102">
      <data key="de0">SEQUENCE</data>
      <data key="de1">[A, C, D, E, F, G, H, K, P, Q, S, T]</data>
    </edge>
    <edge id="99" source="102" target="103">
      <data key="de0">SEQUENCE</data>
      <data key="de1">[A, C, D, E, F, G, H, K, P, Q, S, T]</data>
    </edge>
    <edge id="100" source="103" target="104">
      <data key="de0">SEQUENCE</data>
      <data key="de1">[A, C, D, E, F, G, H, K, P, Q, S, T]</data>
    </edge>
    <edge id="101" source="104" target="105">
      <data key="de0">SEQUENCE</data>
      <data key="de1">[A, C, D, E, F, G, H, K, P, Q, S, T]</data>
    </edge>
    <edge id="102" source="105" target="106">
      <data key="de0">SEQUENCE</data>
      <data key="de1">[A, C, D, E, F, G, H, K, P, Q, S, T]</data>
    </edge>
    <edge id="103" source="106" target="107">
      <data key="de0">SEQUENCE</data>
      <data key="de1">[A, C, D, E, F, G, H, K, P, Q, S, T]</data>
    </edge>
    <edge id="104" source="107" target="108">
      <data key="de0">SEQUENCE</data>
      <data key="de1">[A, C, D, E, F, G, H, K, P, Q, S, T]</data>
    </edge>
    <edge id="105" source="108" target="109">
      <data key="de0">SEQUENCE</data>
      <data key="de1">[A, C, D, E, F, G, H, K, P, Q, S, T]</data>
    </edge>
    <edge id="106" source="109" target="110">
      <data key="de0">SEQUENCE</data>
      <data key="de1">[A, C, D, E, F, G, H, K, P, Q, S, T]</data>
    </edge>
    <edge id="107" source="110" target="111">
      <data key="de0">SEQUENCE</data>
      <data key="de1">[A, C, D, E, F, G, H, K, P, Q, S, T]</data>
    </edge>
    <edge id="108" source="111" target="112">
      <data key="de0">SEQUENCE</data>
      <data key="de1">[A, C, D, E, F, G, H, K, P, Q, S, T]</data>
    </edge>
    <edge id="109" source="112" target="113">
      <data key="de0">SEQUENCE</data>
      <data key="de1">[A, C, D, E, F, G, H, K, P, Q, S, T]</data>
    </edge>
    <edge id="110" source="113" target="114">
      <data key="de0">SEQUENCE</data>
      <data key="de1">[A, C, D, E, F, G, H, K, P, Q, S, T]</data>
    </edge>
    <edge id="111" source="114" target="115">
      <data key="de0">SEQUENCE</data>
      <data key="de1">[A, C, D, E, F, G, H, K, P, Q, S, T]</data>
    </edge>
    <edge id="112" source="115" target="116">
      <data key="de0">SEQUENCE</data>
      <data key="de1">[A, C, D, E, F, G, H, K, P, Q, S, T]</data>
    </edge>
    <edge id="113" source="116" target="117">
      <data key="de0">SEQUENCE</data>
      <data key="de1">[A, C, K, P, Q]</data>
    </edge>
    <edge id="115" source="117" target="119">
      <data key="de0">SEQUENCE</data>
      <data key="de1">[A, C, K, P, Q]</data>
    </edge>
    <edge id="117" source="119" target="120">
      <data key="de0">SEQUENCE</data>
      <data key="de1">[A, C, D, E, F, G, H, K, P, Q, S, T]</data>
    </edge>
    <edge id="118" source="120" target="121">
      <data key="de0">SEQUENCE</data>
      <data key="de1">[A, C, D, E, F, G, H, K, P, Q, S, T]</data>
    </edge>
    <edge id="119" source="121" target="122">
      <data key="de0">SEQUENCE</data>
      <data key="de1">[A, C, D, E, F, G, H, K, P, Q, S, T]</data>
    </edge>
    <edge id="120" source="122" target="123">
      <data key="de0">SEQUENCE</data>
      <data key="de1">[A, C, D, E, F, G, H, K, P, Q, S, T]</data>
    </edge>
    <edge id="121" source="123" target="124">
      <data key="de0">SEQUENCE</data>
      <data key="de1">[A, C, D, E, F, G, H, K, P, Q, S, T]</data>
    </edge>
    <edge id="122" source="124" target="125">
      <data key="de0">SEQUENCE</data>
      <data key="de1">[A, C, D, E, F, G, H, K, P, Q, S, T]</data>
    </edge>
    <edge id="123" source="125" target="126">
      <data key="de0">SEQUENCE</data>
      <data key="de1">[A, C, D, E, F, G, H, K, P, Q, S, T]</data>
    </edge>
    <edge id="124" source="126" target="127">
      <data key="de0">SEQUENCE</data>
      <data key="de1">[A, C, D, E, F, G, H, K, P, Q, S, T]</data>
    </edge>
    <edge id="125" source="127" target="128">
      <data key="de0">SEQUENCE</data>
      <data key="de1">[A, C, D, E, F, G, H, K, P, Q, S, T]</data>
    </edge>
    <edge id="126" source="128" target="129">
      <data key="de0">SEQUENCE</data>
      <data key="de1">[A, C, D, E, F, G, H, K, P, Q, S, T]</data>
    </edge>
    <edge id="127" source="129" target="130">
      <data key="de0">SEQUENCE</data>
      <data key="de1">[A, C, D, E, F, G, H, K, P, Q, S, T]</data>
    </edge>
    <edge id="128" source="130" target="131">
      <data key="de0">SEQUENCE</data>
      <data key="de1">[A, C, D, E, F, G, H, K, P, Q, S, T]</data>
    </edge>
    <edge id="129" source="131" target="132">
      <data key="de0">SEQUENCE</data>
      <data key="de1">[A, C, D, E, F, G, H, K, P, Q, S, T]</data>
    </edge>
    <edge id="130" source="132" target="133">
      <data key="de0">SEQUENCE</data>
      <data key="de1">[A, C, D, E, F, G, H, K, P, Q, S, T]</data>
    </edge>
    <edge id="131" source="133" target="134">
      <data key="de0">SEQUENCE</data>
      <data key="de1">[A, C, D, E, F, G, H, K, P, Q, S, T]</data>
    </edge>
    <edge id="132" source="134" target="135">
      <data key="de0">SEQUENCE</data>
      <data key="de1">[A, C, D, E, F, G, H, K, P, Q, T]</data>
    </edge>
    <edge id="134" source="135" target="137">
      <data key="de0">SEQUENCE</data>
      <data key="de1">[A, C, D, E, F, G, H, K, P, Q, T]</data>
    </edge>
    <edge id="135" source="137" target="138">
      <data key="de0">SEQUENCE</data>
      <data key="de1">[A, C, D, E, F, G, H, K, P, Q, T]</data>
    </edge>
    <edge id="137" source="138" target="139">
      <data key="de0">SEQUENCE</data>
      <data key="de1">[A, C, D, E, F, G, H, K, P, Q, S, T]</data>
    </edge>
    <edge id="140" source="139" target="141">
      <data key="de0">SEQUENCE</data>
      <data key="de1">[E, G]</data>
    </edge>
    <edge id="142" source="141" target="143">
      <data key="de0">SEQUENCE</data>
      <data key="de1">[A, C, D, E, F, G, H, P, Q, S, T]</data>
    </edge>
    <edge id="145" source="143" target="145">
      <data key="de0">SEQUENCE</data>
      <data key="de1">[C, E, F, G, H, K, Q, S, T]</data>
    </edge>
    <edge id="147" source="145" target="146">
      <data key="de0">SEQUENCE</data>
      <data key="de1">[C, E, F, G, H, K, Q, S, T]</data>
    </edge>
    <edge id="148" source="146" target="147">
      <data key="de0">SEQUENCE</data>
      <data key="de1">[A, C, D, E, F, G, H, K, P, Q, S, T]</data>
    </edge>
    <edge id="150" source="147" target="149">
      <data key="de0">SEQUENCE</data>
      <data key="de1">[E, G]</data>
    </edge>
    <edge id="153" source="149" target="151">
      <data key="de0">SEQUENCE</data>
      <data key="de1">[E, G]</data>
    </edge>
    <edge id="155" source="151" target="152">
      <data key="de0">SEQUENCE</data>
      <data key="de1">[A, C, D, E, F, G, H, K, P, Q, S, T]</data>
    </edge>
    <edge id="156" source="152" target="153">
      <data key="de0">SEQUENCE</data>
      <data key="de1">[A, C, D, E, F, G, H, K, P, Q, S, T]</data>
    </edge>
    <edge id="157" source="153" target="154">
      <data key="de0">SEQUENCE</data>
      <data key="de1">[A, C, D, E, F, G, H, K, P, Q, S, T]</data>
    </edge>
    <edge id="158" source="154" target="155">
      <data key="de0">SEQUENCE</data>
      <data key="de1">[A, C, D, E, F, G, H, K, P, Q, S, T]</data>
    </edge>
    <edge id="159" source="155" target="156">
      <data key="de0">SEQUENCE</data>
      <data key="de1">[A, C, D, E, F, G, H, K, P, Q, S, T]</data>
    </edge>
    <edge id="160" source="156" target="157">
      <data key="de0">SEQUENCE</data>
      <data key="de1">[A, C, D, E, F, G, H, K, P, Q, S, T]</data>
    </edge>
    <edge id="161" source="157" target="158">
      <data key="de0">SEQUENCE</data>
      <data key="de1">[A, C, D, E, F, G, H, K, P, Q, S, T]</data>
    </edge>
    <edge id="162" source="158" target="159">
      <data key="de0">SEQUENCE</data>
      <data key="de1">[A, C, D, E, F, G, H, K, P, Q, S, T]</data>
    </edge>
    <edge id="163" source="159" target="160">
      <data key="de0">SEQUENCE</data>
      <data key="de1">[A, C, D, E, F, G, H, K, P, Q, S, T]</data>
    </edge>
    <edge id="164" source="160" target="161">
      <data key="de0">SEQUENCE</data>
      <data key="de1">[A, C, D, E, F, G, H, K, P, Q, S, T]</data>
    </edge>
    <edge id="165" source="161" target="162">
      <data key="de0">SEQUENCE</data>
      <data key="de1">[A, C, D, E, F, G, H, K, P, Q, S, T]</data>
    </edge>
    <edge id="166" source="162" target="163">
      <data key="de0">SEQUENCE</data>
      <data key="de1">[A, C, D, E, F, G, H, K, P, Q, S, T]</data>
    </edge>
    <edge id="167" source="163" target="41">
      <data key="de0">SEQUENCE</data>
      <data key="de1">[P, A, Q, C, S, D, T, E, F, G, H, K]</data>
    </edge>
    <edge id="151" source="147" target="150">
      <data key="de0">SEQUENCE</data>
      <data key="de1">[F, Q]</data>
    </edge>
    <edge id="154" source="150" target="151">
      <data key="de0">SEQUENCE</data>
      <data key="de1">[F, Q]</data>
    </edge>
    <edge id="149" source="147" target="148">
      <data key="de0">SEQUENCE</data>
      <data key="de1">[A, C, D, H, K, P, S, T]</data>
    </edge>
    <edge id="152" source="148" target="151">
      <data key="de0">SEQUENCE</data>
      <data key="de1">[A, C, D, H, K, P, S, T]</data>
    </edge>
    <edge id="144" source="143" target="144">
      <data key="de0">SEQUENCE</data>
      <data key="de1">[A, D, P]</data>
    </edge>
    <edge id="146" source="144" target="146">
      <data key="de0">SEQUENCE</data>
      <data key="de1">[A, D, P]</data>
    </edge>
    <edge id="138" source="139" target="140">
      <data key="de0">SEQUENCE</data>
      <data key="de1">[A, C, D, F, H, P, Q, S, T]</data>
    </edge>
    <edge id="139" source="140" target="141">
      <data key="de0">SEQUENCE</data>
      <data key="de1">[A, C, D, F, H, P, Q, S, T]</data>
    </edge>
    <edge id="141" source="139" target="142">
      <data key="de0">SEQUENCE</data>
      <data key="de1">[K]</data>
    </edge>
    <edge id="143" source="142" target="143">
      <data key="de0">SEQUENCE</data>
      <data key="de1">[K]</data>
    </edge>
    <edge id="133" source="134" target="136">
      <data key="de0">SEQUENCE</data>
      <data key="de1">[S]</data>
    </edge>
    <edge id="136" source="136" target="138">
      <data key="de0">SEQUENCE</data>
      <data key="de1">[S]</data>
    </edge>
    <edge id="114" source="116" target="118">
      <data key="de0">SEQUENCE</data>
      <data key="de1">[D, E, F, G, H, S, T]</data>
    </edge>
    <edge id="116" source="118" target="119">
      <data key="de0">SEQUENCE</data>
      <data key="de1">[D, E, F, G, H, S, T]</data>
    </edge>
    <edge id="41" source="40" target="57">
      <data key="de0">SEQUENCE</data>
      <data key="de1">[C]</data>
    </edge>
    <edge id="45" source="57" target="59">
      <data key="de0">SEQUENCE</data>
      <data key="de1">[H, Q]</data>
    </edge>
    <edge id="49" source="59" target="62">
      <data key="de0">SEQUENCE</data>
      <data key="de1">[D, P, Q, S]</data>
    </edge>
    <edge id="50" source="62" target="63">
      <data key="de0">SEQUENCE</data>
      <data key="de1">[D, P, Q, S]</data>
    </edge>
    <edge id="52" source="63" target="64">
      <data key="de0">SEQUENCE</data>
      <data key="de1">[D, P, S]</data>
    </edge>
    <edge id="54" source="64" target="66">
      <data key="de0">SEQUENCE</data>
      <data key="de1">[A, C, D, E, F, H, K, P, S, T]</data>
    </edge>
    <edge id="55" source="66" target="67">
      <data key="de0">SEQUENCE</data>
      <data key="de1">[A, C, D, F, H, P, S, T]</data>
    </edge>
    <edge id="60" source="67" target="70">
      <data key="de0">SEQUENCE</data>
      <data key="de1">[P]</data>
    </edge>
    <edge id="62" source="70" target="71">
      <data key="de0">SEQUENCE</data>
      <data key="de1">[P]</data>
    </edge>
    <edge id="63" source="71" target="72">
      <data key="de0">SEQUENCE</data>
      <data key="de1">[A, C, D, E, F, H, K, P, Q, S, T]</data>
    </edge>
    <edge id="64" source="72" target="73">
      <data key="de0">SEQUENCE</data>
      <data key="de1">[A, C, D, E, F, H, K, P, Q, S, T]</data>
    </edge>
    <edge id="65" source="73" target="74">
      <data key="de0">SEQUENCE</data>
      <data key="de1">[A, C, D, E, F, H, K, P, Q, S, T]</data>
    </edge>
    <edge id="66" source="74" target="75">
      <data key="de0">SEQUENCE</data>
      <data key="de1">[A, C, D, E, F, H, K, P, Q, S, T]</data>
    </edge>
    <edge id="67" source="75" target="76">
      <data key="de0">SEQUENCE</data>
      <data key="de1">[A, C, D, E, F, H, K, P, Q, S, T]</data>
    </edge>
    <edge id="68" source="76" target="77">
      <data key="de0">SEQUENCE</data>
      <data key="de1">[A, C, D, E, F, H, K, P, Q, S, T]</data>
    </edge>
    <edge id="69" source="77" target="78">
      <data key="de0">SEQUENCE</data>
      <data key="de1">[A, C, D, E, F, H, K, P, Q, S, T]</data>
    </edge>
    <edge id="70" source="78" target="79">
      <data key="de0">SEQUENCE</data>
      <data key="de1">[A, C, D, E, H, K, P, Q, S, T]</data>
    </edge>
    <edge id="71" source="79" target="80">
      <data key="de0">SEQUENCE</data>
      <data key="de1">[A, C, D, E, H, K, P, Q, S, T]</data>
    </edge>
    <edge id="73" source="80" target="81">
      <data key="de0">SEQUENCE</data>
      <data key="de1">[A, C, D, E, F, H, K, P, Q, S, T]</data>
    </edge>
    <edge id="74" source="81" target="82">
      <data key="de0">SEQUENCE</data>
      <data key="de1">[A, C, D, E, F, H, K, P, Q, S, T]</data>
    </edge>
    <edge id="75" source="82" target="83">
      <data key="de0">SEQUENCE</data>
      <data key="de1">[A, C, D, E, F, H, K, P, Q, S, T]</data>
    </edge>
    <edge id="76" source="83" target="84">
      <data key="de0">SEQUENCE</data>
      <data key="de1">[A, C, D, E, F, H, K, P, Q, S, T]</data>
    </edge>
    <edge id="77" source="84" target="85">
      <data key="de0">SEQUENCE</data>
      <data key="de1">[A, C, D, E, F, H, K, P, Q, S, T]</data>
    </edge>
    <edge id="78" source="85" target="86">
      <data key="de0">SEQUENCE</data>
      <data key="de1">[A, C, D, E, F, H, K, P, Q, S, T]</data>
    </edge>
    <edge id="79" source="86" target="87">
      <data key="de0">SEQUENCE</data>
      <data key="de1">[A, C, D, E, F, H, K, P, Q, S, T]</data>
    </edge>
    <edge id="80" source="87" target="88">
      <data key="de0">SEQUENCE</data>
      <data key="de1">[A, C, D, E, F, H, K, P, Q, S, T]</data>
    </edge>
    <edge id="81" source="88" target="89">
      <data key="de0">SEQUENCE</data>
      <data key="de1">[C, E, F, H, K, P, Q, S]</data>
    </edge>
    <edge id="85" source="89" target="91">
      <data key="de0">SEQUENCE</data>
      <data key="de1">[C, E, F, K, P, Q, S]</data>
    </edge>
    <edge id="86" source="91" target="92">
      <data key="de0">SEQUENCE</data>
      <data key="de1">[A, C, D, E, F, H, K, P, Q, S, T]</data>
    </edge>
    <edge id="88" source="92" target="94">
      <data key="de0">SEQUENCE</data>
      <data key="de1">[C, P, Q, S]</data>
    </edge>
    <edge id="90" source="94" target="95">
      <data key="de0">SEQUENCE</data>
      <data key="de1">[C, P, Q, S]</data>
    </edge>
    <edge id="91" source="95" target="96">
      <data key="de0">SEQUENCE</data>
      <data key="de1">[A, C, D, E, F, H, K, P, Q, S, T]</data>
    </edge>
    <edge id="92" source="96" target="97">
      <data key="de0">SEQUENCE</data>
      <data key="de1">[A, C, D, E, F, H, K, P, Q, S, T]</data>
    </edge>
    <edge id="87" source="92" target="93">
      <data key="de0">SEQUENCE</data>
      <data key="de1">[A, D, E, F, H, K, T]</data>
    </edge>
    <edge id="89" source="93" target="95">
      <data key="de0">SEQUENCE</data>
      <data key="de1">[A, D, E, F, H, K, T]</data>
    </edge>
    <edge id="83" source="89" target="90">
      <data key="de0">SEQUENCE</data>
      <data key="de1">[H]</data>
    </edge>
    <edge id="84" source="90" target="91">
      <data key="de0">SEQUENCE</data>
      <data key="de1">[A, D, H, T]</data>
    </edge>
    <edge id="82" source="88" target="90">
      <data key="de0">SEQUENCE</data>
      <data key="de1">[A, D, T]</data>
    </edge>
    <edge id="72" source="78" target="80">
      <data key="de0">SEQUENCE</data>
      <data key="de1">[F]</data>
    </edge>
    <edge id="58" source="67" target="69">
      <data key="de0">SEQUENCE</data>
      <data key="de1">[A, C, D, F, H, S, T]</data>
    </edge>
    <edge id="61" source="69" target="71">
      <data key="de0">SEQUENCE</data>
      <data key="de1">[A, C, D, E, F, H, K, Q, S, T]</data>
    </edge>
    <edge id="56" source="66" target="68">
      <data key="de0">SEQUENCE</data>
      <data key="de1">[E, K]</data>
    </edge>
    <edge id="59" source="68" target="69">
      <data key="de0">SEQUENCE</data>
      <data key="de1">[E, K, Q]</data>
    </edge>
    <edge id="53" source="63" target="65">
      <data key="de0">SEQUENCE</data>
      <data key="de1">[Q]</data>
    </edge>
    <edge id="57" source="65" target="68">
      <data key="de0">SEQUENCE</data>
      <data key="de1">[Q]</data>
    </edge>
    <edge id="51" source="62" target="64">
      <data key="de0">SEQUENCE</data>
      <data key="de1">[A, C, E, F, H, K, T]</data>
    </edge>
    <edge id="46" source="59" target="60">
      <data key="de0">SEQUENCE</data>
      <data key="de1">[A, C, E, F, H, K, T]</data>
    </edge>
    <edge id="47" source="60" target="61">
      <data key="de0">SEQUENCE</data>
      <data key="de1">[A, C, E, F, H, K, T]</data>
    </edge>
    <edge id="48" source="61" target="62">
      <data key="de0">SEQUENCE</data>
      <data key="de1">[A, C, E, F, H, K, T]</data>
    </edge>
    <edge id="43" source="57" target="58">
      <data key="de0">SEQUENCE</data>
      <data key="de1">[A, C, D, E, F, K, P, S, T]</data>
    </edge>
    <edge id="44" source="58" target="59">
      <data key="de0">SEQUENCE</data>
      <data key="de1">[A, C, D, E, F, K, P, S, T]</data>
    </edge>
    <edge id="18" source="40" target="56">
      <data key="de0">SEQUENCE</data>
      <data key="de1">[D, E, Q, T]</data>
    </edge>
    <edge id="40" source="56" target="57">
      <data key="de0">SEQUENCE</data>
      <data key="de1">[A, D, E, F, H, K, Q, S, T]</data>
    </edge>
    <edge id="15" source="40" target="54">
      <data key="de0">SEQUENCE</data>
      <data key="de1">[A, F, H, K, P, S]</data>
    </edge>
    <edge id="42" source="54" target="57">
      <data key="de0">SEQUENCE</data>
      <data key="de1">[P]</data>
    </edge>
    <edge id="17" source="54" target="56">
      <data key="de0">SEQUENCE</data>
      <data key="de1">[A, K, S]</data>
    </edge>
    <edge id="16" source="54" target="55">
      <data key="de0">SEQUENCE</data>
      <data key="de1">[F, H]</data>
    </edge>
    <edge id="19" source="55" target="56">
      <data key="de0">SEQUENCE</data>
      <data key="de1">[F, H]</data>
    </edge>
  </graph>
</graphml>
