<?xml version='1.0' encoding='UTF-8'?>
<graphml xmlns="http://graphml.graphdrawing.org/xmlns" xmlns:xsi="http://www.w3.org/2001/XMLSchema-instance" xsi:schemaLocation="http://graphml.graphdrawing.org/xmlns http://graphml.graphdrawing.org/xmlns/1.0/graphml.xsd">
  <key attr.name="is_start" attr.type="boolean" for="node" id="dn6"/>
  <key attr.name="section_id" attr.type="long" for="node" id="dn3"/>
  <key attr.name="is_common" attr.type="boolean" for="node" id="dn7"/>
  <key attr.name="name" attr.type="string" for="node" id="dn1"/>
  <key attr.name="is_end" attr.type="boolean" for="node" id="dn2"/>
  <key attr.name="rank" attr.type="long" for="node" id="dn4"/>
  <key attr.name="text" attr.type="string" for="node" id="dn5"/>
  <key attr.name="neolabel" attr.type="string" for="node" id="dn0"/>
  <key attr.name="neolabel" attr.type="string" for="edge" id="de0"/>
  <key attr.name="witnesses" attr.type="stringarray" for="edge" id="de1"/>
  <graph id="243" edgedefault="directed" parse.edgeids="canonical" parse.edges="87" parse.nodeids="canonical" parse.nodes="88" parse.order="nodesfirst">
    <node id="243">
      <data key="dn0">[SECTION]</data>
      <data key="dn1">part 2</data>
    </node>
    <node id="245">
      <data key="dn0">[READING]</data>
      <data key="dn2">true</data>
      <data key="dn3">243</data>
      <data key="dn4">65</data>
      <data key="dn5">#END#</data>
    </node>
    <node id="244">
      <data key="dn0">[READING]</data>
      <data key="dn5">#START#</data>
      <data key="dn6">true</data>
      <data key="dn3">243</data>
      <data key="dn4">0</data>
    </node>
    <node id="246">
      <data key="dn0">[READING]</data>
      <data key="dn7">true</data>
      <data key="dn3">243</data>
      <data key="dn4">1</data>
      <data key="dn5">Ὄψις</data>
    </node>
    <node id="247">
      <data key="dn0">[READING]</data>
      <data key="dn5">γυναικὸς</data>
      <data key="dn3">243</data>
      <data key="dn4">2</data>
      <data key="dn7">false</data>
    </node>
    <node id="250">
      <data key="dn0">[READING]</data>
      <data key="dn7">false</data>
      <data key="dn3">243</data>
      <data key="dn4">4</data>
      <data key="dn5">μέλος</data>
    </node>
    <node id="251">
      <data key="dn0">[READING]</data>
      <data key="dn7">false</data>
      <data key="dn3">243</data>
      <data key="dn4">5</data>
      <data key="dn5">ἐστὶ</data>
    </node>
    <node id="253">
      <data key="dn0">[READING]</data>
      <data key="dn5">ἔτρωσε</data>
      <data key="dn3">243</data>
      <data key="dn4">7</data>
      <data key="dn7">false</data>
    </node>
    <node id="254">
      <data key="dn0">[READING]</data>
      <data key="dn7">false</data>
      <data key="dn3">243</data>
      <data key="dn4">8</data>
      <data key="dn5">τὴν</data>
    </node>
    <node id="255">
      <data key="dn0">[READING]</data>
      <data key="dn5">ψυχὴν,</data>
      <data key="dn3">243</data>
      <data key="dn4">9</data>
      <data key="dn7">false</data>
    </node>
    <node id="256">
      <data key="dn0">[READING]</data>
      <data key="dn7">false</data>
      <data key="dn3">243</data>
      <data key="dn4">10</data>
      <data key="dn5">καὶ</data>
    </node>
    <node id="257">
      <data key="dn0">[READING]</data>
      <data key="dn7">false</data>
      <data key="dn3">243</data>
      <data key="dn4">11</data>
      <data key="dn5">τὸν</data>
    </node>
    <node id="258">
      <data key="dn0">[READING]</data>
      <data key="dn7">false</data>
      <data key="dn3">243</data>
      <data key="dn4">12</data>
      <data key="dn5">ἰὸν</data>
    </node>
    <node id="259">
      <data key="dn0">[READING]</data>
      <data key="dn5">ἐναπέθετο,</data>
      <data key="dn3">243</data>
      <data key="dn4">13</data>
      <data key="dn7">false</data>
    </node>
    <node id="260">
      <data key="dn0">[READING]</data>
      <data key="dn7">false</data>
      <data key="dn3">243</data>
      <data key="dn4">14</data>
      <data key="dn5">καὶ</data>
    </node>
    <node id="261">
      <data key="dn0">[READING]</data>
      <data key="dn7">false</data>
      <data key="dn3">243</data>
      <data key="dn4">15</data>
      <data key="dn5">ὅσον</data>
    </node>
    <node id="262">
      <data key="dn0">[READING]</data>
      <data key="dn5">χρονίζει,</data>
      <data key="dn3">243</data>
      <data key="dn4">16</data>
      <data key="dn7">false</data>
    </node>
    <node id="263">
      <data key="dn0">[READING]</data>
      <data key="dn5">πλείονα</data>
      <data key="dn3">243</data>
      <data key="dn4">17</data>
      <data key="dn7">false</data>
    </node>
    <node id="264">
      <data key="dn0">[READING]</data>
      <data key="dn7">false</data>
      <data key="dn3">243</data>
      <data key="dn4">18</data>
      <data key="dn5">τὴν</data>
    </node>
    <node id="265">
      <data key="dn0">[READING]</data>
      <data key="dn7">false</data>
      <data key="dn3">243</data>
      <data key="dn4">19</data>
      <data key="dn5">σῆψιν</data>
    </node>
    <node id="266">
      <data key="dn0">[READING]</data>
      <data key="dn5">ἐργάζεται.</data>
      <data key="dn3">243</data>
      <data key="dn4">20</data>
      <data key="dn7">false</data>
    </node>
    <node id="267">
      <data key="dn0">[READING]</data>
      <data key="dn5">βέλτιον</data>
      <data key="dn3">243</data>
      <data key="dn4">21</data>
      <data key="dn7">false</data>
    </node>
    <node id="268">
      <data key="dn0">[READING]</data>
      <data key="dn7">false</data>
      <data key="dn3">243</data>
      <data key="dn4">22</data>
      <data key="dn5">γὰρ</data>
    </node>
    <node id="269">
      <data key="dn0">[READING]</data>
      <data key="dn7">false</data>
      <data key="dn3">243</data>
      <data key="dn4">23</data>
      <data key="dn5">οἴκοι</data>
    </node>
    <node id="270">
      <data key="dn0">[READING]</data>
      <data key="dn5">μένοντα</data>
      <data key="dn3">243</data>
      <data key="dn4">24</data>
      <data key="dn7">false</data>
    </node>
    <node id="271">
      <data key="dn0">[READING]</data>
      <data key="dn5">σχολάζειν</data>
      <data key="dn3">243</data>
      <data key="dn4">25</data>
      <data key="dn7">false</data>
    </node>
    <node id="272">
      <data key="dn0">[READING]</data>
      <data key="dn5">διηνεκῶς</data>
      <data key="dn3">243</data>
      <data key="dn4">26</data>
      <data key="dn7">false</data>
    </node>
    <node id="273">
      <data key="dn0">[READING]</data>
      <data key="dn7">false</data>
      <data key="dn3">243</data>
      <data key="dn4">27</data>
      <data key="dn5">τῇ</data>
    </node>
    <node id="274">
      <data key="dn0">[READING]</data>
      <data key="dn5">προσευχῇ,</data>
      <data key="dn3">243</data>
      <data key="dn4">28</data>
      <data key="dn7">false</data>
    </node>
    <node id="275">
      <data key="dn0">[READING]</data>
      <data key="dn3">243</data>
      <data key="dn4">29</data>
      <data key="dn5">ἢ</data>
      <data key="dn7">false</data>
    </node>
    <node id="276">
      <data key="dn0">[READING]</data>
      <data key="dn7">false</data>
      <data key="dn3">243</data>
      <data key="dn4">30</data>
      <data key="dn5">διὰ</data>
    </node>
    <node id="277">
      <data key="dn0">[READING]</data>
      <data key="dn7">false</data>
      <data key="dn3">243</data>
      <data key="dn4">31</data>
      <data key="dn5">τοῦ</data>
    </node>
    <node id="278">
      <data key="dn0">[READING]</data>
      <data key="dn7">false</data>
      <data key="dn3">243</data>
      <data key="dn4">32</data>
      <data key="dn5">τιμᾶν</data>
    </node>
    <node id="279">
      <data key="dn0">[READING]</data>
      <data key="dn7">false</data>
      <data key="dn3">243</data>
      <data key="dn4">33</data>
      <data key="dn5">τὰς</data>
    </node>
    <node id="280">
      <data key="dn0">[READING]</data>
      <data key="dn5">ἑορτὰς</data>
      <data key="dn3">243</data>
      <data key="dn4">34</data>
      <data key="dn7">false</data>
    </node>
    <node id="282">
      <data key="dn0">[READING]</data>
      <data key="dn5">παρανάλωμα</data>
      <data key="dn3">243</data>
      <data key="dn4">35</data>
      <data key="dn7">false</data>
    </node>
    <node id="283">
      <data key="dn0">[READING]</data>
      <data key="dn5">γίνεσθαι</data>
      <data key="dn3">243</data>
      <data key="dn4">36</data>
      <data key="dn7">false</data>
    </node>
    <node id="285">
      <data key="dn0">[READING]</data>
      <data key="dn7">false</data>
      <data key="dn3">243</data>
      <data key="dn4">37</data>
      <data key="dn5">τῶν</data>
    </node>
    <node id="287">
      <data key="dn0">[READING]</data>
      <data key="dn5">ἐχθρῶν</data>
      <data key="dn3">243</data>
      <data key="dn4">38</data>
      <data key="dn7">false</data>
    </node>
    <node id="288">
      <data key="dn0">[READING]</data>
      <data key="dn7">false</data>
      <data key="dn3">243</data>
      <data key="dn4">39</data>
      <data key="dn5">Φεῦγε</data>
    </node>
    <node id="289">
      <data key="dn0">[READING]</data>
      <data key="dn5">συντυχίας</data>
      <data key="dn3">243</data>
      <data key="dn4">40</data>
      <data key="dn7">false</data>
    </node>
    <node id="290">
      <data key="dn0">[READING]</data>
      <data key="dn5">γυναικῶν</data>
      <data key="dn3">243</data>
      <data key="dn4">41</data>
      <data key="dn7">false</data>
    </node>
    <node id="291">
      <data key="dn0">[READING]</data>
      <data key="dn7">false</data>
      <data key="dn3">243</data>
      <data key="dn4">42</data>
      <data key="dn5">ἐὰν</data>
    </node>
    <node id="292">
      <data key="dn0">[READING]</data>
      <data key="dn7">false</data>
      <data key="dn3">243</data>
      <data key="dn4">43</data>
      <data key="dn5">θέλῃς</data>
    </node>
    <node id="293">
      <data key="dn0">[READING]</data>
      <data key="dn5">σωφρονεῖν,</data>
      <data key="dn3">243</data>
      <data key="dn4">44</data>
      <data key="dn7">false</data>
    </node>
    <node id="294">
      <data key="dn0">[READING]</data>
      <data key="dn7">false</data>
      <data key="dn3">243</data>
      <data key="dn4">45</data>
      <data key="dn5">καὶ</data>
    </node>
    <node id="295">
      <data key="dn0">[READING]</data>
      <data key="dn7">false</data>
      <data key="dn3">243</data>
      <data key="dn4">46</data>
      <data key="dn5">μὴ</data>
    </node>
    <node id="297">
      <data key="dn0">[READING]</data>
      <data key="dn7">false</data>
      <data key="dn3">243</data>
      <data key="dn4">47</data>
      <data key="dn5">δῷς</data>
    </node>
    <node id="298">
      <data key="dn0">[READING]</data>
      <data key="dn5">αὐταῖς</data>
      <data key="dn3">243</data>
      <data key="dn4">48</data>
      <data key="dn7">false</data>
    </node>
    <node id="300">
      <data key="dn0">[READING]</data>
      <data key="dn5">παρρησίαν</data>
      <data key="dn3">243</data>
      <data key="dn4">49</data>
      <data key="dn7">false</data>
    </node>
    <node id="301">
      <data key="dn0">[READING]</data>
      <data key="dn5">θαρρῆσαι</data>
      <data key="dn3">243</data>
      <data key="dn4">50</data>
      <data key="dn7">false</data>
    </node>
    <node id="302">
      <data key="dn0">[READING]</data>
      <data key="dn7">false</data>
      <data key="dn3">243</data>
      <data key="dn4">51</data>
      <data key="dn5">σοί</data>
    </node>
    <node id="303">
      <data key="dn0">[READING]</data>
      <data key="dn7">false</data>
      <data key="dn3">243</data>
      <data key="dn4">52</data>
      <data key="dn5">ποτε.</data>
    </node>
    <node id="305">
      <data key="dn0">[READING]</data>
      <data key="dn5">θάλπει</data>
      <data key="dn3">243</data>
      <data key="dn4">53</data>
      <data key="dn7">false</data>
    </node>
    <node id="307">
      <data key="dn0">[READING]</data>
      <data key="dn5">ἑστῶσα</data>
      <data key="dn3">243</data>
      <data key="dn4">55</data>
      <data key="dn7">false</data>
    </node>
    <node id="311">
      <data key="dn0">[READING]</data>
      <data key="dn7">false</data>
      <data key="dn3">243</data>
      <data key="dn4">57</data>
      <data key="dn5">παρ᾽</data>
    </node>
    <node id="312">
      <data key="dn0">[READING]</data>
      <data key="dn5">ὕδατι,</data>
      <data key="dn3">243</data>
      <data key="dn4">58</data>
      <data key="dn7">false</data>
    </node>
    <node id="313">
      <data key="dn0">[READING]</data>
      <data key="dn7">false</data>
      <data key="dn3">243</data>
      <data key="dn4">59</data>
      <data key="dn5">καὶ</data>
    </node>
    <node id="314">
      <data key="dn0">[READING]</data>
      <data key="dn7">false</data>
      <data key="dn3">243</data>
      <data key="dn4">60</data>
      <data key="dn5">πάθος</data>
    </node>
    <node id="315">
      <data key="dn0">[READING]</data>
      <data key="dn5">ἀκολασίας,</data>
      <data key="dn3">243</data>
      <data key="dn4">61</data>
      <data key="dn7">false</data>
    </node>
    <node id="316">
      <data key="dn0">[READING]</data>
      <data key="dn7">false</data>
      <data key="dn3">243</data>
      <data key="dn4">62</data>
      <data key="dn5">ἐν</data>
    </node>
    <node id="317">
      <data key="dn0">[READING]</data>
      <data key="dn5">συντυχίαις</data>
      <data key="dn3">243</data>
      <data key="dn4">63</data>
      <data key="dn7">false</data>
    </node>
    <node id="318">
      <data key="dn0">[READING]</data>
      <data key="dn5">γυναικῶν.</data>
      <data key="dn3">243</data>
      <data key="dn4">64</data>
      <data key="dn7">false</data>
    </node>
    <node id="310">
      <data key="dn0">[READING]</data>
      <data key="dn5">βοτάνη</data>
      <data key="dn3">243</data>
      <data key="dn4">56</data>
      <data key="dn7">false</data>
    </node>
    <node id="304">
      <data key="dn0">[READING]</data>
      <data key="dn5">Θάλλει</data>
      <data key="dn3">243</data>
      <data key="dn4">53</data>
      <data key="dn7">false</data>
    </node>
    <node id="306">
      <data key="dn0">[READING]</data>
      <data key="dn5">βοτάνη</data>
      <data key="dn3">243</data>
      <data key="dn4">54</data>
      <data key="dn7">false</data>
    </node>
    <node id="309">
      <data key="dn0">[READING]</data>
      <data key="dn5">ἐστῶσα</data>
      <data key="dn3">243</data>
      <data key="dn4">55</data>
      <data key="dn7">false</data>
    </node>
    <node id="308">
      <data key="dn0">[READING]</data>
      <data key="dn5">ἰστῶσα</data>
      <data key="dn3">243</data>
      <data key="dn4">55</data>
      <data key="dn7">false</data>
    </node>
    <node id="299">
      <data key="dn0">[READING]</data>
      <data key="dn5">αὐτῆς</data>
      <data key="dn3">243</data>
      <data key="dn4">48</data>
      <data key="dn7">false</data>
    </node>
    <node id="296">
      <data key="dn0">[READING]</data>
      <data key="dn5">μηδαμῶς</data>
      <data key="dn3">243</data>
      <data key="dn4">46</data>
      <data key="dn7">false</data>
    </node>
    <node id="284">
      <data key="dn0">[READING]</data>
      <data key="dn7">false</data>
      <data key="dn3">243</data>
      <data key="dn4">37</data>
      <data key="dn5">τὸν</data>
    </node>
    <node id="286">
      <data key="dn0">[READING]</data>
      <data key="dn5">ἐχθρόν</data>
      <data key="dn3">243</data>
      <data key="dn4">38</data>
      <data key="dn7">false</data>
    </node>
    <node id="281">
      <data key="dn0">[READING]</data>
      <data key="dn5">πάρεργον</data>
      <data key="dn3">243</data>
      <data key="dn4">35</data>
      <data key="dn7">false</data>
    </node>
    <node id="252">
      <data key="dn0">[READING]</data>
      <data key="dn3">243</data>
      <data key="dn4">6</data>
      <data key="dn5">πεφαρμακευμένον</data>
      <data key="dn7">false</data>
    </node>
    <node id="248">
      <data key="dn0">[READING]</data>
      <data key="dn3">243</data>
      <data key="dn4">3</data>
      <data key="dn5">πεφαρμακευμένον</data>
      <data key="dn7">false</data>
    </node>
    <node id="249">
      <data key="dn0">[READING]</data>
      <data key="dn7">false</data>
      <data key="dn3">243</data>
      <data key="dn4">4</data>
      <data key="dn5">βέλος</data>
    </node>
    <edge id="254" source="243" target="245">
      <data key="de0">HAS_END</data>
    </edge>
    <edge id="253" source="243" target="244">
      <data key="de0">COLLATION</data>
    </edge>
    <edge id="255" source="244" target="246">
      <data key="de0">SEQUENCE</data>
      <data key="de1">[A, B, C, D, E, F, G, H, K, P, Q, S, T]</data>
    </edge>
    <edge id="256" source="246" target="247">
      <data key="de0">SEQUENCE</data>
      <data key="de1">[A, B, C, D, E, F, G, H, K, P, Q, S, T]</data>
    </edge>
    <edge id="260" source="247" target="250">
      <data key="de0">SEQUENCE</data>
      <data key="de1">[T]</data>
    </edge>
    <edge id="262" source="250" target="251">
      <data key="de0">SEQUENCE</data>
      <data key="de1">[T]</data>
    </edge>
    <edge id="265" source="251" target="253">
      <data key="de0">SEQUENCE</data>
      <data key="de1">[B, P, S]</data>
    </edge>
    <edge id="266" source="253" target="254">
      <data key="de0">SEQUENCE</data>
      <data key="de1">[A, B, C, D, E, F, G, H, K, P, Q, S, T]</data>
    </edge>
    <edge id="267" source="254" target="255">
      <data key="de0">SEQUENCE</data>
      <data key="de1">[A, B, C, D, E, F, G, H, K, P, Q, S, T]</data>
    </edge>
    <edge id="268" source="255" target="256">
      <data key="de0">SEQUENCE</data>
      <data key="de1">[A, B, C, D, E, F, G, H, K, P, Q, S, T]</data>
    </edge>
    <edge id="269" source="256" target="257">
      <data key="de0">SEQUENCE</data>
      <data key="de1">[A, B, C, D, E, F, G, H, K, P, Q, S, T]</data>
    </edge>
    <edge id="270" source="257" target="258">
      <data key="de0">SEQUENCE</data>
      <data key="de1">[A, B, C, D, E, F, G, H, K, P, Q, S, T]</data>
    </edge>
    <edge id="271" source="258" target="259">
      <data key="de0">SEQUENCE</data>
      <data key="de1">[A, B, C, D, E, F, G, H, K, P, Q, S, T]</data>
    </edge>
    <edge id="272" source="259" target="260">
      <data key="de0">SEQUENCE</data>
      <data key="de1">[A, B, C, D, E, F, G, H, K, P, Q, S, T]</data>
    </edge>
    <edge id="273" source="260" target="261">
      <data key="de0">SEQUENCE</data>
      <data key="de1">[A, B, C, D, E, F, G, H, K, P, Q, S, T]</data>
    </edge>
    <edge id="274" source="261" target="262">
      <data key="de0">SEQUENCE</data>
      <data key="de1">[A, B, C, D, E, F, G, H, K, P, Q, S, T]</data>
    </edge>
    <edge id="275" source="262" target="263">
      <data key="de0">SEQUENCE</data>
      <data key="de1">[A, B, C, D, E, F, G, H, K, P, Q, S, T]</data>
    </edge>
    <edge id="276" source="263" target="264">
      <data key="de0">SEQUENCE</data>
      <data key="de1">[A, B, C, D, E, F, G, H, K, P, Q, S, T]</data>
    </edge>
    <edge id="277" source="264" target="265">
      <data key="de0">SEQUENCE</data>
      <data key="de1">[A, B, C, D, E, F, G, H, K, P, Q, S, T]</data>
    </edge>
    <edge id="278" source="265" target="266">
      <data key="de0">SEQUENCE</data>
      <data key="de1">[A, B, C, D, E, F, G, H, K, P, Q, S, T]</data>
    </edge>
    <edge id="279" source="266" target="267">
      <data key="de0">SEQUENCE</data>
      <data key="de1">[A, B, C, D, E, F, G, H, K, P, Q, S, T]</data>
    </edge>
    <edge id="280" source="267" target="268">
      <data key="de0">SEQUENCE</data>
      <data key="de1">[A, B, C, D, E, F, G, H, K, P, Q, S, T]</data>
    </edge>
    <edge id="281" source="268" target="269">
      <data key="de0">SEQUENCE</data>
      <data key="de1">[A, B, C, D, E, F, G, H, K, P, Q, S, T]</data>
    </edge>
    <edge id="282" source="269" target="270">
      <data key="de0">SEQUENCE</data>
      <data key="de1">[A, B, C, D, E, F, G, H, K, P, Q, S, T]</data>
    </edge>
    <edge id="283" source="270" target="271">
      <data key="de0">SEQUENCE</data>
      <data key="de1">[A, B, C, D, E, F, G, H, K, P, Q, S, T]</data>
    </edge>
    <edge id="284" source="271" target="272">
      <data key="de0">SEQUENCE</data>
      <data key="de1">[A, B, C, D, E, F, G, H, K, P, Q, S, T]</data>
    </edge>
    <edge id="285" source="272" target="273">
      <data key="de0">SEQUENCE</data>
      <data key="de1">[A, B, C, D, E, F, G, H, K, P, Q, S, T]</data>
    </edge>
    <edge id="286" source="273" target="274">
      <data key="de0">SEQUENCE</data>
      <data key="de1">[A, B, C, D, E, F, G, H, K, P, Q, S, T]</data>
    </edge>
    <edge id="287" source="274" target="275">
      <data key="de0">SEQUENCE</data>
      <data key="de1">[A, B, C, D, E, F, G, H, K, P, Q, S, T]</data>
    </edge>
    <edge id="288" source="275" target="276">
      <data key="de0">SEQUENCE</data>
      <data key="de1">[A, B, C, D, E, F, G, H, K, P, Q, S, T]</data>
    </edge>
    <edge id="289" source="276" target="277">
      <data key="de0">SEQUENCE</data>
      <data key="de1">[A, B, C, D, E, F, G, H, K, P, Q, S, T]</data>
    </edge>
    <edge id="290" source="277" target="278">
      <data key="de0">SEQUENCE</data>
      <data key="de1">[A, B, C, D, E, F, G, H, K, P, Q, S, T]</data>
    </edge>
    <edge id="291" source="278" target="279">
      <data key="de0">SEQUENCE</data>
      <data key="de1">[A, B, C, D, E, F, G, H, K, P, Q, S, T]</data>
    </edge>
    <edge id="292" source="279" target="280">
      <data key="de0">SEQUENCE</data>
      <data key="de1">[A, B, C, D, E, F, G, H, K, P, Q, S, T]</data>
    </edge>
    <edge id="294" source="280" target="282">
      <data key="de0">SEQUENCE</data>
      <data key="de1">[H]</data>
    </edge>
    <edge id="296" source="282" target="283">
      <data key="de0">SEQUENCE</data>
      <data key="de1">[H]</data>
    </edge>
    <edge id="298" source="283" target="285">
      <data key="de0">SEQUENCE</data>
      <data key="de1">[B, C, D, E, F, G, H, K, P, Q, S, T]</data>
    </edge>
    <edge id="300" source="285" target="287">
      <data key="de0">SEQUENCE</data>
      <data key="de1">[B, C, D, E, F, G, H, K, P, Q, S, T]</data>
    </edge>
    <edge id="302" source="287" target="288">
      <data key="de0">SEQUENCE</data>
      <data key="de1">[B, C, D, E, F, G, H, K, P, Q, S, T]</data>
    </edge>
    <edge id="303" source="288" target="289">
      <data key="de0">SEQUENCE</data>
      <data key="de1">[A, B, C, D, E, F, G, H, K, P, Q, S, T]</data>
    </edge>
    <edge id="304" source="289" target="290">
      <data key="de0">SEQUENCE</data>
      <data key="de1">[A, B, C, D, E, F, G, H, K, P, Q, S, T]</data>
    </edge>
    <edge id="305" source="290" target="291">
      <data key="de0">SEQUENCE</data>
      <data key="de1">[A, B, C, D, E, F, G, H, K, P, Q, S, T]</data>
    </edge>
    <edge id="306" source="291" target="292">
      <data key="de0">SEQUENCE</data>
      <data key="de1">[A, B, C, D, E, F, G, H, K, P, Q, S, T]</data>
    </edge>
    <edge id="307" source="292" target="293">
      <data key="de0">SEQUENCE</data>
      <data key="de1">[A, B, C, D, E, F, G, H, K, P, Q, S, T]</data>
    </edge>
    <edge id="308" source="293" target="294">
      <data key="de0">SEQUENCE</data>
      <data key="de1">[A, B, C, D, E, F, G, H, K, P, Q, S, T]</data>
    </edge>
    <edge id="309" source="294" target="295">
      <data key="de0">SEQUENCE</data>
      <data key="de1">[A, B, C, D, E, F, G, H, K, P, Q, T]</data>
    </edge>
    <edge id="311" source="295" target="297">
      <data key="de0">SEQUENCE</data>
      <data key="de1">[A, B, C, D, E, F, G, H, K, P, Q, T]</data>
    </edge>
    <edge id="312" source="297" target="298">
      <data key="de0">SEQUENCE</data>
      <data key="de1">[A, B, C, D, E, F, G, H, K, Q, T]</data>
    </edge>
    <edge id="315" source="298" target="300">
      <data key="de0">SEQUENCE</data>
      <data key="de1">[A, B, C, D, E, F, G, H, K, Q, S, T]</data>
    </edge>
    <edge id="317" source="300" target="301">
      <data key="de0">SEQUENCE</data>
      <data key="de1">[A, B, C, D, E, F, G, H, K, P, Q, S, T]</data>
    </edge>
    <edge id="318" source="301" target="302">
      <data key="de0">SEQUENCE</data>
      <data key="de1">[A, B, C, D, E, F, G, H, K, P, Q, S, T]</data>
    </edge>
    <edge id="319" source="302" target="303">
      <data key="de0">SEQUENCE</data>
      <data key="de1">[A, B, C, D, E, F, G, H, K, P, Q, S, T]</data>
    </edge>
    <edge id="321" source="303" target="305">
      <data key="de0">SEQUENCE</data>
      <data key="de1">[B, P, S]</data>
    </edge>
    <edge id="324" source="305" target="307">
      <data key="de0">SEQUENCE</data>
      <data key="de1">[B, P, S]</data>
    </edge>
    <edge id="328" source="307" target="311">
      <data key="de0">SEQUENCE</data>
      <data key="de1">[A, C, D, E, F, G, K, Q]</data>
    </edge>
    <edge id="332" source="311" target="312">
      <data key="de0">SEQUENCE</data>
      <data key="de1">[A, B, C, D, E, F, G, H, K, P, Q, S, T]</data>
    </edge>
    <edge id="333" source="312" target="313">
      <data key="de0">SEQUENCE</data>
      <data key="de1">[A, B, C, D, E, F, G, H, K, P, Q, S, T]</data>
    </edge>
    <edge id="334" source="313" target="314">
      <data key="de0">SEQUENCE</data>
      <data key="de1">[A, B, C, D, E, F, G, H, K, P, Q, S, T]</data>
    </edge>
    <edge id="335" source="314" target="315">
      <data key="de0">SEQUENCE</data>
      <data key="de1">[A, B, C, D, E, F, G, H, K, P, Q, S, T]</data>
    </edge>
    <edge id="336" source="315" target="316">
      <data key="de0">SEQUENCE</data>
      <data key="de1">[A, B, C, D, E, F, G, H, K, P, Q, S, T]</data>
    </edge>
    <edge id="337" source="316" target="317">
      <data key="de0">SEQUENCE</data>
      <data key="de1">[A, B, C, D, E, F, G, H, K, P, Q, S, T]</data>
    </edge>
    <edge id="338" source="317" target="318">
      <data key="de0">SEQUENCE</data>
      <data key="de1">[A, B, C, D, E, F, G, H, K, P, Q, S, T]</data>
    </edge>
    <edge id="339" source="318" target="245">
      <data key="de0">SEQUENCE</data>
      <data key="de1">[A, B, C, D, E, F, G, H, K, P, Q, S, T]</data>
    </edge>
    <edge id="327" source="307" target="310">
      <data key="de0">SEQUENCE</data>
      <data key="de1">[B, P, S]</data>
    </edge>
    <edge id="329" source="310" target="311">
      <data key="de0">SEQUENCE</data>
      <data key="de1">[B, P, S]</data>
    </edge>
    <edge id="320" source="303" target="304">
      <data key="de0">SEQUENCE</data>
      <data key="de1">[A, C, D, E, F, G, H, K, Q, T]</data>
    </edge>
    <edge id="322" source="304" target="306">
      <data key="de0">SEQUENCE</data>
      <data key="de1">[A, C, D, E, F, G, H, K, Q, T]</data>
    </edge>
    <edge id="326" source="306" target="309">
      <data key="de0">SEQUENCE</data>
      <data key="de1">[T]</data>
    </edge>
    <edge id="331" source="309" target="311">
      <data key="de0">SEQUENCE</data>
      <data key="de1">[T]</data>
    </edge>
    <edge id="325" source="306" target="308">
      <data key="de0">SEQUENCE</data>
      <data key="de1">[H]</data>
    </edge>
    <edge id="330" source="308" target="311">
      <data key="de0">SEQUENCE</data>
      <data key="de1">[H]</data>
    </edge>
    <edge id="323" source="306" target="307">
      <data key="de0">SEQUENCE</data>
      <data key="de1">[A, C, D, E, F, G, K, Q]</data>
    </edge>
    <edge id="313" source="297" target="299">
      <data key="de0">SEQUENCE</data>
      <data key="de1">[P]</data>
    </edge>
    <edge id="316" source="299" target="300">
      <data key="de0">SEQUENCE</data>
      <data key="de1">[P]</data>
    </edge>
    <edge id="310" source="294" target="296">
      <data key="de0">SEQUENCE</data>
      <data key="de1">[S]</data>
    </edge>
    <edge id="314" source="296" target="298">
      <data key="de0">SEQUENCE</data>
      <data key="de1">[S]</data>
    </edge>
    <edge id="297" source="283" target="284">
      <data key="de0">SEQUENCE</data>
      <data key="de1">[A]</data>
    </edge>
    <edge id="299" source="284" target="286">
      <data key="de0">SEQUENCE</data>
      <data key="de1">[A]</data>
    </edge>
    <edge id="301" source="286" target="288">
      <data key="de0">SEQUENCE</data>
      <data key="de1">[A]</data>
    </edge>
    <edge id="293" source="280" target="281">
      <data key="de0">SEQUENCE</data>
      <data key="de1">[A, B, C, D, E, F, G, K, P, Q, S, T]</data>
    </edge>
    <edge id="295" source="281" target="283">
      <data key="de0">SEQUENCE</data>
      <data key="de1">[A, B, C, D, E, F, G, K, P, Q, S, T]</data>
    </edge>
    <edge id="263" source="251" target="252">
      <data key="de0">SEQUENCE</data>
      <data key="de1">[A, C, D, E, F, G, H, K, Q, T]</data>
    </edge>
    <edge id="264" source="252" target="253">
      <data key="de0">SEQUENCE</data>
      <data key="de1">[A, C, D, E, F, G, H, K, Q, T]</data>
    </edge>
    <edge id="257" source="247" target="248">
      <data key="de0">SEQUENCE</data>
      <data key="de1">[B, P, S]</data>
    </edge>
    <edge id="259" source="248" target="249">
      <data key="de0">SEQUENCE</data>
      <data key="de1">[B, P, S]</data>
    </edge>
    <edge id="261" source="249" target="251">
      <data key="de0">SEQUENCE</data>
      <data key="de1">[A, B, C, D, E, F, G, H, K, P, Q, S]</data>
    </edge>
    <edge id="258" source="247" target="249">
      <data key="de0">SEQUENCE</data>
      <data key="de1">[A, C, D, E, F, G, H, K, Q]</data>
    </edge>
  </graph>
</graphml>