<?xml version='1.0' encoding='UTF-8'?>
<graphml xmlns="http://graphml.graphdrawing.org/xmlns" xmlns:xsi="http://www.w3.org/2001/XMLSchema-instance" xsi:schemaLocation="http://graphml.graphdrawing.org/xmlns http://graphml.graphdrawing.org/xmlns/1.0/graphml.xsd">
  <key attr.name="is_start" attr.type="boolean" for="node" id="dn3"/>
  <key attr.name="section_id" attr.type="long" for="node" id="dn4"/>
  <key attr.name="is_common" attr.type="boolean" for="node" id="dn6"/>
  <key attr.name="is_lacuna" attr.type="boolean" for="node" id="dn100"/>
  <key attr.name="name" attr.type="string" for="node" id="dn1"/>
  <key attr.name="is_end" attr.type="boolean" for="node" id="dn7"/>
  <key attr.name="rank" attr.type="long" for="node" id="dn5"/>
  <key attr.name="text" attr.type="string" for="node" id="dn2"/>
  <key attr.name="neolabel" attr.type="string" for="node" id="dn0"/>
  <key attr.name="neolabel" attr.type="string" for="edge" id="de0"/>
  <key attr.name="witnesses" attr.type="stringarray" for="edge" id="de1"/>
  <graph id="180" edgedefault="directed" parse.edgeids="canonical" parse.edges="69" parse.nodeids="canonical" parse.nodes="70" parse.order="nodesfirst">
    <node id="180">
      <data key="dn0">[SECTION]</data>
      <data key="dn1">part 1</data>
    </node>
    <node id="181">
      <data key="dn0">[READING]</data>
      <data key="dn2">#START#</data>
      <data key="dn3">true</data>
      <data key="dn4">180</data>
      <data key="dn5">0</data>
    </node>
    <node id="1002">
      <data key="dn0">[READING]</data>
      <data key="dn2">#LACUNA#</data>
      <data key="dn100">true</data>
      <data key="dn4">180</data>
      <data key="dn6">false</data>
      <data key="dn5">1</data>
    </node>
    <node id="189">
      <data key="dn0">[READING]</data>
      <data key="dn2">Γρηγορίου</data>
      <data key="dn4">180</data>
      <data key="dn5">3</data>
      <data key="dn6">false</data>
    </node>
    <node id="190">
      <data key="dn0">[READING]</data>
      <data key="dn6">false</data>
      <data key="dn4">180</data>
      <data key="dn5">4</data>
      <data key="dn2">Νύσης</data>
    </node>
    <node id="192">
      <data key="dn0">[READING]</data>
      <data key="dn2">Ἤκουσά</data>
      <data key="dn4">180</data>
      <data key="dn5">5</data>
      <data key="dn6">false</data>
    </node>
    <node id="193">
      <data key="dn0">[READING]</data>
      <data key="dn6">false</data>
      <data key="dn4">180</data>
      <data key="dn5">6</data>
      <data key="dn2">που</data>
    </node>
    <node id="194">
      <data key="dn0">[READING]</data>
      <data key="dn6">false</data>
      <data key="dn4">180</data>
      <data key="dn5">7</data>
      <data key="dn2">τῆς</data>
    </node>
    <node id="195">
      <data key="dn0">[READING]</data>
      <data key="dn6">false</data>
      <data key="dn4">180</data>
      <data key="dn5">8</data>
      <data key="dn2">ἁγίας</data>
    </node>
    <node id="196">
      <data key="dn0">[READING]</data>
      <data key="dn2">γραφῆς</data>
      <data key="dn4">180</data>
      <data key="dn5">9</data>
      <data key="dn6">false</data>
    </node>
    <node id="197">
      <data key="dn0">[READING]</data>
      <data key="dn2">κατακρινούσης</data>
      <data key="dn4">180</data>
      <data key="dn5">10</data>
      <data key="dn6">false</data>
    </node>
    <node id="198">
      <data key="dn0">[READING]</data>
      <data key="dn2">ἐκείνους,</data>
      <data key="dn4">180</data>
      <data key="dn5">11</data>
      <data key="dn6">false</data>
    </node>
    <node id="199">
      <data key="dn0">[READING]</data>
      <data key="dn6">false</data>
      <data key="dn4">180</data>
      <data key="dn5">12</data>
      <data key="dn2">οἳ</data>
    </node>
    <node id="200">
      <data key="dn0">[READING]</data>
      <data key="dn6">false</data>
      <data key="dn4">180</data>
      <data key="dn5">13</data>
      <data key="dn2">κατὰ</data>
    </node>
    <node id="201">
      <data key="dn0">[READING]</data>
      <data key="dn6">false</data>
      <data key="dn4">180</data>
      <data key="dn5">14</data>
      <data key="dn2">τῆς</data>
    </node>
    <node id="202">
      <data key="dn0">[READING]</data>
      <data key="dn6">false</data>
      <data key="dn4">180</data>
      <data key="dn5">15</data>
      <data key="dn2">τοῦ</data>
    </node>
    <node id="203">
      <data key="dn0">[READING]</data>
      <data key="dn6">false</data>
      <data key="dn4">180</data>
      <data key="dn5">16</data>
      <data key="dn2">θεοῦ</data>
    </node>
    <node id="204">
      <data key="dn0">[READING]</data>
      <data key="dn2">βλασφημίας</data>
      <data key="dn4">180</data>
      <data key="dn5">17</data>
      <data key="dn6">false</data>
    </node>
    <node id="205">
      <data key="dn0">[READING]</data>
      <data key="dn2">αἴτιοι</data>
      <data key="dn4">180</data>
      <data key="dn5">18</data>
      <data key="dn6">false</data>
    </node>
    <node id="206">
      <data key="dn0">[READING]</data>
      <data key="dn2">γίνονται.</data>
      <data key="dn4">180</data>
      <data key="dn5">19</data>
      <data key="dn6">false</data>
    </node>
    <node id="207">
      <data key="dn0">[READING]</data>
      <data key="dn6">false</data>
      <data key="dn4">180</data>
      <data key="dn5">20</data>
      <data key="dn2">Οὐαὶ</data>
    </node>
    <node id="208">
      <data key="dn0">[READING]</data>
      <data key="dn6">false</data>
      <data key="dn4">180</data>
      <data key="dn5">21</data>
      <data key="dn2">γὰρ</data>
    </node>
    <node id="209">
      <data key="dn0">[READING]</data>
      <data key="dn6">false</data>
      <data key="dn4">180</data>
      <data key="dn5">22</data>
      <data key="dn2">φησὶν</data>
    </node>
    <node id="210">
      <data key="dn0">[READING]</data>
      <data key="dn6">false</data>
      <data key="dn4">180</data>
      <data key="dn5">23</data>
      <data key="dn2">δι᾽</data>
    </node>
    <node id="211">
      <data key="dn0">[READING]</data>
      <data key="dn6">false</data>
      <data key="dn4">180</data>
      <data key="dn5">24</data>
      <data key="dn2">οὓς</data>
    </node>
    <node id="212">
      <data key="dn0">[READING]</data>
      <data key="dn6">false</data>
      <data key="dn4">180</data>
      <data key="dn5">25</data>
      <data key="dn2">τὸ</data>
    </node>
    <node id="213">
      <data key="dn0">[READING]</data>
      <data key="dn6">false</data>
      <data key="dn4">180</data>
      <data key="dn5">26</data>
      <data key="dn2">ὄνομά</data>
    </node>
    <node id="214">
      <data key="dn0">[READING]</data>
      <data key="dn6">false</data>
      <data key="dn4">180</data>
      <data key="dn5">27</data>
      <data key="dn2">μου</data>
    </node>
    <node id="215">
      <data key="dn0">[READING]</data>
      <data key="dn2">βλασφημεῖται</data>
      <data key="dn4">180</data>
      <data key="dn5">28</data>
      <data key="dn6">false</data>
    </node>
    <node id="216">
      <data key="dn0">[READING]</data>
      <data key="dn6">false</data>
      <data key="dn4">180</data>
      <data key="dn5">29</data>
      <data key="dn2">ἐν</data>
    </node>
    <node id="217">
      <data key="dn0">[READING]</data>
      <data key="dn6">false</data>
      <data key="dn4">180</data>
      <data key="dn5">30</data>
      <data key="dn2">τοῖς</data>
    </node>
    <node id="218">
      <data key="dn0">[READING]</data>
      <data key="dn2">ἔθνεσι.</data>
      <data key="dn4">180</data>
      <data key="dn5">31</data>
      <data key="dn6">false</data>
    </node>
    <node id="219">
      <data key="dn0">[READING]</data>
      <data key="dn6">false</data>
      <data key="dn4">180</data>
      <data key="dn5">32</data>
      <data key="dn2">Διὰ</data>
    </node>
    <node id="220">
      <data key="dn0">[READING]</data>
      <data key="dn6">false</data>
      <data key="dn4">180</data>
      <data key="dn5">33</data>
      <data key="dn2">τοῦτο</data>
    </node>
    <node id="221">
      <data key="dn0">[READING]</data>
      <data key="dn6">false</data>
      <data key="dn4">180</data>
      <data key="dn5">34</data>
      <data key="dn2">γὰρ</data>
    </node>
    <node id="222">
      <data key="dn0">[READING]</data>
      <data key="dn2">χαλεπὴν</data>
      <data key="dn4">180</data>
      <data key="dn5">35</data>
      <data key="dn6">false</data>
    </node>
    <node id="223">
      <data key="dn0">[READING]</data>
      <data key="dn6">false</data>
      <data key="dn4">180</data>
      <data key="dn5">36</data>
      <data key="dn2">τοῖς</data>
    </node>
    <node id="224">
      <data key="dn0">[READING]</data>
      <data key="dn2">τοιούτοις</data>
      <data key="dn4">180</data>
      <data key="dn5">37</data>
      <data key="dn6">false</data>
    </node>
    <node id="225">
      <data key="dn0">[READING]</data>
      <data key="dn2">ἀπειλὴν</data>
      <data key="dn4">180</data>
      <data key="dn5">38</data>
      <data key="dn6">false</data>
    </node>
    <node id="226">
      <data key="dn0">[READING]</data>
      <data key="dn4">180</data>
      <data key="dn5">39</data>
      <data key="dn2">ὁ</data>
      <data key="dn6">false</data>
    </node>
    <node id="227">
      <data key="dn0">[READING]</data>
      <data key="dn6">false</data>
      <data key="dn4">180</data>
      <data key="dn5">40</data>
      <data key="dn2">λόγος</data>
    </node>
    <node id="228">
      <data key="dn0">[READING]</data>
      <data key="dn2">ἐπανατείνεται</data>
      <data key="dn4">180</data>
      <data key="dn5">41</data>
      <data key="dn6">false</data>
    </node>
    <node id="229">
      <data key="dn0">[READING]</data>
      <data key="dn6">false</data>
      <data key="dn4">180</data>
      <data key="dn5">42</data>
      <data key="dn2">λέγων</data>
    </node>
    <node id="230">
      <data key="dn0">[READING]</data>
      <data key="dn2">ἐκείνοις</data>
      <data key="dn4">180</data>
      <data key="dn5">43</data>
      <data key="dn6">false</data>
    </node>
    <node id="231">
      <data key="dn0">[READING]</data>
      <data key="dn6">false</data>
      <data key="dn4">180</data>
      <data key="dn5">44</data>
      <data key="dn2">εἶναι</data>
    </node>
    <node id="232">
      <data key="dn0">[READING]</data>
      <data key="dn6">false</data>
      <data key="dn4">180</data>
      <data key="dn5">45</data>
      <data key="dn2">τὸ</data>
    </node>
    <node id="233">
      <data key="dn0">[READING]</data>
      <data key="dn6">false</data>
      <data key="dn4">180</data>
      <data key="dn5">46</data>
      <data key="dn2">Οὐαὶ</data>
    </node>
    <node id="234">
      <data key="dn0">[READING]</data>
      <data key="dn6">false</data>
      <data key="dn4">180</data>
      <data key="dn5">47</data>
      <data key="dn2">δι᾽</data>
    </node>
    <node id="235">
      <data key="dn0">[READING]</data>
      <data key="dn6">false</data>
      <data key="dn4">180</data>
      <data key="dn5">48</data>
      <data key="dn2">οὓς</data>
    </node>
    <node id="236">
      <data key="dn0">[READING]</data>
      <data key="dn6">false</data>
      <data key="dn4">180</data>
      <data key="dn5">49</data>
      <data key="dn2">τὸ</data>
    </node>
    <node id="237">
      <data key="dn0">[READING]</data>
      <data key="dn6">false</data>
      <data key="dn4">180</data>
      <data key="dn5">50</data>
      <data key="dn2">ὄνομά</data>
    </node>
    <node id="238">
      <data key="dn0">[READING]</data>
      <data key="dn6">false</data>
      <data key="dn4">180</data>
      <data key="dn5">51</data>
      <data key="dn2">μου</data>
    </node>
    <node id="239">
      <data key="dn0">[READING]</data>
      <data key="dn2">βλασφημεῖται</data>
      <data key="dn4">180</data>
      <data key="dn5">52</data>
      <data key="dn6">false</data>
    </node>
    <node id="240">
      <data key="dn0">[READING]</data>
      <data key="dn6">false</data>
      <data key="dn4">180</data>
      <data key="dn5">53</data>
      <data key="dn2">ἐν</data>
    </node>
    <node id="241">
      <data key="dn0">[READING]</data>
      <data key="dn6">false</data>
      <data key="dn4">180</data>
      <data key="dn5">54</data>
      <data key="dn2">τοῖς</data>
    </node>
    <node id="242">
      <data key="dn0">[READING]</data>
      <data key="dn2">ἔθνεσιν.</data>
      <data key="dn4">180</data>
      <data key="dn5">55</data>
      <data key="dn6">false</data>
    </node>
    <node id="182">
      <data key="dn0">[READING]</data>
      <data key="dn7">true</data>
      <data key="dn4">180</data>
      <data key="dn5">56</data>
      <data key="dn2">#END#</data>
    </node>
    <node id="184">
      <data key="dn0">[READING]</data>
      <data key="dn2">Ἰσιδώρου</data>
      <data key="dn4">180</data>
      <data key="dn5">1</data>
      <data key="dn6">false</data>
    </node>
    <node id="187">
      <data key="dn0">[READING]</data>
      <data key="dn2">πηλουσιώτ(ου)</data>
      <data key="dn4">180</data>
      <data key="dn5">2</data>
      <data key="dn6">false</data>
    </node>
    <node id="186">
      <data key="dn0">[READING]</data>
      <data key="dn2">Πηλουσίου</data>
      <data key="dn4">180</data>
      <data key="dn5">2</data>
      <data key="dn6">false</data>
    </node>
    <node id="185">
      <data key="dn0">[READING]</data>
      <data key="dn2">νείλου</data>
      <data key="dn4">180</data>
      <data key="dn5">1</data>
      <data key="dn6">false</data>
    </node>
    <node id="188">
      <data key="dn0">[READING]</data>
      <data key="dn6">false</data>
      <data key="dn4">180</data>
      <data key="dn5">2</data>
      <data key="dn2">τοῦ</data>
    </node>
    <node id="191">
      <data key="dn0">[READING]</data>
      <data key="dn2">νύσσης</data>
      <data key="dn4">180</data>
      <data key="dn5">4</data>
      <data key="dn6">false</data>
    </node>
    <edge id="181" source="180" target="181">
      <data key="de0">COLLATION</data>
    </edge>
    <edge id="189" source="181" target="189">
      <data key="de0">SEQUENCE</data>
      <data key="de1">[A, F, G, T]</data>
    </edge>
    <edge id="192" source="189" target="190">
      <data key="de0">SEQUENCE</data>
      <data key="de1">[A, C, D, E, F, G, H, P, S, T]</data>
    </edge>
    <edge id="194" source="190" target="192">
      <data key="de0">SEQUENCE</data>
      <data key="de1">[A, C, D, E, F, G, H, P, S, T]</data>
    </edge>
    <edge id="196" source="192" target="193">
      <data key="de0">SEQUENCE</data>
      <data key="de1">[A, C, D, E, F, G, H, P, Q, S, T]</data>
    </edge>
    <edge id="197" source="193" target="194">
      <data key="de0">SEQUENCE</data>
      <data key="de1">[A, C, D, E, F, G, H, P, Q, S, T]</data>
    </edge>
    <edge id="198" source="194" target="195">
      <data key="de0">SEQUENCE</data>
      <data key="de1">[A, C, D, E, F, G, H, P, Q, S, T]</data>
    </edge>
    <edge id="199" source="195" target="196">
      <data key="de0">SEQUENCE</data>
      <data key="de1">[A, C, D, E, F, G, H, P, Q, S, T]</data>
    </edge>
    <edge id="200" source="196" target="197">
      <data key="de0">SEQUENCE</data>
      <data key="de1">[A, C, D, E, F, G, H, P, Q, S, T]</data>
    </edge>
    <edge id="201" source="197" target="198">
      <data key="de0">SEQUENCE</data>
      <data key="de1">[A, C, D, E, F, G, H, P, Q, S, T]</data>
    </edge>
    <edge id="202" source="198" target="199">
      <data key="de0">SEQUENCE</data>
      <data key="de1">[A, C, D, E, F, G, H, P, Q, S, T]</data>
    </edge>
    <edge id="203" source="199" target="200">
      <data key="de0">SEQUENCE</data>
      <data key="de1">[A, C, D, E, F, G, H, P, Q, S, T]</data>
    </edge>
    <edge id="204" source="200" target="201">
      <data key="de0">SEQUENCE</data>
      <data key="de1">[A, C, D, E, F, G, H, P, S, T]</data>
    </edge>
    <edge id="205" source="201" target="202">
      <data key="de0">SEQUENCE</data>
      <data key="de1">[A, C, D, E, F, G, H, P, S, T]</data>
    </edge>
    <edge id="207" source="202" target="203">
      <data key="de0">SEQUENCE</data>
      <data key="de1">[A, C, D, E, F, G, H, P, Q, S, T]</data>
    </edge>
    <edge id="208" source="203" target="204">
      <data key="de0">SEQUENCE</data>
      <data key="de1">[A, C, D, E, F, G, H, P, Q, S, T]</data>
    </edge>
    <edge id="209" source="204" target="205">
      <data key="de0">SEQUENCE</data>
      <data key="de1">[A, C, D, E, F, G, H, P, Q, S, T]</data>
    </edge>
    <edge id="210" source="205" target="206">
      <data key="de0">SEQUENCE</data>
      <data key="de1">[A, C, D, E, F, G, H, P, Q, S, T]</data>
    </edge>
    <edge id="211" source="206" target="207">
      <data key="de0">SEQUENCE</data>
      <data key="de1">[A, C, D, E, F, G, H, P, Q, S, T]</data>
    </edge>
    <edge id="212" source="207" target="208">
      <data key="de0">SEQUENCE</data>
      <data key="de1">[A, C, D, E, F, G, H, P, Q, S, T]</data>
    </edge>
    <edge id="213" source="208" target="209">
      <data key="de0">SEQUENCE</data>
      <data key="de1">[A, C, D, E, G, P, Q, S, T]</data>
    </edge>
    <edge id="214" source="209" target="210">
      <data key="de0">SEQUENCE</data>
      <data key="de1">[A, C, D, E, G, P, Q, S, T]</data>
    </edge>
    <edge id="216" source="210" target="211">
      <data key="de0">SEQUENCE</data>
      <data key="de1">[A, C, D, E, F, G, H, P, Q, S, T]</data>
    </edge>
    <edge id="217" source="211" target="212">
      <data key="de0">SEQUENCE</data>
      <data key="de1">[A, C, D, E, F, G, H, P, Q, S, T]</data>
    </edge>
    <edge id="219" source="212" target="213">
      <data key="de0">SEQUENCE</data>
      <data key="de1">[A, B, C, D, E, F, G, H, P, Q, S, T]</data>
    </edge>
    <edge id="220" source="213" target="214">
      <data key="de0">SEQUENCE</data>
      <data key="de1">[A, B, C, D, E, F, G, H, P, Q, S, T]</data>
    </edge>
    <edge id="221" source="214" target="215">
      <data key="de0">SEQUENCE</data>
      <data key="de1">[A, B, C, D, E, F, G, H, P, Q, S, T]</data>
    </edge>
    <edge id="222" source="215" target="216">
      <data key="de0">SEQUENCE</data>
      <data key="de1">[A, B, C, D, E, F, G, H, P, Q, S, T]</data>
    </edge>
    <edge id="223" source="216" target="217">
      <data key="de0">SEQUENCE</data>
      <data key="de1">[A, B, C, D, E, F, G, H, P, Q, S, T]</data>
    </edge>
    <edge id="224" source="217" target="218">
      <data key="de0">SEQUENCE</data>
      <data key="de1">[A, B, C, D, E, F, G, H, P, Q, S, T]</data>
    </edge>
    <edge id="225" source="218" target="219">
      <data key="de0">SEQUENCE</data>
      <data key="de1">[A, B, C, D, E, F, G, H, P, Q, S, T]</data>
    </edge>
    <edge id="226" source="219" target="220">
      <data key="de0">SEQUENCE</data>
      <data key="de1">[A, B, C, D, E, F, G, H, P, Q, S, T]</data>
    </edge>
    <edge id="227" source="220" target="221">
      <data key="de0">SEQUENCE</data>
      <data key="de1">[Q]</data>
    </edge>
    <edge id="229" source="221" target="222">
      <data key="de0">SEQUENCE</data>
      <data key="de1">[Q]</data>
    </edge>
    <edge id="230" source="222" target="223">
      <data key="de0">SEQUENCE</data>
      <data key="de1">[A, B, C, D, E, F, G, H, P, Q, S, T]</data>
    </edge>
    <edge id="231" source="223" target="224">
      <data key="de0">SEQUENCE</data>
      <data key="de1">[A, B, C, D, E, F, G, H, P, Q, S, T]</data>
    </edge>
    <edge id="232" source="224" target="225">
      <data key="de0">SEQUENCE</data>
      <data key="de1">[A, B, C, D, E, F, G, H, P, Q, S, T]</data>
    </edge>
    <edge id="233" source="225" target="226">
      <data key="de0">SEQUENCE</data>
      <data key="de1">[A, B, C, D, E, F, G, H, P, Q, S, T]</data>
    </edge>
    <edge id="234" source="226" target="227">
      <data key="de0">SEQUENCE</data>
      <data key="de1">[A, B, C, D, E, F, G, H, P, Q, S, T]</data>
    </edge>
    <edge id="235" source="227" target="228">
      <data key="de0">SEQUENCE</data>
      <data key="de1">[A, B, C, D, E, F, G, H, P, Q, S, T]</data>
    </edge>
    <edge id="236" source="228" target="229">
      <data key="de0">SEQUENCE</data>
      <data key="de1">[A, B, C, D, E, F, G, H, P, Q, S, T]</data>
    </edge>
    <edge id="237" source="229" target="230">
      <data key="de0">SEQUENCE</data>
      <data key="de1">[A, B, C, D, E, F, G, H, P, Q, S, T]</data>
    </edge>
    <edge id="238" source="230" target="231">
      <data key="de0">SEQUENCE</data>
      <data key="de1">[A, B, C, D, E, F, G, H, P, Q, S, T]</data>
    </edge>
    <edge id="239" source="231" target="232">
      <data key="de0">SEQUENCE</data>
      <data key="de1">[A, B, C, D, E, F, G, H, P, Q, S, T]</data>
    </edge>
    <edge id="240" source="232" target="233">
      <data key="de0">SEQUENCE</data>
      <data key="de1">[A, B, C, D, E, F, G, H, P, Q, S, T]</data>
    </edge>
    <edge id="241" source="233" target="234">
      <data key="de0">SEQUENCE</data>
      <data key="de1">[A, B, C, D, E, F, G, H, P, Q, S, T]</data>
    </edge>
    <edge id="242" source="234" target="235">
      <data key="de0">SEQUENCE</data>
      <data key="de1">[A, B, C, D, E, F, G, H, P, Q, S, T]</data>
    </edge>
    <edge id="243" source="235" target="236">
      <data key="de0">SEQUENCE</data>
      <data key="de1">[A, B, C, D, E, F, G, H, P, Q, S, T]</data>
    </edge>
    <edge id="244" source="236" target="237">
      <data key="de0">SEQUENCE</data>
      <data key="de1">[A, B, C, D, E, F, G, H, P, Q, S, T]</data>
    </edge>
    <edge id="245" source="237" target="238">
      <data key="de0">SEQUENCE</data>
      <data key="de1">[A, B, C, D, E, F, G, H, P, Q, S, T]</data>
    </edge>
    <edge id="246" source="238" target="239">
      <data key="de0">SEQUENCE</data>
      <data key="de1">[A, B, C, D, E, F, G, H, P, Q, S, T]</data>
    </edge>
    <edge id="247" source="239" target="240">
      <data key="de0">SEQUENCE</data>
      <data key="de1">[A, B, C, D, E, F, G, H, P, Q, S, T]</data>
    </edge>
    <edge id="248" source="240" target="241">
      <data key="de0">SEQUENCE</data>
      <data key="de1">[A, B, C, D, E, F, G, H, P, Q, S, T]</data>
    </edge>
    <edge id="249" source="241" target="242">
      <data key="de0">SEQUENCE</data>
      <data key="de1">[A, B, C, D, E, F, G, H, P, Q, S, T]</data>
    </edge>
    <edge id="250" source="242" target="182">
      <data key="de0">SEQUENCE</data>
      <data key="de1">[P, A, Q, B, C, S, D, T, E, F, G, H]</data>
    </edge>
    <edge id="228" source="220" target="222">
      <data key="de0">SEQUENCE</data>
      <data key="de1">[A, B, C, D, E, F, G, H, P, S, T]</data>
    </edge>
    <edge id="215" source="208" target="210">
      <data key="de0">SEQUENCE</data>
      <data key="de1">[F, H]</data>
    </edge>
    <edge id="206" source="200" target="202">
      <data key="de0">SEQUENCE</data>
      <data key="de1">[Q]</data>
    </edge>
    <edge id="184" source="181" target="184">
      <data key="de0">SEQUENCE</data>
      <data key="de1">[C, D, E, H, P, S]</data>
    </edge>
    <edge id="187" source="184" target="187">
      <data key="de0">SEQUENCE</data>
      <data key="de1">[D, P, S]</data>
    </edge>
    <edge id="191" source="187" target="189">
      <data key="de0">SEQUENCE</data>
      <data key="de1">[D, P, S]</data>
    </edge>
    <edge id="186" source="184" target="186">
      <data key="de0">SEQUENCE</data>
      <data key="de1">[C, E, H]</data>
    </edge>
    <edge id="190" source="186" target="189">
      <data key="de0">SEQUENCE</data>
      <data key="de1">[C, E, H]</data>
    </edge>
    <edge id="185" source="181" target="185">
      <data key="de0">SEQUENCE</data>
      <data key="de1">[Q]</data>
    </edge>
    <edge id="188" source="185" target="188">
      <data key="de0">SEQUENCE</data>
      <data key="de1">[Q]</data>
    </edge>
    <edge id="193" source="188" target="191">
      <data key="de0">SEQUENCE</data>
      <data key="de1">[Q]</data>
    </edge>
    <edge id="195" source="191" target="192">
      <data key="de0">SEQUENCE</data>
      <data key="de1">[Q]</data>
    </edge>
    <edge id="218" source="181" target="1002">
      <data key="de0">SEQUENCE</data>
      <data key="de1">[B]</data>
    </edge>
    <edge id="1101" source="1002" target="212">
      <data key="de0">SEQUENCE</data>
      <data key="de1">[B]</data>
    </edge>
    <edge id="182" source="180" target="182">
      <data key="de0">HAS_END</data>
    </edge>
  </graph>
</graphml>
