<?xml version='1.0' encoding='UTF-8'?>
<graphml xmlns="http://graphml.graphdrawing.org/xmlns" xmlns:xsi="http://www.w3.org/2001/XMLSchema-instance" xsi:schemaLocation="http://graphml.graphdrawing.org/xmlns http://graphml.graphdrawing.org/xmlns/1.0/graphml.xsd">
  <key attr.name="is_start" attr.type="boolean" for="node" id="dn6"/>
  <key attr.name="section_id" attr.type="long" for="node" id="dn3"/>
  <key attr.name="is_common" attr.type="boolean" for="node" id="dn7"/>
  <key attr.name="name" attr.type="string" for="node" id="dn1"/>
  <key attr.name="is_end" attr.type="boolean" for="node" id="dn2"/>
  <key attr.name="rank" attr.type="long" for="node" id="dn4"/>
  <key attr.name="text" attr.type="string" for="node" id="dn5"/>
  <key attr.name="neolabel" attr.type="string" for="node" id="dn0"/>
  <key attr.name="neolabel" attr.type="string" for="edge" id="de0"/>
  <key attr.name="witnesses" attr.type="stringarray" for="edge" id="de1"/>
  <graph id="320" edgedefault="directed" parse.edgeids="canonical" parse.edges="59" parse.nodeids="canonical" parse.nodes="60" parse.order="nodesfirst">
    <node id="320">
      <data key="dn0">[SECTION]</data>
      <data key="dn1">part 3</data>
    </node>
    <node id="322">
      <data key="dn0">[READING]</data>
      <data key="dn2">true</data>
      <data key="dn3">320</data>
      <data key="dn4">54</data>
      <data key="dn5">#END#</data>
    </node>
    <node id="321">
      <data key="dn0">[READING]</data>
      <data key="dn5">#START#</data>
      <data key="dn6">true</data>
      <data key="dn3">320</data>
      <data key="dn4">0</data>
    </node>
    <node id="323">
      <data key="dn0">[READING]</data>
      <data key="dn7">true</data>
      <data key="dn3">320</data>
      <data key="dn4">1</data>
      <data key="dn5">τοῦ</data>
    </node>
    <node id="324">
      <data key="dn0">[READING]</data>
      <data key="dn5">Χρυσοστόμου</data>
      <data key="dn3">320</data>
      <data key="dn4">2</data>
      <data key="dn7">false</data>
    </node>
    <node id="325">
      <data key="dn0">[READING]</data>
      <data key="dn7">false</data>
      <data key="dn3">320</data>
      <data key="dn4">3</data>
      <data key="dn5">Τοὺς</data>
    </node>
    <node id="326">
      <data key="dn0">[READING]</data>
      <data key="dn7">false</data>
      <data key="dn3">320</data>
      <data key="dn4">4</data>
      <data key="dn5">ἐν</data>
    </node>
    <node id="327">
      <data key="dn0">[READING]</data>
      <data key="dn7">false</data>
      <data key="dn3">320</data>
      <data key="dn4">5</data>
      <data key="dn5">τῇ</data>
    </node>
    <node id="328">
      <data key="dn0">[READING]</data>
      <data key="dn7">false</data>
      <data key="dn3">320</data>
      <data key="dn4">6</data>
      <data key="dn5">πόλει</data>
    </node>
    <node id="329">
      <data key="dn0">[READING]</data>
      <data key="dn3">320</data>
      <data key="dn4">7</data>
      <data key="dn5">βλασφημοῦντας,</data>
      <data key="dn7">false</data>
    </node>
    <node id="330">
      <data key="dn0">[READING]</data>
      <data key="dn5">σωφρόνιζε.</data>
      <data key="dn3">320</data>
      <data key="dn4">8</data>
      <data key="dn7">false</data>
    </node>
    <node id="331">
      <data key="dn0">[READING]</data>
      <data key="dn7">false</data>
      <data key="dn3">320</data>
      <data key="dn4">9</data>
      <data key="dn5">Κἂν</data>
    </node>
    <node id="332">
      <data key="dn0">[READING]</data>
      <data key="dn5">ἀκούσῃς</data>
      <data key="dn3">320</data>
      <data key="dn4">10</data>
      <data key="dn7">false</data>
    </node>
    <node id="333">
      <data key="dn0">[READING]</data>
      <data key="dn7">false</data>
      <data key="dn3">320</data>
      <data key="dn4">11</data>
      <data key="dn5">τινὸς</data>
    </node>
    <node id="334">
      <data key="dn0">[READING]</data>
      <data key="dn7">false</data>
      <data key="dn3">320</data>
      <data key="dn4">12</data>
      <data key="dn5">ἐν</data>
    </node>
    <node id="335">
      <data key="dn0">[READING]</data>
      <data key="dn5">ἀμφόδῳ</data>
      <data key="dn3">320</data>
      <data key="dn4">13</data>
      <data key="dn7">false</data>
    </node>
    <node id="339">
      <data key="dn0">[READING]</data>
      <data key="dn3">320</data>
      <data key="dn4">17</data>
      <data key="dn5">ἢ</data>
      <data key="dn7">false</data>
    </node>
    <node id="340">
      <data key="dn0">[READING]</data>
      <data key="dn7">false</data>
      <data key="dn3">320</data>
      <data key="dn4">18</data>
      <data key="dn5">ἐν</data>
    </node>
    <node id="341">
      <data key="dn0">[READING]</data>
      <data key="dn5">ἀγορᾷ</data>
      <data key="dn3">320</data>
      <data key="dn4">19</data>
      <data key="dn7">false</data>
    </node>
    <node id="342">
      <data key="dn0">[READING]</data>
      <data key="dn5">βλασφημοῦντος</data>
      <data key="dn3">320</data>
      <data key="dn4">20</data>
      <data key="dn7">false</data>
    </node>
    <node id="343">
      <data key="dn0">[READING]</data>
      <data key="dn7">false</data>
      <data key="dn3">320</data>
      <data key="dn4">21</data>
      <data key="dn5">τὸν</data>
    </node>
    <node id="344">
      <data key="dn0">[READING]</data>
      <data key="dn7">false</data>
      <data key="dn3">320</data>
      <data key="dn4">22</data>
      <data key="dn5">Θεόν,</data>
    </node>
    <node id="345">
      <data key="dn0">[READING]</data>
      <data key="dn5">πρόσελθε,</data>
      <data key="dn3">320</data>
      <data key="dn4">23</data>
      <data key="dn7">false</data>
    </node>
    <node id="346">
      <data key="dn0">[READING]</data>
      <data key="dn5">ἐπιτίμησον,</data>
      <data key="dn3">320</data>
      <data key="dn4">24</data>
      <data key="dn7">false</data>
    </node>
    <node id="347">
      <data key="dn0">[READING]</data>
      <data key="dn7">false</data>
      <data key="dn3">320</data>
      <data key="dn4">25</data>
      <data key="dn5">κἂν</data>
    </node>
    <node id="348">
      <data key="dn0">[READING]</data>
      <data key="dn5">πληγὰς</data>
      <data key="dn3">320</data>
      <data key="dn4">26</data>
      <data key="dn7">false</data>
    </node>
    <node id="349">
      <data key="dn0">[READING]</data>
      <data key="dn5">ἐπιθεῖναι</data>
      <data key="dn3">320</data>
      <data key="dn4">27</data>
      <data key="dn7">false</data>
    </node>
    <node id="350">
      <data key="dn0">[READING]</data>
      <data key="dn7">false</data>
      <data key="dn3">320</data>
      <data key="dn4">28</data>
      <data key="dn5">δέῃ,</data>
    </node>
    <node id="351">
      <data key="dn0">[READING]</data>
      <data key="dn7">false</data>
      <data key="dn3">320</data>
      <data key="dn4">29</data>
      <data key="dn5">μὴ</data>
    </node>
    <node id="353">
      <data key="dn0">[READING]</data>
      <data key="dn5">παρεστήση</data>
      <data key="dn3">320</data>
      <data key="dn4">30</data>
      <data key="dn7">false</data>
    </node>
    <node id="354">
      <data key="dn0">[READING]</data>
      <data key="dn5">ῥάπισον</data>
      <data key="dn3">320</data>
      <data key="dn4">31</data>
      <data key="dn7">false</data>
    </node>
    <node id="355">
      <data key="dn0">[READING]</data>
      <data key="dn5">αὐτοῦ</data>
      <data key="dn3">320</data>
      <data key="dn4">32</data>
      <data key="dn7">false</data>
    </node>
    <node id="356">
      <data key="dn0">[READING]</data>
      <data key="dn7">false</data>
      <data key="dn3">320</data>
      <data key="dn4">33</data>
      <data key="dn5">τὴν</data>
    </node>
    <node id="357">
      <data key="dn0">[READING]</data>
      <data key="dn7">false</data>
      <data key="dn3">320</data>
      <data key="dn4">34</data>
      <data key="dn5">ὄψιν,</data>
    </node>
    <node id="358">
      <data key="dn0">[READING]</data>
      <data key="dn5">σύντριψον</data>
      <data key="dn3">320</data>
      <data key="dn4">35</data>
      <data key="dn7">false</data>
    </node>
    <node id="359">
      <data key="dn0">[READING]</data>
      <data key="dn5">αὐτοῦ</data>
      <data key="dn3">320</data>
      <data key="dn4">36</data>
      <data key="dn7">false</data>
    </node>
    <node id="360">
      <data key="dn0">[READING]</data>
      <data key="dn7">false</data>
      <data key="dn3">320</data>
      <data key="dn4">37</data>
      <data key="dn5">τὸ</data>
    </node>
    <node id="361">
      <data key="dn0">[READING]</data>
      <data key="dn7">false</data>
      <data key="dn3">320</data>
      <data key="dn4">38</data>
      <data key="dn5">στόμα,</data>
    </node>
    <node id="362">
      <data key="dn0">[READING]</data>
      <data key="dn5">ἁγίασόν</data>
      <data key="dn3">320</data>
      <data key="dn4">39</data>
      <data key="dn7">false</data>
    </node>
    <node id="363">
      <data key="dn0">[READING]</data>
      <data key="dn7">false</data>
      <data key="dn3">320</data>
      <data key="dn4">40</data>
      <data key="dn5">σου</data>
    </node>
    <node id="364">
      <data key="dn0">[READING]</data>
      <data key="dn7">false</data>
      <data key="dn3">320</data>
      <data key="dn4">41</data>
      <data key="dn5">τὴν</data>
    </node>
    <node id="365">
      <data key="dn0">[READING]</data>
      <data key="dn7">false</data>
      <data key="dn3">320</data>
      <data key="dn4">42</data>
      <data key="dn5">χεῖρα</data>
    </node>
    <node id="366">
      <data key="dn0">[READING]</data>
      <data key="dn7">false</data>
      <data key="dn3">320</data>
      <data key="dn4">43</data>
      <data key="dn5">διὰ</data>
    </node>
    <node id="367">
      <data key="dn0">[READING]</data>
      <data key="dn7">false</data>
      <data key="dn3">320</data>
      <data key="dn4">44</data>
      <data key="dn5">τῆς</data>
    </node>
    <node id="368">
      <data key="dn0">[READING]</data>
      <data key="dn5">πληγῆς,</data>
      <data key="dn3">320</data>
      <data key="dn4">45</data>
      <data key="dn7">false</data>
    </node>
    <node id="369">
      <data key="dn0">[READING]</data>
      <data key="dn7">false</data>
      <data key="dn3">320</data>
      <data key="dn4">46</data>
      <data key="dn5">κἂν</data>
    </node>
    <node id="370">
      <data key="dn0">[READING]</data>
      <data key="dn5">ἐγκαλῶσι</data>
      <data key="dn3">320</data>
      <data key="dn4">47</data>
      <data key="dn7">false</data>
    </node>
    <node id="371">
      <data key="dn0">[READING]</data>
      <data key="dn7">false</data>
      <data key="dn3">320</data>
      <data key="dn4">48</data>
      <data key="dn5">τινές,</data>
    </node>
    <node id="372">
      <data key="dn0">[READING]</data>
      <data key="dn7">false</data>
      <data key="dn3">320</data>
      <data key="dn4">49</data>
      <data key="dn5">κὰν</data>
    </node>
    <node id="373">
      <data key="dn0">[READING]</data>
      <data key="dn7">false</data>
      <data key="dn3">320</data>
      <data key="dn4">50</data>
      <data key="dn5">εἰς</data>
    </node>
    <node id="374">
      <data key="dn0">[READING]</data>
      <data key="dn5">δικαστήριον</data>
      <data key="dn3">320</data>
      <data key="dn4">51</data>
      <data key="dn7">false</data>
    </node>
    <node id="375">
      <data key="dn0">[READING]</data>
      <data key="dn5">ἕλκωσιν,</data>
      <data key="dn3">320</data>
      <data key="dn4">52</data>
      <data key="dn7">false</data>
    </node>
    <node id="376">
      <data key="dn0">[READING]</data>
      <data key="dn5">ἀκολούθησον.</data>
      <data key="dn3">320</data>
      <data key="dn4">53</data>
      <data key="dn7">false</data>
    </node>
    <node id="352">
      <data key="dn0">[READING]</data>
      <data key="dn5">παραιτήσῃ</data>
      <data key="dn3">320</data>
      <data key="dn4">30</data>
      <data key="dn7">false</data>
    </node>
    <node id="336">
      <data key="dn0">[READING]</data>
      <data key="dn3">320</data>
      <data key="dn4">14</data>
      <data key="dn5">ἢ</data>
      <data key="dn7">false</data>
    </node>
    <node id="337">
      <data key="dn0">[READING]</data>
      <data key="dn7">false</data>
      <data key="dn3">320</data>
      <data key="dn4">15</data>
      <data key="dn5">ἐν</data>
    </node>
    <node id="338">
      <data key="dn0">[READING]</data>
      <data key="dn7">false</data>
      <data key="dn3">320</data>
      <data key="dn4">16</data>
      <data key="dn5">ὁδῶ</data>
    </node>
    <edge id="362" source="320" target="322">
      <data key="de0">HAS_END</data>
    </edge>
    <edge id="361" source="320" target="321">
      <data key="de0">COLLATION</data>
    </edge>
    <edge id="363" source="321" target="323">
      <data key="de0">SEQUENCE</data>
      <data key="de1">[A, B, C, P, S]</data>
    </edge>
    <edge id="364" source="323" target="324">
      <data key="de0">SEQUENCE</data>
      <data key="de1">[A, B, C, P, S]</data>
    </edge>
    <edge id="365" source="324" target="325">
      <data key="de0">SEQUENCE</data>
      <data key="de1">[A, B, C, P, S]</data>
    </edge>
    <edge id="366" source="325" target="326">
      <data key="de0">SEQUENCE</data>
      <data key="de1">[A, B, C, P, S]</data>
    </edge>
    <edge id="367" source="326" target="327">
      <data key="de0">SEQUENCE</data>
      <data key="de1">[A, B, C, P, S]</data>
    </edge>
    <edge id="368" source="327" target="328">
      <data key="de0">SEQUENCE</data>
      <data key="de1">[A, B, C, P, S]</data>
    </edge>
    <edge id="369" source="328" target="329">
      <data key="de0">SEQUENCE</data>
      <data key="de1">[A, B, C, P, S]</data>
    </edge>
    <edge id="370" source="329" target="330">
      <data key="de0">SEQUENCE</data>
      <data key="de1">[A, B, C, P, S]</data>
    </edge>
    <edge id="371" source="330" target="331">
      <data key="de0">SEQUENCE</data>
      <data key="de1">[A, B, C, P, S]</data>
    </edge>
    <edge id="372" source="331" target="332">
      <data key="de0">SEQUENCE</data>
      <data key="de1">[A, B, C, P, S]</data>
    </edge>
    <edge id="373" source="332" target="333">
      <data key="de0">SEQUENCE</data>
      <data key="de1">[A, B, C, P, S]</data>
    </edge>
    <edge id="374" source="333" target="334">
      <data key="de0">SEQUENCE</data>
      <data key="de1">[A, B, C, P, S]</data>
    </edge>
    <edge id="375" source="334" target="335">
      <data key="de0">SEQUENCE</data>
      <data key="de1">[A, B, C, P, S]</data>
    </edge>
    <edge id="379" source="335" target="339">
      <data key="de0">SEQUENCE</data>
      <data key="de1">[A, C]</data>
    </edge>
    <edge id="381" source="339" target="340">
      <data key="de0">SEQUENCE</data>
      <data key="de1">[A, B, C, P, S]</data>
    </edge>
    <edge id="382" source="340" target="341">
      <data key="de0">SEQUENCE</data>
      <data key="de1">[A, B, C, P, S]</data>
    </edge>
    <edge id="383" source="341" target="342">
      <data key="de0">SEQUENCE</data>
      <data key="de1">[A, B, C, P, S]</data>
    </edge>
    <edge id="384" source="342" target="343">
      <data key="de0">SEQUENCE</data>
      <data key="de1">[A, B, C, P, S]</data>
    </edge>
    <edge id="385" source="343" target="344">
      <data key="de0">SEQUENCE</data>
      <data key="de1">[A, B, C, P, S]</data>
    </edge>
    <edge id="386" source="344" target="345">
      <data key="de0">SEQUENCE</data>
      <data key="de1">[A, B, C, P, S]</data>
    </edge>
    <edge id="387" source="345" target="346">
      <data key="de0">SEQUENCE</data>
      <data key="de1">[A, B, C, P, S]</data>
    </edge>
    <edge id="388" source="346" target="347">
      <data key="de0">SEQUENCE</data>
      <data key="de1">[A, B, C, P, S]</data>
    </edge>
    <edge id="389" source="347" target="348">
      <data key="de0">SEQUENCE</data>
      <data key="de1">[A, B, C, P, S]</data>
    </edge>
    <edge id="390" source="348" target="349">
      <data key="de0">SEQUENCE</data>
      <data key="de1">[A, B, C, P, S]</data>
    </edge>
    <edge id="391" source="349" target="350">
      <data key="de0">SEQUENCE</data>
      <data key="de1">[A, B, C, P, S]</data>
    </edge>
    <edge id="392" source="350" target="351">
      <data key="de0">SEQUENCE</data>
      <data key="de1">[A, B, C, P, S]</data>
    </edge>
    <edge id="394" source="351" target="353">
      <data key="de0">SEQUENCE</data>
      <data key="de1">[S]</data>
    </edge>
    <edge id="396" source="353" target="354">
      <data key="de0">SEQUENCE</data>
      <data key="de1">[S]</data>
    </edge>
    <edge id="397" source="354" target="355">
      <data key="de0">SEQUENCE</data>
      <data key="de1">[A, B, C, P, S]</data>
    </edge>
    <edge id="398" source="355" target="356">
      <data key="de0">SEQUENCE</data>
      <data key="de1">[A, B, C, P, S]</data>
    </edge>
    <edge id="399" source="356" target="357">
      <data key="de0">SEQUENCE</data>
      <data key="de1">[A, B, C, P, S]</data>
    </edge>
    <edge id="400" source="357" target="358">
      <data key="de0">SEQUENCE</data>
      <data key="de1">[A, B, C, P, S]</data>
    </edge>
    <edge id="401" source="358" target="359">
      <data key="de0">SEQUENCE</data>
      <data key="de1">[A, B, C, P, S]</data>
    </edge>
    <edge id="402" source="359" target="360">
      <data key="de0">SEQUENCE</data>
      <data key="de1">[A, B, C, P, S]</data>
    </edge>
    <edge id="403" source="360" target="361">
      <data key="de0">SEQUENCE</data>
      <data key="de1">[A, B, C, P, S]</data>
    </edge>
    <edge id="404" source="361" target="362">
      <data key="de0">SEQUENCE</data>
      <data key="de1">[A, B, C, P, S]</data>
    </edge>
    <edge id="405" source="362" target="363">
      <data key="de0">SEQUENCE</data>
      <data key="de1">[A, B, C, P, S]</data>
    </edge>
    <edge id="406" source="363" target="364">
      <data key="de0">SEQUENCE</data>
      <data key="de1">[A, B, C, P, S]</data>
    </edge>
    <edge id="407" source="364" target="365">
      <data key="de0">SEQUENCE</data>
      <data key="de1">[A, B, C, P, S]</data>
    </edge>
    <edge id="408" source="365" target="366">
      <data key="de0">SEQUENCE</data>
      <data key="de1">[A, B, C, P, S]</data>
    </edge>
    <edge id="409" source="366" target="367">
      <data key="de0">SEQUENCE</data>
      <data key="de1">[A, B, C, P, S]</data>
    </edge>
    <edge id="410" source="367" target="368">
      <data key="de0">SEQUENCE</data>
      <data key="de1">[A, B, C, P, S]</data>
    </edge>
    <edge id="411" source="368" target="369">
      <data key="de0">SEQUENCE</data>
      <data key="de1">[A, B, C, P, S]</data>
    </edge>
    <edge id="412" source="369" target="370">
      <data key="de0">SEQUENCE</data>
      <data key="de1">[A, B, C, P, S]</data>
    </edge>
    <edge id="413" source="370" target="371">
      <data key="de0">SEQUENCE</data>
      <data key="de1">[A, B, C, P, S]</data>
    </edge>
    <edge id="414" source="371" target="372">
      <data key="de0">SEQUENCE</data>
      <data key="de1">[A, B, C, P, S]</data>
    </edge>
    <edge id="415" source="372" target="373">
      <data key="de0">SEQUENCE</data>
      <data key="de1">[A, B, C, P, S]</data>
    </edge>
    <edge id="416" source="373" target="374">
      <data key="de0">SEQUENCE</data>
      <data key="de1">[A, B, C, P, S]</data>
    </edge>
    <edge id="417" source="374" target="375">
      <data key="de0">SEQUENCE</data>
      <data key="de1">[A, B, C, P, S]</data>
    </edge>
    <edge id="418" source="375" target="376">
      <data key="de0">SEQUENCE</data>
      <data key="de1">[A, B, C, P, S]</data>
    </edge>
    <edge id="419" source="376" target="322">
      <data key="de0">SEQUENCE</data>
      <data key="de1">[P, A, B, C, S]</data>
    </edge>
    <edge id="393" source="351" target="352">
      <data key="de0">SEQUENCE</data>
      <data key="de1">[A, B, C, P]</data>
    </edge>
    <edge id="395" source="352" target="354">
      <data key="de0">SEQUENCE</data>
      <data key="de1">[A, B, C, P]</data>
    </edge>
    <edge id="376" source="335" target="336">
      <data key="de0">SEQUENCE</data>
      <data key="de1">[B, P, S]</data>
    </edge>
    <edge id="377" source="336" target="337">
      <data key="de0">SEQUENCE</data>
      <data key="de1">[B, P, S]</data>
    </edge>
    <edge id="378" source="337" target="338">
      <data key="de0">SEQUENCE</data>
      <data key="de1">[B, P, S]</data>
    </edge>
    <edge id="380" source="338" target="339">
      <data key="de0">SEQUENCE</data>
      <data key="de1">[B, P, S]</data>
    </edge>
  </graph>
</graphml>