<?xml version='1.0' encoding='UTF-8'?>
<graphml xmlns="http://graphml.graphdrawing.org/xmlns" xmlns:xsi="http://www.w3.org/2001/XMLSchema-instance" xsi:schemaLocation="http://graphml.graphdrawing.org/xmlns http://graphml.graphdrawing.org/xmlns/1.0/graphml.xsd">
  <key attr.name="sigil" attr.type="string" for="node" id="dn4"/>
  <key attr.name="hypothetical" attr.type="boolean" for="node" id="dn5"/>
  <key attr.name="name" attr.type="string" for="node" id="dn2"/>
  <key attr.name="id" attr.type="string" for="node" id="dn1"/>
  <key attr.name="neolabel" attr.type="string" for="node" id="dn0"/>
  <key attr.name="quotesigil" attr.type="boolean" for="node" id="dn6"/>
  <key attr.name="direction" attr.type="string" for="node" id="dn3"/>
  <key attr.name="neolabel" attr.type="string" for="edge" id="de0"/>
  <graph id="6ac3e51d-26ab-4c13-92f4-58f7f0d860b4" edgedefault="directed" parse.edgeids="canonical" parse.edges="20" parse.nodeids="canonical" parse.nodes="21" parse.order="nodesfirst">
    <node id="21">
      <data key="dn0">[TRADITION]</data>
      <data key="dn1">6ac3e51d-26ab-4c13-92f4-58f7f0d860b4</data>
      <data key="dn2">Florilegium</data>
      <data key="dn3">LR</data>
    </node>
    <node id="320">
      <data key="dn0">[SECTION]</data>
      <data key="dn2">part 3</data>
    </node>
    <node id="243">
      <data key="dn0">[SECTION]</data>
      <data key="dn2">part 2</data>
    </node>
    <node id="183">
      <data key="dn0">[WITNESS]</data>
      <data key="dn4">B</data>
      <data key="dn5">false</data>
      <data key="dn6">false</data>
    </node>
    <node id="180">
      <data key="dn0">[SECTION]</data>
      <data key="dn2">part 1</data>
    </node>
    <node id="53">
      <data key="dn0">[WITNESS]</data>
      <data key="dn4">T</data>
      <data key="dn5">false</data>
      <data key="dn6">false</data>
    </node>
    <node id="52">
      <data key="dn0">[WITNESS]</data>
      <data key="dn4">S</data>
      <data key="dn5">false</data>
      <data key="dn6">false</data>
    </node>
    <node id="51">
      <data key="dn0">[WITNESS]</data>
      <data key="dn4">Q</data>
      <data key="dn5">false</data>
      <data key="dn6">false</data>
    </node>
    <node id="50">
      <data key="dn0">[WITNESS]</data>
      <data key="dn4">P</data>
      <data key="dn5">false</data>
      <data key="dn6">false</data>
    </node>
    <node id="49">
      <data key="dn0">[WITNESS]</data>
      <data key="dn4">K</data>
      <data key="dn5">false</data>
      <data key="dn6">false</data>
    </node>
    <node id="48">
      <data key="dn0">[WITNESS]</data>
      <data key="dn4">H</data>
      <data key="dn5">false</data>
      <data key="dn6">false</data>
    </node>
    <node id="47">
      <data key="dn0">[WITNESS]</data>
      <data key="dn4">G</data>
      <data key="dn5">false</data>
      <data key="dn6">false</data>
    </node>
    <node id="46">
      <data key="dn0">[WITNESS]</data>
      <data key="dn4">F</data>
      <data key="dn5">false</data>
      <data key="dn6">false</data>
    </node>
    <node id="45">
      <data key="dn0">[WITNESS]</data>
      <data key="dn4">E</data>
      <data key="dn5">false</data>
      <data key="dn6">false</data>
    </node>
    <node id="44">
      <data key="dn0">[WITNESS]</data>
      <data key="dn4">D</data>
      <data key="dn5">false</data>
      <data key="dn6">false</data>
    </node>
    <node id="43">
      <data key="dn0">[WITNESS]</data>
      <data key="dn4">C</data>
      <data key="dn5">false</data>
      <data key="dn6">false</data>
    </node>
    <node id="42">
      <data key="dn0">[WITNESS]</data>
      <data key="dn4">A</data>
      <data key="dn5">false</data>
      <data key="dn6">false</data>
    </node>
    <node id="22">
      <data key="dn0">[SECTION]</data>
      <data key="dn2">DEFAULT</data>
    </node>
    <edge id="360" source="21" target="320">
      <data key="de0">PART</data>
    </edge>
    <edge id="252" source="21" target="243">
      <data key="de0">PART</data>
    </edge>
    <edge id="420" source="243" target="320">
      <data key="de0">NEXT</data>
    </edge>
    <edge id="183" source="21" target="183">
      <data key="de0">HAS_WITNESS</data>
    </edge>
    <edge id="180" source="21" target="180">
      <data key="de0">PART</data>
    </edge>
    <edge id="340" source="180" target="243">
      <data key="de0">NEXT</data>
    </edge>
    <edge id="14" source="21" target="53">
      <data key="de0">HAS_WITNESS</data>
    </edge>
    <edge id="13" source="21" target="52">
      <data key="de0">HAS_WITNESS</data>
    </edge>
    <edge id="12" source="21" target="51">
      <data key="de0">HAS_WITNESS</data>
    </edge>
    <edge id="11" source="21" target="50">
      <data key="de0">HAS_WITNESS</data>
    </edge>
    <edge id="10" source="21" target="49">
      <data key="de0">HAS_WITNESS</data>
    </edge>
    <edge id="9" source="21" target="48">
      <data key="de0">HAS_WITNESS</data>
    </edge>
    <edge id="8" source="21" target="47">
      <data key="de0">HAS_WITNESS</data>
    </edge>
    <edge id="7" source="21" target="46">
      <data key="de0">HAS_WITNESS</data>
    </edge>
    <edge id="6" source="21" target="45">
      <data key="de0">HAS_WITNESS</data>
    </edge>
    <edge id="5" source="21" target="44">
      <data key="de0">HAS_WITNESS</data>
    </edge>
    <edge id="4" source="21" target="43">
      <data key="de0">HAS_WITNESS</data>
    </edge>
    <edge id="3" source="21" target="42">
      <data key="de0">HAS_WITNESS</data>
    </edge>
    <edge id="20" source="21" target="22">
      <data key="de0">PART</data>
    </edge>
    <edge id="251" source="22" target="180">
      <data key="de0">NEXT</data>
    </edge>
  </graph>
</graphml>