<?xml version="1.0" ?>
<graphml xmlns="http://graphml.graphdrawing.org/xmlns" xmlns:xsi="http://www.w3.org/2001/XMLSchema-instance" xsi:schemaLocation="http://graphml.graphdrawing.org/xmlns http://graphml.graphdrawing.org/xmlns/1.0/graphml.xsd">
  <key attr.name="ac_label" attr.type="string" for="node" id="dn1"/>
  <key attr.name="language" attr.type="string" for="node" id="dn16"/>
  <key attr.name="linear" attr.type="boolean" for="node" id="dn6"/>
  <key attr.name="baselabel" attr.type="string" for="node" id="dn5"/>
  <key attr.name="wit_list_separator" attr.type="string" for="node" id="dn7"/>
  <key attr.name="language" attr.type="string" for="node" id="dn3"/>
  <key attr.name="version" attr.type="string" for="node" id="dn4"/>
  <key attr.name="description" attr.type="string" for="node" id="dn20"/>
  <key attr.name="wordsep" attr.type="string" for="node" id="dn2"/>
  <key attr.name="text" attr.type="string" for="node" id="dn102"/>
  <key attr.name="name" attr.type="string" for="node" id="dn9"/>
  <key attr.name="id" attr.type="string" for="node" id="dn8"/>
  <key attr.name="neolabel" attr.type="string" for="node" id="dn0"/>
  <key attr.name="by" attr.type="string" for="node" id="dn19"/>
  <key attr.name="authority" attr.type="string" for="node" id="dn15"/>
  <key attr.name="direction" attr.type="string" for="node" id="dn10"/>
  <key attr.name="READING" attr.type="string" for="node" id="dn21"/>
  <key attr.name="SECTION" attr.type="string" for="node" id="dn22"/>
  <key attr.name="title" attr.type="string" for="node" id="dn23"/>
  <key attr.name="PLACEREF" attr.type="string" for="node" id="dn24"/>
  <key attr.name="href" attr.type="string" for="node" id="dn25"/>
  <key attr.name="comment" attr.type="string" for="node" id="dn26"/>
  <key attr.name="datasource" attr.type="string" for="node" id="dn27"/>
  <key attr.name="identifier" attr.type="string" for="node" id="dn28"/>
  <key attr.name="locatable" attr.type="string" for="node" id="dn29"/>
  <key attr.name="DATING" attr.type="string" for="node" id="dn30"/>
  <key attr.name="DATEREF" attr.type="string" for="node" id="dn31"/>
  <key attr.name="notBefore" attr.type="string" for="node" id="dn32"/>
  <key attr.name="notAfter" attr.type="string" for="node" id="dn33"/>
  <key attr.name="internal" attr.type="string" for="node" id="dn34"/>
  <key attr.name="PERSON" attr.type="string" for="node" id="dn36"/>
  <key attr.name="PERSONREF" attr.type="string" for="node" id="dn35"/>
  <key attr.name="neolabel" attr.type="string" for="edge" id="de0"/>
  <graph id="Ժամանակագրութիւն checked" edgedefault="directed" parse.edgeids="canonical" parse.edges="1775" parse.nodeids="canonical" parse.nodes="1767" parse.order="nodesfirst">
    <node id="1">
      <data key="dn0">[TRADITION]</data>
      <data key="dn1"> (a.c.)</data>
      <data key="dn2"> </data>
      <data key="dn3">Armenian</data>
      <data key="dn4">3.1</data>
      <data key="dn5">base text</data>
      <data key="dn6">true</data>
      <data key="dn7">, </data>
      <data key="dn8">4aaf8973-7ac9-402a-8df9-19a2a050e364</data>
      <data key="dn9">Ժամանակագրութիւն checked</data>
      <data key="dn10">LR</data>
    </node>
    <node id="1172110">
      <data key="dn0">[ANNOTATIONLABEL]</data>
      <data key="dn9">SOURCE</data>
    </node>
    <node id="1172111">
      <data key="dn0">[PROPERTIES]</data>
      <data key="dn19">String</data>
      <data key="dn20">String</data>
    </node>
    <node id="1172112">
      <data key="dn0">[LINKS]</data>
      <data key="dn21">BEGIN,END</data>
    </node>
    <node id="1154363">
      <data key="dn0">[ANNOTATIONLABEL]</data>
      <data key="dn9">COMMENT</data>
    </node>
    <node id="1154367">
      <data key="dn0">[PROPERTIES]</data>
      <data key="dn19">String</data>
      <data key="dn102">String</data>
    </node>
    <node id="1172760">
      <data key="dn0">[LINKS]</data>
      <data key="dn21">BEGIN,END</data>
    </node>
    <node id="1169185">
      <data key="dn0">[ANNOTATIONLABEL]</data>
      <data key="dn9">CHAPTER</data>
    </node>
    <node id="1108177">
      <data key="dn0">[LINKS]</data>
      <data key="dn22">CONTAINS</data>
    </node>
    <node id="1169184">
      <data key="dn0">[PROPERTIES]</data>
      <data key="dn20">String</data>
      <data key="dn16">String</data>
      <data key="dn23">String</data>
    </node>
    <node id="1095020">
      <data key="dn0">[ANNOTATIONLABEL]</data>
      <data key="dn9">TITLE</data>
    </node>
    <node id="1172641">
      <data key="dn0">[LINKS]</data>
      <data key="dn22">TITLED</data>
    </node>
    <node id="1172640">
      <data key="dn0">[PROPERTIES]</data>
      <data key="dn16">String</data>
      <data key="dn102">String</data>
    </node>
    <node id="958374">
      <data key="dn0">[ANNOTATIONLABEL]</data>
      <data key="dn9">PLACE</data>
    </node>
    <node id="1154647">
      <data key="dn0">[LINKS]</data>
      <data key="dn24">REFERENCED</data>
    </node>
    <node id="1154638">
      <data key="dn0">[PROPERTIES]</data>
      <data key="dn25">String</data>
      <data key="dn26">String</data>
      <data key="dn27">String</data>
      <data key="dn28">String</data>
      <data key="dn29">Boolean</data>
    </node>
    <node id="958320">
      <data key="dn0">[ANNOTATIONLABEL]</data>
      <data key="dn9">PLACEREF</data>
    </node>
    <node id="985661">
      <data key="dn0">[LINKS]</data>
      <data key="dn21">BEGIN,END</data>
    </node>
    <node id="985660">
      <data key="dn0">[PROPERTIES]</data>
      <data key="dn26">String</data>
      <data key="dn15">String</data>
    </node>
    <node id="958321">
      <data key="dn0">[ANNOTATIONLABEL]</data>
      <data key="dn9">DATE</data>
    </node>
    <node id="985640">
      <data key="dn0">[LINKS]</data>
      <data key="dn30">REFERENCED</data>
      <data key="dn31">REFERENCED</data>
    </node>
    <node id="985639">
      <data key="dn0">[PROPERTIES]</data>
      <data key="dn32">LocalDate</data>
      <data key="dn33">LocalDate</data>
      <data key="dn28">String</data>
      <data key="dn26">String</data>
    </node>
    <node id="1156636">
      <data key="dn0">[ANNOTATIONLABEL]</data>
      <data key="dn9">DATING</data>
    </node>
    <node id="1153109">
      <data key="dn0">[PROPERTIES]</data>
      <data key="dn15">String</data>
      <data key="dn26">String</data>
      <data key="dn34">Boolean</data>
    </node>
    <node id="1153125">
      <data key="dn0">[LINKS]</data>
      <data key="dn21">BEGIN,END</data>
    </node>
    <node id="1156638">
      <data key="dn0">[ANNOTATIONLABEL]</data>
      <data key="dn9">DATEREF</data>
    </node>
    <node id="1171906">
      <data key="dn0">[PROPERTIES]</data>
      <data key="dn26">String</data>
      <data key="dn15">String</data>
    </node>
    <node id="1171907">
      <data key="dn0">[LINKS]</data>
      <data key="dn21">BEGIN,END</data>
    </node>
    <node id="958395">
      <data key="dn0">[ANNOTATIONLABEL]</data>
      <data key="dn9">GROUP</data>
    </node>
    <node id="1172129">
      <data key="dn0">[PROPERTIES]</data>
      <data key="dn28">String</data>
      <data key="dn26">String</data>
    </node>
    <node id="1169138">
      <data key="dn0">[LINKS]</data>
      <data key="dn36">HAS_MEMBER</data>
    </node>
    <node id="958355">
      <data key="dn0">[ANNOTATIONLABEL]</data>
      <data key="dn9">PERSON</data>
    </node>
    <node id="1172639">
      <data key="dn0">[LINKS]</data>
      <data key="dn35">REFERENCED,POSSIBLY,NAMED</data>
    </node>
    <node id="1172638">
      <data key="dn0">[PROPERTIES]</data>
      <data key="dn27">String</data>
      <data key="dn25">String</data>
      <data key="dn28">String</data>
      <data key="dn26">String</data>
    </node>
    <node id="1088563">
      <data key="dn0">[ANNOTATIONLABEL]</data>
      <data key="dn9">PERSONREF</data>
    </node>
    <node id="1172108">
      <data key="dn0">[PROPERTIES]</data>
      <data key="dn26">String</data>
      <data key="dn15">String</data>
    </node>
    <node id="1172109">
      <data key="dn0">[LINKS]</data>
      <data key="dn21">BEGIN,END</data>
    </node>
    <node id="958318">
      <data key="dn0">[ANNOTATIONLABEL]</data>
      <data key="dn9">TRANSLATION</data>
    </node>
    <node id="986114">
      <data key="dn0">[LINKS]</data>
      <data key="dn21">BEGIN,END</data>
    </node>
    <node id="986113">
      <data key="dn0">[PROPERTIES]</data>
      <data key="dn16">String</data>
      <data key="dn102">String</data>
      <data key="dn19">String</data>
      <data key="dn26">String</data>
    </node>
    <node id="1019321">
      <data key="dn0">[SECTION]</data>
      <data key="dn9">milestone-401</data>
    </node>
    <edge id="11" source="1" target="1019321">
      <data key="de0">PART</data>
    </edge>
    <edge id="31" source="1" target="1172110">
      <data key="de0">HAS_ANNOTATION_TYPE</data>
    </edge>
    <edge id="32" source="1" target="1154363">
      <data key="de0">HAS_ANNOTATION_TYPE</data>
    </edge>
    <edge id="33" source="1" target="1169185">
      <data key="de0">HAS_ANNOTATION_TYPE</data>
    </edge>
    <edge id="34" source="1" target="1095020">
      <data key="de0">HAS_ANNOTATION_TYPE</data>
    </edge>
    <edge id="35" source="1" target="958374">
      <data key="de0">HAS_ANNOTATION_TYPE</data>
    </edge>
    <edge id="36" source="1" target="958320">
      <data key="de0">HAS_ANNOTATION_TYPE</data>
    </edge>
    <edge id="37" source="1" target="958321">
      <data key="de0">HAS_ANNOTATION_TYPE</data>
    </edge>
    <edge id="38" source="1" target="1156636">
      <data key="de0">HAS_ANNOTATION_TYPE</data>
    </edge>
    <edge id="39" source="1" target="1156638">
      <data key="de0">HAS_ANNOTATION_TYPE</data>
    </edge>
    <edge id="40" source="1" target="958395">
      <data key="de0">HAS_ANNOTATION_TYPE</data>
    </edge>
    <edge id="41" source="1" target="958355">
      <data key="de0">HAS_ANNOTATION_TYPE</data>
    </edge>
    <edge id="42" source="1" target="1088563">
      <data key="de0">HAS_ANNOTATION_TYPE</data>
    </edge>
    <edge id="43" source="1" target="958318">
      <data key="de0">HAS_ANNOTATION_TYPE</data>
    </edge>
    <edge id="2238826" source="1172110" target="1172111">
      <data key="de0">HAS_PROPERTIES</data>
    </edge>
    <edge id="2260711" source="1172110" target="1172112">
      <data key="de0">HAS_LINKS</data>
    </edge>
    <edge id="2395149" source="1154363" target="1154367">
      <data key="de0">HAS_PROPERTIES</data>
    </edge>
    <edge id="2395150" source="1154363" target="1172760">
      <data key="de0">HAS_LINKS</data>
    </edge>
    <edge id="2397068" source="1169185" target="1108177">
      <data key="de0">HAS_LINKS</data>
    </edge>
    <edge id="2397067" source="1169185" target="1169184">
      <data key="de0">HAS_PROPERTIES</data>
    </edge>
    <edge id="2395038" source="1095020" target="1172641">
      <data key="de0">HAS_LINKS</data>
    </edge>
    <edge id="2395037" source="1095020" target="1172640">
      <data key="de0">HAS_PROPERTIES</data>
    </edge>
    <edge id="2397087" source="958374" target="1154647">
      <data key="de0">HAS_LINKS</data>
    </edge>
    <edge id="2397086" source="958374" target="1154638">
      <data key="de0">HAS_PROPERTIES</data>
    </edge>
    <edge id="2239462" source="958320" target="985661">
      <data key="de0">HAS_LINKS</data>
    </edge>
    <edge id="2395059" source="958320" target="985660">
      <data key="de0">HAS_PROPERTIES</data>
    </edge>
    <edge id="2381243" source="958321" target="985640">
      <data key="de0">HAS_LINKS</data>
    </edge>
    <edge id="2381242" source="958321" target="985639">
      <data key="de0">HAS_PROPERTIES</data>
    </edge>
    <edge id="2397038" source="1156636" target="1153109">
      <data key="de0">HAS_PROPERTIES</data>
    </edge>
    <edge id="2397039" source="1156636" target="1153125">
      <data key="de0">HAS_LINKS</data>
    </edge>
    <edge id="2397098" source="1156638" target="1171906">
      <data key="de0">HAS_PROPERTIES</data>
    </edge>
    <edge id="2397099" source="1156638" target="1171907">
      <data key="de0">HAS_LINKS</data>
    </edge>
    <edge id="2397065" source="958395" target="1172129">
      <data key="de0">HAS_PROPERTIES</data>
    </edge>
    <edge id="2397066" source="958395" target="1169138">
      <data key="de0">HAS_LINKS</data>
    </edge>
    <edge id="2395036" source="958355" target="1172639">
      <data key="de0">HAS_LINKS</data>
    </edge>
    <edge id="2395035" source="958355" target="1172638">
      <data key="de0">HAS_PROPERTIES</data>
    </edge>
    <edge id="2395091" source="1088563" target="1172108">
      <data key="de0">HAS_PROPERTIES</data>
    </edge>
    <edge id="2395092" source="1088563" target="1172109">
      <data key="de0">HAS_LINKS</data>
    </edge>
    <edge id="2395109" source="958318" target="986114">
      <data key="de0">HAS_LINKS</data>
    </edge>
    <edge id="2395108" source="958318" target="986113">
      <data key="de0">HAS_PROPERTIES</data>
    </edge>
  </graph>
</graphml>
