<?xml version='1.0' encoding='UTF-8'?>
<graphml xmlns="http://graphml.graphdrawing.org/xmlns" xmlns:xsi="http://www.w3.org/2001/XMLSchema-instance" xsi:schemaLocation="http://graphml.graphdrawing.org/xmlns http://graphml.graphdrawing.org/xmlns/1.0/graphml.xsd">
  <key attr.name="is_start" attr.type="boolean" for="node" id="dn7"/>
  <key attr.name="section_id" attr.type="long" for="node" id="dn5"/>
  <key attr.name="is_lacuna" attr.type="boolean" for="node" id="dn9"/>
  <key attr.name="is_common" attr.type="boolean" for="node" id="dn8"/>
  <key attr.name="name" attr.type="string" for="node" id="dn1"/>
  <key attr.name="is_end" attr.type="boolean" for="node" id="dn6"/>
  <key attr.name="rank" attr.type="long" for="node" id="dn3"/>
  <key attr.name="language" attr.type="string" for="node" id="dn4"/>
  <key attr.name="text" attr.type="string" for="node" id="dn2"/>
  <key attr.name="neolabel" attr.type="string" for="node" id="dn0"/>
  <key attr.name="colocation" attr.type="boolean" for="edge" id="de3"/>
  <key attr.name="is_significant" attr.type="string" for="edge" id="de4"/>
  <key attr.name="scope" attr.type="string" for="edge" id="de5"/>
  <key attr.name="neolabel" attr.type="string" for="edge" id="de0"/>
  <key attr.name="type" attr.type="string" for="edge" id="de2"/>
  <key attr.name="witnesses" attr.type="stringarray" for="edge" id="de1"/>
  <graph id="137" edgedefault="directed" parse.edgeids="canonical" parse.edges="87" parse.nodeids="canonical" parse.nodes="88" parse.order="nodesfirst">
    <node id="137">
      <data key="dn0">[SECTION]</data>
      <data key="dn1">section 2</data>
    </node>
    <node id="138">
      <data key="dn0">[READING]</data>
      <data key="dn2">#END#</data>
      <data key="dn3">22</data>
      <data key="dn4">Default</data>
      <data key="dn5">137</data>
      <data key="dn6">true</data>
    </node>
    <node id="139">
      <data key="dn0">[READING]</data>
      <data key="dn2">#START#</data>
      <data key="dn7">true</data>
      <data key="dn4">Default</data>
      <data key="dn5">137</data>
      <data key="dn3">0</data>
    </node>
    <node id="165">
      <data key="dn0">[READING]</data>
      <data key="dn2">cultum</data>
      <data key="dn8">false</data>
      <data key="dn4">Default</data>
      <data key="dn5">137</data>
      <data key="dn3">13</data>
    </node>
    <node id="179">
      <data key="dn0">[READING]</data>
      <data key="dn2">informabatur</data>
      <data key="dn8">false</data>
      <data key="dn4">Default</data>
      <data key="dn5">137</data>
      <data key="dn3">19</data>
    </node>
    <node id="181">
      <data key="dn0">[READING]</data>
      <data key="dn2">SAnctus</data>
      <data key="dn8">false</data>
      <data key="dn4">Default</data>
      <data key="dn5">137</data>
      <data key="dn3">20</data>
    </node>
    <node id="183">
      <data key="dn0">[READING]</data>
      <data key="dn2">Sanctus</data>
      <data key="dn8">false</data>
      <data key="dn4">Default</data>
      <data key="dn5">137</data>
      <data key="dn3">20</data>
    </node>
    <node id="184">
      <data key="dn0">[READING]</data>
      <data key="dn3">21</data>
      <data key="dn8">false</data>
      <data key="dn4">Default</data>
      <data key="dn5">137</data>
      <data key="dn2">autem</data>
    </node>
    <node id="182">
      <data key="dn0">[READING]</data>
      <data key="dn2">anctus</data>
      <data key="dn8">false</data>
      <data key="dn4">Default</data>
      <data key="dn5">137</data>
      <data key="dn3">20</data>
    </node>
    <node id="167">
      <data key="dn0">[READING]</data>
      <data key="dn2">magisque</data>
      <data key="dn8">false</data>
      <data key="dn4">Default</data>
      <data key="dn5">137</data>
      <data key="dn3">15</data>
    </node>
    <node id="171">
      <data key="dn0">[READING]</data>
      <data key="dn2">illustrabatur</data>
      <data key="dn8">false</data>
      <data key="dn4">Default</data>
      <data key="dn5">137</data>
      <data key="dn3">16</data>
    </node>
    <node id="172">
      <data key="dn0">[READING]</data>
      <data key="dn2">iugiter</data>
      <data key="dn8">false</data>
      <data key="dn4">Default</data>
      <data key="dn5">137</data>
      <data key="dn3">17</data>
    </node>
    <node id="173">
      <data key="dn0">[READING]</data>
      <data key="dn2">jugiter</data>
      <data key="dn8">false</data>
      <data key="dn4">Default</data>
      <data key="dn5">137</data>
      <data key="dn3">17</data>
    </node>
    <node id="178">
      <data key="dn0">[READING]</data>
      <data key="dn3">18</data>
      <data key="dn8">false</data>
      <data key="dn4">Default</data>
      <data key="dn5">137</data>
      <data key="dn2">ac</data>
    </node>
    <node id="180">
      <data key="dn0">[READING]</data>
      <data key="dn2">firmabatur</data>
      <data key="dn8">false</data>
      <data key="dn4">Default</data>
      <data key="dn5">137</data>
      <data key="dn3">19</data>
    </node>
    <node id="177">
      <data key="dn0">[READING]</data>
      <data key="dn3">18</data>
      <data key="dn8">false</data>
      <data key="dn4">Default</data>
      <data key="dn5">137</data>
      <data key="dn2">&amp;</data>
    </node>
    <node id="175">
      <data key="dn0">[READING]</data>
      <data key="dn3">18</data>
      <data key="dn8">false</data>
      <data key="dn4">Default</data>
      <data key="dn5">137</data>
      <data key="dn2">et</data>
    </node>
    <node id="174">
      <data key="dn0">[READING]</data>
      <data key="dn3">17</data>
      <data key="dn8">false</data>
      <data key="dn4">Default</data>
      <data key="dn5">137</data>
      <data key="dn2">ac</data>
    </node>
    <node id="176">
      <data key="dn0">[READING]</data>
      <data key="dn2">iugiter</data>
      <data key="dn8">false</data>
      <data key="dn4">Default</data>
      <data key="dn5">137</data>
      <data key="dn3">18</data>
    </node>
    <node id="170">
      <data key="dn0">[READING]</data>
      <data key="dn2">illuminabatur</data>
      <data key="dn8">false</data>
      <data key="dn4">Default</data>
      <data key="dn5">137</data>
      <data key="dn3">16</data>
    </node>
    <node id="168">
      <data key="dn0">[READING]</data>
      <data key="dn2">continue</data>
      <data key="dn8">false</data>
      <data key="dn4">Default</data>
      <data key="dn5">137</data>
      <data key="dn3">15</data>
    </node>
    <node id="166">
      <data key="dn0">[READING]</data>
      <data key="dn3">14</data>
      <data key="dn8">false</data>
      <data key="dn4">Default</data>
      <data key="dn5">137</data>
      <data key="dn2">magis</data>
    </node>
    <node id="169">
      <data key="dn0">[READING]</data>
      <data key="dn2">ac magis</data>
      <data key="dn8">false</data>
      <data key="dn4">Default</data>
      <data key="dn5">137</data>
      <data key="dn3">15</data>
    </node>
    <node id="140">
      <data key="dn0">[READING]</data>
      <data key="dn3">1</data>
      <data key="dn8">false</data>
      <data key="dn4">Default</data>
      <data key="dn5">137</data>
      <data key="dn2">quasi</data>
    </node>
    <node id="141">
      <data key="dn0">[READING]</data>
      <data key="dn2">duobus</data>
      <data key="dn8">false</data>
      <data key="dn4">Default</data>
      <data key="dn5">137</data>
      <data key="dn3">2</data>
    </node>
    <node id="143">
      <data key="dn0">[READING]</data>
      <data key="dn2">luminaribus</data>
      <data key="dn8">false</data>
      <data key="dn4">Default</data>
      <data key="dn5">137</data>
      <data key="dn3">3</data>
    </node>
    <node id="146">
      <data key="dn0">[READING]</data>
      <data key="dn2">magnis</data>
      <data key="dn8">false</data>
      <data key="dn4">Default</data>
      <data key="dn5">137</data>
      <data key="dn3">4</data>
    </node>
    <node id="147">
      <data key="dn0">[READING]</data>
      <data key="dn2">populus</data>
      <data key="dn8">false</data>
      <data key="dn4">Default</data>
      <data key="dn5">137</data>
      <data key="dn3">5</data>
    </node>
    <node id="148">
      <data key="dn0">[READING]</data>
      <data key="dn3">6</data>
      <data key="dn8">false</data>
      <data key="dn4">Default</data>
      <data key="dn5">137</data>
      <data key="dn2">terre</data>
    </node>
    <node id="149">
      <data key="dn0">[READING]</data>
      <data key="dn2">illius</data>
      <data key="dn8">false</data>
      <data key="dn4">Default</data>
      <data key="dn5">137</data>
      <data key="dn3">7</data>
    </node>
    <node id="150">
      <data key="dn0">[READING]</data>
      <data key="dn3">8</data>
      <data key="dn8">false</data>
      <data key="dn4">Default</data>
      <data key="dn5">137</data>
      <data key="dn2">ad</data>
    </node>
    <node id="154">
      <data key="dn0">[READING]</data>
      <data key="dn3">9</data>
      <data key="dn8">false</data>
      <data key="dn4">Default</data>
      <data key="dn5">137</data>
      <data key="dn2">veri</data>
    </node>
    <node id="158">
      <data key="dn0">[READING]</data>
      <data key="dn3">10</data>
      <data key="dn8">false</data>
      <data key="dn4">Default</data>
      <data key="dn5">137</data>
      <data key="dn2">dei</data>
    </node>
    <node id="160">
      <data key="dn0">[READING]</data>
      <data key="dn2">noticiam</data>
      <data key="dn8">false</data>
      <data key="dn4">Default</data>
      <data key="dn5">137</data>
      <data key="dn3">11</data>
    </node>
    <node id="163">
      <data key="dn0">[READING]</data>
      <data key="dn3">12</data>
      <data key="dn8">false</data>
      <data key="dn4">Default</data>
      <data key="dn5">137</data>
      <data key="dn2">&amp;</data>
    </node>
    <node id="159">
      <data key="dn0">[READING]</data>
      <data key="dn2">notitiam</data>
      <data key="dn8">false</data>
      <data key="dn4">Default</data>
      <data key="dn5">137</data>
      <data key="dn3">11</data>
    </node>
    <node id="162">
      <data key="dn0">[READING]</data>
      <data key="dn3">12</data>
      <data key="dn8">false</data>
      <data key="dn4">Default</data>
      <data key="dn5">137</data>
      <data key="dn2">et</data>
    </node>
    <node id="164">
      <data key="dn0">[READING]</data>
      <data key="dn2">noticiam</data>
      <data key="dn8">false</data>
      <data key="dn4">Default</data>
      <data key="dn5">137</data>
      <data key="dn3">13</data>
    </node>
    <node id="161">
      <data key="dn0">[READING]</data>
      <data key="dn2">cultum</data>
      <data key="dn8">false</data>
      <data key="dn4">Default</data>
      <data key="dn5">137</data>
      <data key="dn3">11</data>
    </node>
    <node id="152">
      <data key="dn0">[READING]</data>
      <data key="dn3">9</data>
      <data key="dn8">false</data>
      <data key="dn4">Default</data>
      <data key="dn5">137</data>
      <data key="dn2">ueri</data>
    </node>
    <node id="155">
      <data key="dn0">[READING]</data>
      <data key="dn3">9</data>
      <data key="dn8">false</data>
      <data key="dn4">Default</data>
      <data key="dn5">137</data>
      <data key="dn2">veram</data>
    </node>
    <node id="153">
      <data key="dn0">[READING]</data>
      <data key="dn3">9</data>
      <data key="dn8">false</data>
      <data key="dn4">Default</data>
      <data key="dn5">137</data>
      <data key="dn2">dei</data>
    </node>
    <node id="157">
      <data key="dn0">[READING]</data>
      <data key="dn3">10</data>
      <data key="dn8">false</data>
      <data key="dn4">Default</data>
      <data key="dn5">137</data>
      <data key="dn2">veri</data>
    </node>
    <node id="156">
      <data key="dn0">[READING]</data>
      <data key="dn3">10</data>
      <data key="dn8">false</data>
      <data key="dn4">Default</data>
      <data key="dn5">137</data>
      <data key="dn2">ueri</data>
    </node>
    <node id="151">
      <data key="dn0">[READING]</data>
      <data key="dn2">#LACUNA#</data>
      <data key="dn3">9</data>
      <data key="dn8">false</data>
      <data key="dn4">Default</data>
      <data key="dn9">true</data>
      <data key="dn5">137</data>
    </node>
    <node id="144">
      <data key="dn0">[READING]</data>
      <data key="dn2">magnis</data>
      <data key="dn8">false</data>
      <data key="dn4">Default</data>
      <data key="dn5">137</data>
      <data key="dn3">3</data>
    </node>
    <node id="145">
      <data key="dn0">[READING]</data>
      <data key="dn2">luminaribus</data>
      <data key="dn8">false</data>
      <data key="dn4">Default</data>
      <data key="dn5">137</data>
      <data key="dn3">4</data>
    </node>
    <node id="142">
      <data key="dn0">[READING]</data>
      <data key="dn2">duabus</data>
      <data key="dn8">false</data>
      <data key="dn4">Default</data>
      <data key="dn5">137</data>
      <data key="dn3">2</data>
    </node>
    <edge id="181" source="137" target="138">
      <data key="de0">HAS_END</data>
    </edge>
    <edge id="182" source="137" target="139">
      <data key="de0">COLLATION</data>
    </edge>
    <edge id="183" source="139" target="165">
      <data key="de0">SEQUENCE</data>
      <data key="de1">[Ef]</data>
    </edge>
    <edge id="224" source="165" target="179">
      <data key="de0">SEQUENCE</data>
      <data key="de1">[Ef]</data>
    </edge>
    <edge id="250" source="179" target="181">
      <data key="de0">SEQUENCE</data>
      <data key="de1">[BA]</data>
    </edge>
    <edge id="266" source="181" target="183">
      <data key="de0">RELATED</data>
      <data key="de2">orthographic</data>
      <data key="de3">true</data>
      <data key="de4">no</data>
      <data key="de5">global</data>
    </edge>
    <edge id="257" source="183" target="184">
      <data key="de0">SEQUENCE</data>
      <data key="de1">[A, B, BL, BLu, BS, BSt, BU, Bc, C, Dr, Ef, F, Gh, H, Ho, JG, K, L, Li, M, MN, P, S, Sk, St, T, U, V, X, Y]</data>
    </edge>
    <edge id="258" source="184" target="138">
      <data key="de0">SEQUENCE</data>
      <data key="de1">[A, B, BA, BL, BLu, BS, BSt, BU, Bc, C, Dr, Ef, F, Gh, H, Ho, JG, K, L, Li, M, MN, O, P, S, Sk, St, T, U, V, X, Y]</data>
    </edge>
    <edge id="255" source="181" target="184">
      <data key="de0">SEQUENCE</data>
      <data key="de1">[BA]</data>
    </edge>
    <edge id="253" source="179" target="183">
      <data key="de0">SEQUENCE</data>
      <data key="de1">[A, B, BL, BLu, BS, BSt, BU, C, Dr, Ef, H, Ho, JG, K, L, M, MN, P, S, St, T, U, V, X, Y]</data>
    </edge>
    <edge id="252" source="179" target="138">
      <data key="de0">SEQUENCE</data>
      <data key="de1">[G]</data>
    </edge>
    <edge id="251" source="179" target="182">
      <data key="de0">SEQUENCE</data>
      <data key="de1">[O]</data>
    </edge>
    <edge id="256" source="182" target="184">
      <data key="de0">SEQUENCE</data>
      <data key="de1">[O]</data>
    </edge>
    <edge id="267" source="182" target="183">
      <data key="de0">RELATED</data>
      <data key="de2">spelling</data>
      <data key="de3">true</data>
      <data key="de4">no</data>
      <data key="de5">local</data>
    </edge>
    <edge id="226" source="165" target="167">
      <data key="de0">SEQUENCE</data>
      <data key="de1">[B]</data>
    </edge>
    <edge id="232" source="167" target="171">
      <data key="de0">SEQUENCE</data>
      <data key="de1">[A, B, BA, BL, BLu, BS, BU, C, Dr, F, G, Gh, H, Ho, K, MN, O, P, Sk, St, T, U, V, X, Y]</data>
    </edge>
    <edge id="238" source="171" target="183">
      <data key="de0">SEQUENCE</data>
      <data key="de1">[F, Li, Sk]</data>
    </edge>
    <edge id="239" source="171" target="172">
      <data key="de0">SEQUENCE</data>
      <data key="de1">[A, B, BA, BL, BLu, BSt, BU, Dr, G, Gh, H, K, L, O, P, St, T, V, X]</data>
    </edge>
    <edge id="264" source="172" target="173">
      <data key="de0">RELATED</data>
      <data key="de2">orthographic</data>
      <data key="de3">true</data>
      <data key="de4">no</data>
      <data key="de5">local</data>
    </edge>
    <edge id="243" source="173" target="178">
      <data key="de0">SEQUENCE</data>
      <data key="de1">[C, Ho, M]</data>
    </edge>
    <edge id="249" source="178" target="180">
      <data key="de0">SEQUENCE</data>
      <data key="de1">[Gh]</data>
    </edge>
    <edge id="254" source="180" target="183">
      <data key="de0">SEQUENCE</data>
      <data key="de1">[Gh]</data>
    </edge>
    <edge id="248" source="178" target="179">
      <data key="de0">SEQUENCE</data>
      <data key="de1">[A, B, BA, BSt, BU, C, Dr, G, H, Ho, K, L, M, O, P, S, St, T, V, X]</data>
    </edge>
    <edge id="241" source="172" target="177">
      <data key="de0">SEQUENCE</data>
      <data key="de1">[BLu]</data>
    </edge>
    <edge id="247" source="177" target="179">
      <data key="de0">SEQUENCE</data>
      <data key="de1">[BLu]</data>
    </edge>
    <edge id="242" source="172" target="175">
      <data key="de0">SEQUENCE</data>
      <data key="de1">[BL, JG]</data>
    </edge>
    <edge id="265" source="175" target="177">
      <data key="de0">RELATED</data>
      <data key="de2">orthographic</data>
      <data key="de3">true</data>
      <data key="de4">no</data>
      <data key="de5">global</data>
    </edge>
    <edge id="245" source="175" target="179">
      <data key="de0">SEQUENCE</data>
      <data key="de1">[BL, JG]</data>
    </edge>
    <edge id="240" source="172" target="178">
      <data key="de0">SEQUENCE</data>
      <data key="de1">[A, B, BA, BSt, BU, Dr, G, Gh, H, K, L, O, P, S, St, T, V, X]</data>
    </edge>
    <edge id="237" source="171" target="173">
      <data key="de0">SEQUENCE</data>
      <data key="de1">[C, Ho, M]</data>
    </edge>
    <edge id="236" source="171" target="174">
      <data key="de0">SEQUENCE</data>
      <data key="de1">[BS, MN, U, Y]</data>
    </edge>
    <edge id="244" source="174" target="176">
      <data key="de0">SEQUENCE</data>
      <data key="de1">[BS, MN, U, Y]</data>
    </edge>
    <edge id="246" source="176" target="179">
      <data key="de0">SEQUENCE</data>
      <data key="de1">[BS, MN, U, Y]</data>
    </edge>
    <edge id="231" source="167" target="170">
      <data key="de0">SEQUENCE</data>
      <data key="de1">[JG, S]</data>
    </edge>
    <edge id="235" source="170" target="172">
      <data key="de0">SEQUENCE</data>
      <data key="de1">[JG, S]</data>
    </edge>
    <edge id="263" source="167" target="168">
      <data key="de0">RELATED</data>
      <data key="de2">collated</data>
      <data key="de3">true</data>
      <data key="de4">no</data>
      <data key="de5">local</data>
    </edge>
    <edge id="233" source="168" target="171">
      <data key="de0">SEQUENCE</data>
      <data key="de1">[Li]</data>
    </edge>
    <edge id="227" source="165" target="168">
      <data key="de0">SEQUENCE</data>
      <data key="de1">[Li]</data>
    </edge>
    <edge id="225" source="165" target="166">
      <data key="de0">SEQUENCE</data>
      <data key="de1">[A, BA, BS, BSt, BU, C, Dr, F, G, Gh, H, Ho, JG, K, M, MN, O, P, S, Sk, St, T, U, V, X, Y]</data>
    </edge>
    <edge id="230" source="166" target="171">
      <data key="de0">SEQUENCE</data>
      <data key="de1">[M]</data>
    </edge>
    <edge id="229" source="166" target="169">
      <data key="de0">SEQUENCE</data>
      <data key="de1">[BSt]</data>
    </edge>
    <edge id="234" source="169" target="171">
      <data key="de0">SEQUENCE</data>
      <data key="de1">[BSt]</data>
    </edge>
    <edge id="228" source="166" target="167">
      <data key="de0">SEQUENCE</data>
      <data key="de1">[A, BA, BL, BLu, BS, BU, C, Dr, F, G, Gh, H, Ho, JG, K, MN, O, P, S, Sk, St, T, U, V, X, Y]</data>
    </edge>
    <edge id="184" source="139" target="183">
      <data key="de0">SEQUENCE</data>
      <data key="de1">[Bc]</data>
    </edge>
    <edge id="185" source="139" target="140">
      <data key="de0">SEQUENCE</data>
      <data key="de1">[A, B, BA, BL, BLu, BS, BSt, BU, C, Dr, F, G, Gh, H, Ho, JG, K, L, Li, M, MN, O, P, S, Sk, St, T, U, V, Vg, X, Y]</data>
    </edge>
    <edge id="187" source="140" target="141">
      <data key="de0">SEQUENCE</data>
      <data key="de1">[A, B, BA, BL, BLu, BS, BSt, BU, C, Dr, F, G, Gh, H, Ho, JG, K, L, Li, M, MN, O, P, S, Sk, St, T, U, V, Vg, Y]</data>
    </edge>
    <edge id="189" source="141" target="143">
      <data key="de0">SEQUENCE</data>
      <data key="de1">[St, U]</data>
    </edge>
    <edge id="192" source="143" target="146">
      <data key="de0">SEQUENCE</data>
      <data key="de1">[St, U]</data>
    </edge>
    <edge id="195" source="146" target="147">
      <data key="de0">SEQUENCE</data>
      <data key="de1">[St, U]</data>
    </edge>
    <edge id="196" source="147" target="148">
      <data key="de0">SEQUENCE</data>
      <data key="de1">[A, B, BA, BL, BLu, BS, BSt, BU, C, Dr, F, G, Gh, H, Ho, JG, K, L, Li, M, MN, O, P, S, Sk, St, T, U, V, Vg, X, Y]</data>
    </edge>
    <edge id="197" source="148" target="149">
      <data key="de0">SEQUENCE</data>
      <data key="de1">[A, B, BA, BL, BLu, BS, BSt, BU, C, Dr, F, G, Gh, H, Ho, JG, K, L, Li, M, MN, O, P, S, Sk, St, T, U, V, Vg, X, Y]</data>
    </edge>
    <edge id="198" source="149" target="150">
      <data key="de0">SEQUENCE</data>
      <data key="de1">[A, B, BA, BL, BLu, BS, BSt, BU, C, Dr, F, G, Gh, H, Ho, JG, K, L, Li, M, MN, O, P, S, Sk, St, T, U, V, Vg, X, Y]</data>
    </edge>
    <edge id="202" source="150" target="154">
      <data key="de0">SEQUENCE</data>
      <data key="de1">[A, B, BA, BL, BLu, BS, BSt, BU, C, Dr, G, Ho, K, L, Li, M, MN, S, Sk, St, T, U, V, X, Y]</data>
    </edge>
    <edge id="208" source="154" target="158">
      <data key="de0">SEQUENCE</data>
      <data key="de1">[A, B, BA, BL, BLu, BS, BSt, BU, C, Dr, G, Ho, K, L, Li, M, MN, S, Sk, St, T, U, V, X, Y]</data>
    </edge>
    <edge id="214" source="158" target="160">
      <data key="de0">SEQUENCE</data>
      <data key="de1">[A, B, BA, BS, BSt, BU, C, Dr, G, H, Ho, JG, L, M, MN, Sk, St, T, U, V, X, Y]</data>
    </edge>
    <edge id="217" source="160" target="163">
      <data key="de0">SEQUENCE</data>
      <data key="de1">[A, B, BA, BS, BSt, BU, C, Dr, F, G, Gh, H, Ho, JG, M, MN, O, P, Sk, St, T, U, V, X, Y]</data>
    </edge>
    <edge id="222" source="163" target="165">
      <data key="de0">SEQUENCE</data>
      <data key="de1">[A, B, BA, BS, BSt, BU, C, Dr, F, G, Gh, H, Ho, JG, M, MN, O, P, Sk, St, T, U, V, X, Y]</data>
    </edge>
    <edge id="218" source="160" target="171">
      <data key="de0">SEQUENCE</data>
      <data key="de1">[L]</data>
    </edge>
    <edge id="213" source="158" target="165">
      <data key="de0">SEQUENCE</data>
      <data key="de1">[Li]</data>
    </edge>
    <edge id="215" source="158" target="159">
      <data key="de0">SEQUENCE</data>
      <data key="de1">[K, S]</data>
    </edge>
    <edge id="261" source="159" target="160">
      <data key="de0">RELATED</data>
      <data key="de2">orthographic</data>
      <data key="de3">true</data>
      <data key="de4">no</data>
      <data key="de5">local</data>
    </edge>
    <edge id="216" source="159" target="162">
      <data key="de0">SEQUENCE</data>
      <data key="de1">[K, S]</data>
    </edge>
    <edge id="262" source="162" target="163">
      <data key="de0">RELATED</data>
      <data key="de2">orthographic</data>
      <data key="de3">true</data>
      <data key="de4">no</data>
      <data key="de5">global</data>
    </edge>
    <edge id="220" source="162" target="164">
      <data key="de0">SEQUENCE</data>
      <data key="de1">[BL, BLu]</data>
    </edge>
    <edge id="223" source="164" target="166">
      <data key="de0">SEQUENCE</data>
      <data key="de1">[BL, BLu]</data>
    </edge>
    <edge id="221" source="162" target="165">
      <data key="de0">SEQUENCE</data>
      <data key="de1">[K, S]</data>
    </edge>
    <edge id="212" source="158" target="161">
      <data key="de0">SEQUENCE</data>
      <data key="de1">[BL, BLu]</data>
    </edge>
    <edge id="219" source="161" target="162">
      <data key="de0">SEQUENCE</data>
      <data key="de1">[BL, BLu]</data>
    </edge>
    <edge id="199" source="150" target="152">
      <data key="de0">SEQUENCE</data>
      <data key="de1">[H]</data>
    </edge>
    <edge id="259" source="152" target="154">
      <data key="de0">RELATED</data>
      <data key="de2">orthographic</data>
      <data key="de3">true</data>
      <data key="de4">no</data>
      <data key="de5">local</data>
    </edge>
    <edge id="205" source="152" target="158">
      <data key="de0">SEQUENCE</data>
      <data key="de1">[H]</data>
    </edge>
    <edge id="200" source="150" target="155">
      <data key="de0">SEQUENCE</data>
      <data key="de1">[JG]</data>
    </edge>
    <edge id="209" source="155" target="158">
      <data key="de0">SEQUENCE</data>
      <data key="de1">[JG]</data>
    </edge>
    <edge id="203" source="150" target="153">
      <data key="de0">SEQUENCE</data>
      <data key="de1">[F, Gh, O, P]</data>
    </edge>
    <edge id="207" source="153" target="157">
      <data key="de0">SEQUENCE</data>
      <data key="de1">[O, P]</data>
    </edge>
    <edge id="211" source="157" target="160">
      <data key="de0">SEQUENCE</data>
      <data key="de1">[O, P]</data>
    </edge>
    <edge id="206" source="153" target="156">
      <data key="de0">SEQUENCE</data>
      <data key="de1">[F, Gh]</data>
    </edge>
    <edge id="260" source="156" target="157">
      <data key="de0">RELATED</data>
      <data key="de2">orthographic</data>
      <data key="de3">true</data>
      <data key="de4">no</data>
      <data key="de5">local</data>
    </edge>
    <edge id="210" source="156" target="160">
      <data key="de0">SEQUENCE</data>
      <data key="de1">[F, Gh]</data>
    </edge>
    <edge id="201" source="150" target="151">
      <data key="de0">SEQUENCE</data>
      <data key="de1">[Vg]</data>
    </edge>
    <edge id="204" source="151" target="138">
      <data key="de0">SEQUENCE</data>
      <data key="de1">[Vg]</data>
    </edge>
    <edge id="188" source="141" target="144">
      <data key="de0">SEQUENCE</data>
      <data key="de1">[A, B, BA, BL, BLu, BS, BSt, BU, C, Dr, G, Gh, H, Ho, JG, K, L, Li, M, MN, O, P, S, Sk, T, V, Vg, Y]</data>
    </edge>
    <edge id="193" source="144" target="145">
      <data key="de0">SEQUENCE</data>
      <data key="de1">[A, B, BA, BL, BLu, BS, BSt, BU, C, Dr, G, Gh, H, Ho, JG, K, L, Li, M, MN, O, P, S, Sk, T, V, Vg, X, Y]</data>
    </edge>
    <edge id="194" source="145" target="147">
      <data key="de0">SEQUENCE</data>
      <data key="de1">[A, B, BA, BL, BLu, BS, BSt, BU, C, Dr, F, G, Gh, H, Ho, JG, K, L, Li, M, MN, O, P, S, Sk, T, V, Vg, X, Y]</data>
    </edge>
    <edge id="190" source="141" target="145">
      <data key="de0">SEQUENCE</data>
      <data key="de1">[F]</data>
    </edge>
    <edge id="186" source="140" target="142">
      <data key="de0">SEQUENCE</data>
      <data key="de1">[X]</data>
    </edge>
    <edge id="191" source="142" target="144">
      <data key="de0">SEQUENCE</data>
      <data key="de1">[X]</data>
    </edge>
  </graph>
</graphml>