<?xml version='1.0' encoding='UTF-8'?>
<graphml xmlns="http://graphml.graphdrawing.org/xmlns" xmlns:xsi="http://www.w3.org/2001/XMLSchema-instance" xsi:schemaLocation="http://graphml.graphdrawing.org/xmlns http://graphml.graphdrawing.org/xmlns/1.0/graphml.xsd">
  <key attr.name="is_start" attr.type="boolean" for="node" id="dn5"/>
  <key attr.name="section_id" attr.type="long" for="node" id="dn6"/>
  <key attr.name="is_lacuna" attr.type="boolean" for="node" id="dn9"/>
  <key attr.name="is_common" attr.type="boolean" for="node" id="dn7"/>
  <key attr.name="name" attr.type="string" for="node" id="dn1"/>
  <key attr.name="is_end" attr.type="boolean" for="node" id="dn8"/>
  <key attr.name="rank" attr.type="long" for="node" id="dn2"/>
  <key attr.name="language" attr.type="string" for="node" id="dn4"/>
  <key attr.name="text" attr.type="string" for="node" id="dn3"/>
  <key attr.name="neolabel" attr.type="string" for="node" id="dn0"/>
  <key attr.name="colocation" attr.type="boolean" for="edge" id="de2"/>
  <key attr.name="is_significant" attr.type="string" for="edge" id="de4"/>
  <key attr.name="scope" attr.type="string" for="edge" id="de5"/>
  <key attr.name="neolabel" attr.type="string" for="edge" id="de0"/>
  <key attr.name="type" attr.type="string" for="edge" id="de3"/>
  <key attr.name="witnesses" attr.type="stringarray" for="edge" id="de1"/>
  <graph id="185931" edgedefault="directed" parse.edgeids="canonical" parse.edges="86" parse.nodeids="canonical" parse.nodes="87" parse.order="nodesfirst">
    <node id="185931">
      <data key="dn0">[SECTION]</data>
      <data key="dn1">section test</data>
    </node>
    <node id="185933">
      <data key="dn0">[READING]</data>
      <data key="dn2">0</data>
      <data key="dn3">#START#</data>
      <data key="dn4">Default</data>
      <data key="dn5">true</data>
      <data key="dn6">185931</data>
    </node>
    <node id="185934">
      <data key="dn0">[READING]</data>
      <data key="dn2">1</data>
      <data key="dn3">quasi</data>
      <data key="dn7">false</data>
      <data key="dn4">Default</data>
      <data key="dn6">185931</data>
    </node>
    <node id="185936">
      <data key="dn0">[READING]</data>
      <data key="dn2">2</data>
      <data key="dn3">duabus</data>
      <data key="dn7">false</data>
      <data key="dn4">Default</data>
      <data key="dn6">185931</data>
    </node>
    <node id="185938">
      <data key="dn0">[READING]</data>
      <data key="dn2">3</data>
      <data key="dn3">magnis</data>
      <data key="dn7">false</data>
      <data key="dn4">Default</data>
      <data key="dn6">185931</data>
    </node>
    <node id="185939">
      <data key="dn0">[READING]</data>
      <data key="dn2">4</data>
      <data key="dn3">luminaribus</data>
      <data key="dn7">false</data>
      <data key="dn4">Default</data>
      <data key="dn6">185931</data>
    </node>
    <node id="192101">
      <data key="dn0">[READING]</data>
      <data key="dn2">5</data>
      <data key="dn3">populus</data>
      <data key="dn7">false</data>
      <data key="dn4">Default</data>
      <data key="dn6">185931</data>
    </node>
    <node id="192102">
      <data key="dn0">[READING]</data>
      <data key="dn2">6</data>
      <data key="dn3">terre</data>
      <data key="dn7">false</data>
      <data key="dn4">Default</data>
      <data key="dn6">185931</data>
    </node>
    <node id="192103">
      <data key="dn0">[READING]</data>
      <data key="dn2">7</data>
      <data key="dn3">illius</data>
      <data key="dn7">false</data>
      <data key="dn4">Default</data>
      <data key="dn6">185931</data>
    </node>
    <node id="192104">
      <data key="dn0">[READING]</data>
      <data key="dn2">8</data>
      <data key="dn3">ad</data>
      <data key="dn7">false</data>
      <data key="dn4">Default</data>
      <data key="dn6">185931</data>
    </node>
    <node id="192107">
      <data key="dn0">[READING]</data>
      <data key="dn2">9</data>
      <data key="dn3">dei</data>
      <data key="dn7">false</data>
      <data key="dn4">Default</data>
      <data key="dn6">185931</data>
    </node>
    <node id="192111">
      <data key="dn0">[READING]</data>
      <data key="dn2">10</data>
      <data key="dn3">veri</data>
      <data key="dn7">false</data>
      <data key="dn4">Default</data>
      <data key="dn6">185931</data>
    </node>
    <node id="192114">
      <data key="dn0">[READING]</data>
      <data key="dn2">11</data>
      <data key="dn3">noticiam</data>
      <data key="dn7">false</data>
      <data key="dn4">Default</data>
      <data key="dn6">185931</data>
    </node>
    <node id="192117">
      <data key="dn0">[READING]</data>
      <data key="dn2">12</data>
      <data key="dn3">&amp;</data>
      <data key="dn7">false</data>
      <data key="dn4">Default</data>
      <data key="dn6">185931</data>
    </node>
    <node id="192119">
      <data key="dn0">[READING]</data>
      <data key="dn2">13</data>
      <data key="dn3">cultum</data>
      <data key="dn7">false</data>
      <data key="dn4">Default</data>
      <data key="dn6">185931</data>
    </node>
    <node id="192122">
      <data key="dn0">[READING]</data>
      <data key="dn2">14</data>
      <data key="dn3">continue</data>
      <data key="dn7">false</data>
      <data key="dn4">Default</data>
      <data key="dn6">185931</data>
    </node>
    <node id="192125">
      <data key="dn0">[READING]</data>
      <data key="dn2">16</data>
      <data key="dn3">illustrabatur</data>
      <data key="dn7">false</data>
      <data key="dn4">Default</data>
      <data key="dn6">185931</data>
    </node>
    <node id="192127">
      <data key="dn0">[READING]</data>
      <data key="dn2">17</data>
      <data key="dn3">jugiter</data>
      <data key="dn7">false</data>
      <data key="dn4">Default</data>
      <data key="dn6">185931</data>
    </node>
    <node id="192132">
      <data key="dn0">[READING]</data>
      <data key="dn2">18</data>
      <data key="dn3">ac</data>
      <data key="dn7">false</data>
      <data key="dn4">Default</data>
      <data key="dn6">185931</data>
    </node>
    <node id="192133">
      <data key="dn0">[READING]</data>
      <data key="dn2">19</data>
      <data key="dn3">informabatur</data>
      <data key="dn7">false</data>
      <data key="dn4">Default</data>
      <data key="dn6">185931</data>
    </node>
    <node id="192136">
      <data key="dn0">[READING]</data>
      <data key="dn2">20</data>
      <data key="dn3">anctus</data>
      <data key="dn7">false</data>
      <data key="dn4">Default</data>
      <data key="dn6">185931</data>
    </node>
    <node id="192138">
      <data key="dn0">[READING]</data>
      <data key="dn2">21</data>
      <data key="dn3">autem</data>
      <data key="dn7">false</data>
      <data key="dn4">Default</data>
      <data key="dn6">185931</data>
    </node>
    <node id="185932">
      <data key="dn0">[READING]</data>
      <data key="dn2">22</data>
      <data key="dn3">#END#</data>
      <data key="dn8">true</data>
      <data key="dn4">Default</data>
      <data key="dn6">185931</data>
    </node>
    <node id="192137">
      <data key="dn0">[READING]</data>
      <data key="dn2">20</data>
      <data key="dn3">Sanctus</data>
      <data key="dn7">false</data>
      <data key="dn4">Default</data>
      <data key="dn6">185931</data>
    </node>
    <node id="192135">
      <data key="dn0">[READING]</data>
      <data key="dn2">20</data>
      <data key="dn3">SAnctus</data>
      <data key="dn7">false</data>
      <data key="dn4">Default</data>
      <data key="dn6">185931</data>
    </node>
    <node id="192134">
      <data key="dn0">[READING]</data>
      <data key="dn2">19</data>
      <data key="dn3">firmabatur</data>
      <data key="dn7">false</data>
      <data key="dn4">Default</data>
      <data key="dn6">185931</data>
    </node>
    <node id="192128">
      <data key="dn0">[READING]</data>
      <data key="dn2">17</data>
      <data key="dn3">ac</data>
      <data key="dn7">false</data>
      <data key="dn4">Default</data>
      <data key="dn6">185931</data>
    </node>
    <node id="192130">
      <data key="dn0">[READING]</data>
      <data key="dn2">18</data>
      <data key="dn3">iugiter</data>
      <data key="dn7">false</data>
      <data key="dn4">Default</data>
      <data key="dn6">185931</data>
    </node>
    <node id="192126">
      <data key="dn0">[READING]</data>
      <data key="dn2">17</data>
      <data key="dn3">iugiter</data>
      <data key="dn7">false</data>
      <data key="dn4">Default</data>
      <data key="dn6">185931</data>
    </node>
    <node id="192131">
      <data key="dn0">[READING]</data>
      <data key="dn2">18</data>
      <data key="dn3">&amp;</data>
      <data key="dn7">false</data>
      <data key="dn4">Default</data>
      <data key="dn6">185931</data>
    </node>
    <node id="192129">
      <data key="dn0">[READING]</data>
      <data key="dn2">18</data>
      <data key="dn3">et</data>
      <data key="dn7">false</data>
      <data key="dn4">Default</data>
      <data key="dn6">185931</data>
    </node>
    <node id="192120">
      <data key="dn0">[READING]</data>
      <data key="dn2">14</data>
      <data key="dn3">magis</data>
      <data key="dn7">false</data>
      <data key="dn4">Default</data>
      <data key="dn6">185931</data>
    </node>
    <node id="192123">
      <data key="dn0">[READING]</data>
      <data key="dn2">15</data>
      <data key="dn3">ac magis</data>
      <data key="dn7">false</data>
      <data key="dn4">Default</data>
      <data key="dn6">185931</data>
    </node>
    <node id="192121">
      <data key="dn0">[READING]</data>
      <data key="dn2">15</data>
      <data key="dn3">magisque</data>
      <data key="dn7">false</data>
      <data key="dn4">Default</data>
      <data key="dn6">185931</data>
    </node>
    <node id="192124">
      <data key="dn0">[READING]</data>
      <data key="dn2">16</data>
      <data key="dn3">illuminabatur</data>
      <data key="dn7">false</data>
      <data key="dn4">Default</data>
      <data key="dn6">185931</data>
    </node>
    <node id="192110">
      <data key="dn0">[READING]</data>
      <data key="dn2">10</data>
      <data key="dn3">ueri</data>
      <data key="dn7">false</data>
      <data key="dn4">Default</data>
      <data key="dn6">185931</data>
    </node>
    <node id="192105">
      <data key="dn0">[READING]</data>
      <data key="dn6">185931</data>
      <data key="dn2">9</data>
      <data key="dn3">#LACUNA#</data>
      <data key="dn9">true</data>
      <data key="dn7">false</data>
      <data key="dn4">Default</data>
    </node>
    <node id="192108">
      <data key="dn0">[READING]</data>
      <data key="dn2">9</data>
      <data key="dn3">veri</data>
      <data key="dn7">false</data>
      <data key="dn4">Default</data>
      <data key="dn6">185931</data>
    </node>
    <node id="192112">
      <data key="dn0">[READING]</data>
      <data key="dn2">10</data>
      <data key="dn3">dei</data>
      <data key="dn7">false</data>
      <data key="dn4">Default</data>
      <data key="dn6">185931</data>
    </node>
    <node id="192113">
      <data key="dn0">[READING]</data>
      <data key="dn2">11</data>
      <data key="dn3">notitiam</data>
      <data key="dn7">false</data>
      <data key="dn4">Default</data>
      <data key="dn6">185931</data>
    </node>
    <node id="192116">
      <data key="dn0">[READING]</data>
      <data key="dn2">12</data>
      <data key="dn3">et</data>
      <data key="dn7">false</data>
      <data key="dn4">Default</data>
      <data key="dn6">185931</data>
    </node>
    <node id="192118">
      <data key="dn0">[READING]</data>
      <data key="dn2">13</data>
      <data key="dn3">noticiam</data>
      <data key="dn7">false</data>
      <data key="dn4">Default</data>
      <data key="dn6">185931</data>
    </node>
    <node id="192115">
      <data key="dn0">[READING]</data>
      <data key="dn2">11</data>
      <data key="dn3">cultum</data>
      <data key="dn7">false</data>
      <data key="dn4">Default</data>
      <data key="dn6">185931</data>
    </node>
    <node id="192106">
      <data key="dn0">[READING]</data>
      <data key="dn2">9</data>
      <data key="dn3">ueri</data>
      <data key="dn7">false</data>
      <data key="dn4">Default</data>
      <data key="dn6">185931</data>
    </node>
    <node id="192109">
      <data key="dn0">[READING]</data>
      <data key="dn2">9</data>
      <data key="dn3">veram</data>
      <data key="dn7">false</data>
      <data key="dn4">Default</data>
      <data key="dn6">185931</data>
    </node>
    <node id="185935">
      <data key="dn0">[READING]</data>
      <data key="dn2">2</data>
      <data key="dn3">duobus</data>
      <data key="dn7">false</data>
      <data key="dn4">Default</data>
      <data key="dn6">185931</data>
    </node>
    <node id="185937">
      <data key="dn0">[READING]</data>
      <data key="dn2">3</data>
      <data key="dn3">luminaribus</data>
      <data key="dn7">false</data>
      <data key="dn4">Default</data>
      <data key="dn6">185931</data>
    </node>
    <node id="192100">
      <data key="dn0">[READING]</data>
      <data key="dn2">4</data>
      <data key="dn3">magnis</data>
      <data key="dn7">false</data>
      <data key="dn4">Default</data>
      <data key="dn6">185931</data>
    </node>
    <edge id="261498" source="185931" target="185933">
      <data key="de0">COLLATION</data>
    </edge>
    <edge id="270101" source="185933" target="185934">
      <data key="de0">SEQUENCE</data>
      <data key="de1">[A, B, BA, BL, BLu, BS, BSt, BU, C, Dr, F, G, Gh, H, Ho, JG, K, L, Li, M, MN, O, P, S, Sk, St, T, U, V, Vg, X, Y]</data>
    </edge>
    <edge id="270102" source="185934" target="185936">
      <data key="de0">SEQUENCE</data>
      <data key="de1">[X]</data>
    </edge>
    <edge id="270107" source="185936" target="185938">
      <data key="de0">SEQUENCE</data>
      <data key="de1">[X]</data>
    </edge>
    <edge id="270109" source="185938" target="185939">
      <data key="de0">SEQUENCE</data>
      <data key="de1">[A, B, BA, BL, BLu, BS, BSt, BU, C, Dr, G, Gh, H, Ho, JG, K, L, Li, M, MN, O, P, S, Sk, T, V, Vg, X, Y]</data>
    </edge>
    <edge id="270110" source="185939" target="192101">
      <data key="de0">SEQUENCE</data>
      <data key="de1">[A, B, BA, BL, BLu, BS, BSt, BU, C, Dr, F, G, Gh, H, Ho, JG, K, L, Li, M, MN, O, P, S, Sk, T, V, Vg, X, Y]</data>
    </edge>
    <edge id="270112" source="192101" target="192102">
      <data key="de0">SEQUENCE</data>
      <data key="de1">[A, B, BA, BL, BLu, BS, BSt, BU, C, Dr, F, G, Gh, H, Ho, JG, K, L, Li, M, MN, O, P, S, Sk, St, T, U, V, Vg, X, Y]</data>
    </edge>
    <edge id="270113" source="192102" target="192103">
      <data key="de0">SEQUENCE</data>
      <data key="de1">[A, B, BA, BL, BLu, BS, BSt, BU, C, Dr, F, G, Gh, H, Ho, JG, K, L, Li, M, MN, O, P, S, Sk, St, T, U, V, Vg, X, Y]</data>
    </edge>
    <edge id="270114" source="192103" target="192104">
      <data key="de0">SEQUENCE</data>
      <data key="de1">[A, B, BA, BL, BLu, BS, BSt, BU, C, Dr, F, G, Gh, H, Ho, JG, K, L, Li, M, MN, O, P, S, Sk, St, T, U, V, Vg, X, Y]</data>
    </edge>
    <edge id="270119" source="192104" target="192107">
      <data key="de0">SEQUENCE</data>
      <data key="de1">[F, Gh, O, P]</data>
    </edge>
    <edge id="270123" source="192107" target="192111">
      <data key="de0">SEQUENCE</data>
      <data key="de1">[O, P]</data>
    </edge>
    <edge id="270127" source="192111" target="192114">
      <data key="de0">SEQUENCE</data>
      <data key="de1">[O, P]</data>
    </edge>
    <edge id="270133" source="192114" target="192117">
      <data key="de0">SEQUENCE</data>
      <data key="de1">[A, B, BA, BS, BSt, BU, C, Dr, F, G, Gh, H, Ho, JG, M, MN, O, P, Sk, St, T, U, V, X, Y]</data>
    </edge>
    <edge id="270138" source="192117" target="192119">
      <data key="de0">SEQUENCE</data>
      <data key="de1">[A, B, BA, BS, BSt, BU, C, Dr, F, G, Gh, H, Ho, JG, M, MN, O, P, Sk, St, T, U, V, X, Y]</data>
    </edge>
    <edge id="270143" source="192119" target="192122">
      <data key="de0">SEQUENCE</data>
      <data key="de1">[Li]</data>
    </edge>
    <edge id="270149" source="192122" target="192125">
      <data key="de0">SEQUENCE</data>
      <data key="de1">[Li]</data>
    </edge>
    <edge id="270153" source="192125" target="192127">
      <data key="de0">SEQUENCE</data>
      <data key="de1">[C, Ho, M]</data>
    </edge>
    <edge id="270159" source="192127" target="192132">
      <data key="de0">SEQUENCE</data>
      <data key="de1">[C, Ho, M]</data>
    </edge>
    <edge id="270164" source="192132" target="192133">
      <data key="de0">SEQUENCE</data>
      <data key="de1">[A, B, BA, BSt, BU, C, Dr, G, H, Ho, K, L, M, O, P, S, St, T, V, X]</data>
    </edge>
    <edge id="270167" source="192133" target="192136">
      <data key="de0">SEQUENCE</data>
      <data key="de1">[O]</data>
    </edge>
    <edge id="270172" source="192136" target="192138">
      <data key="de0">SEQUENCE</data>
      <data key="de1">[O]</data>
    </edge>
    <edge id="270174" source="192138" target="185932">
      <data key="de0">SEQUENCE</data>
      <data key="de1">[A, B, BA, BL, BLu, BS, BSt, BU, Bc, C, Dr, Ef, F, Gh, H, Ho, JG, K, L, Li, M, MN, O, P, S, Sk, St, T, U, V, X, Y]</data>
    </edge>
    <edge id="270182" source="192136" target="192137">
      <data key="de0">RELATED</data>
      <data key="de2">true</data>
      <data key="de3">spelling</data>
      <data key="de4">no</data>
      <data key="de5">local</data>
    </edge>
    <edge id="270173" source="192137" target="192138">
      <data key="de0">SEQUENCE</data>
      <data key="de1">[A, B, BL, BLu, BS, BSt, BU, Bc, C, Dr, Ef, F, Gh, H, Ho, JG, K, L, Li, M, MN, P, S, Sk, St, T, U, V, X, Y]</data>
    </edge>
    <edge id="270166" source="192133" target="192135">
      <data key="de0">SEQUENCE</data>
      <data key="de1">[BA]</data>
    </edge>
    <edge id="270171" source="192135" target="192138">
      <data key="de0">SEQUENCE</data>
      <data key="de1">[BA]</data>
    </edge>
    <edge id="270181" source="192135" target="192137">
      <data key="de0">RELATED</data>
      <data key="de5">global</data>
      <data key="de3">orthographic</data>
      <data key="de4">no</data>
      <data key="de2">true</data>
    </edge>
    <edge id="270168" source="192133" target="185932">
      <data key="de0">SEQUENCE</data>
      <data key="de1">[G]</data>
    </edge>
    <edge id="270169" source="192133" target="192137">
      <data key="de0">SEQUENCE</data>
      <data key="de1">[A, B, BL, BLu, BS, BSt, BU, C, Dr, Ef, H, Ho, JG, K, L, M, MN, P, S, St, T, U, V, X, Y]</data>
    </edge>
    <edge id="270165" source="192132" target="192134">
      <data key="de0">SEQUENCE</data>
      <data key="de1">[Gh]</data>
    </edge>
    <edge id="270170" source="192134" target="192137">
      <data key="de0">SEQUENCE</data>
      <data key="de1">[Gh]</data>
    </edge>
    <edge id="270152" source="192125" target="192128">
      <data key="de0">SEQUENCE</data>
      <data key="de1">[BS, MN, U, Y]</data>
    </edge>
    <edge id="270160" source="192128" target="192130">
      <data key="de0">SEQUENCE</data>
      <data key="de1">[BS, MN, U, Y]</data>
    </edge>
    <edge id="270162" source="192130" target="192133">
      <data key="de0">SEQUENCE</data>
      <data key="de1">[BS, MN, U, Y]</data>
    </edge>
    <edge id="270155" source="192125" target="192126">
      <data key="de0">SEQUENCE</data>
      <data key="de1">[A, B, BA, BL, BLu, BSt, BU, Dr, G, Gh, H, K, L, O, P, St, T, V, X]</data>
    </edge>
    <edge id="270157" source="192126" target="192131">
      <data key="de0">SEQUENCE</data>
      <data key="de1">[BLu]</data>
    </edge>
    <edge id="270163" source="192131" target="192133">
      <data key="de0">SEQUENCE</data>
      <data key="de1">[BLu]</data>
    </edge>
    <edge id="270179" source="192126" target="192127">
      <data key="de0">RELATED</data>
      <data key="de2">true</data>
      <data key="de3">orthographic</data>
      <data key="de4">no</data>
      <data key="de5">local</data>
    </edge>
    <edge id="270158" source="192126" target="192129">
      <data key="de0">SEQUENCE</data>
      <data key="de1">[BL, JG]</data>
    </edge>
    <edge id="270161" source="192129" target="192133">
      <data key="de0">SEQUENCE</data>
      <data key="de1">[BL, JG]</data>
    </edge>
    <edge id="270180" source="192129" target="192131">
      <data key="de0">RELATED</data>
      <data key="de5">global</data>
      <data key="de3">orthographic</data>
      <data key="de4">no</data>
      <data key="de2">true</data>
    </edge>
    <edge id="270156" source="192126" target="192132">
      <data key="de0">SEQUENCE</data>
      <data key="de1">[A, B, BA, BSt, BU, Dr, G, Gh, H, K, L, O, P, S, St, T, V, X]</data>
    </edge>
    <edge id="270154" source="192125" target="192137">
      <data key="de0">SEQUENCE</data>
      <data key="de1">[F, Li, Sk]</data>
    </edge>
    <edge id="270140" source="192119" target="192133">
      <data key="de0">SEQUENCE</data>
      <data key="de1">[Ef]</data>
    </edge>
    <edge id="270141" source="192119" target="192120">
      <data key="de0">SEQUENCE</data>
      <data key="de1">[A, BA, BS, BSt, BU, C, Dr, F, G, Gh, H, Ho, JG, K, M, MN, O, P, S, Sk, St, T, U, V, X, Y]</data>
    </edge>
    <edge id="270145" source="192120" target="192123">
      <data key="de0">SEQUENCE</data>
      <data key="de1">[BSt]</data>
    </edge>
    <edge id="270150" source="192123" target="192125">
      <data key="de0">SEQUENCE</data>
      <data key="de1">[BSt]</data>
    </edge>
    <edge id="270144" source="192120" target="192121">
      <data key="de0">SEQUENCE</data>
      <data key="de1">[A, BA, BL, BLu, BS, BU, C, Dr, F, G, Gh, H, Ho, JG, K, MN, O, P, S, Sk, St, T, U, V, X, Y]</data>
    </edge>
    <edge id="270147" source="192121" target="192124">
      <data key="de0">SEQUENCE</data>
      <data key="de1">[JG, S]</data>
    </edge>
    <edge id="270151" source="192124" target="192126">
      <data key="de0">SEQUENCE</data>
      <data key="de1">[JG, S]</data>
    </edge>
    <edge id="270148" source="192121" target="192125">
      <data key="de0">SEQUENCE</data>
      <data key="de1">[A, B, BA, BL, BLu, BS, BU, C, Dr, F, G, Gh, H, Ho, K, MN, O, P, Sk, St, T, U, V, X, Y]</data>
    </edge>
    <edge id="270146" source="192120" target="192125">
      <data key="de0">SEQUENCE</data>
      <data key="de1">[M]</data>
    </edge>
    <edge id="270142" source="192119" target="192121">
      <data key="de0">SEQUENCE</data>
      <data key="de1">[B]</data>
    </edge>
    <edge id="270134" source="192114" target="192125">
      <data key="de0">SEQUENCE</data>
      <data key="de1">[L]</data>
    </edge>
    <edge id="270122" source="192107" target="192110">
      <data key="de0">SEQUENCE</data>
      <data key="de1">[F, Gh]</data>
    </edge>
    <edge id="270176" source="192110" target="192111">
      <data key="de0">RELATED</data>
      <data key="de2">true</data>
      <data key="de3">orthographic</data>
      <data key="de4">no</data>
      <data key="de5">local</data>
    </edge>
    <edge id="270126" source="192110" target="192114">
      <data key="de0">SEQUENCE</data>
      <data key="de1">[F, Gh]</data>
    </edge>
    <edge id="270117" source="192104" target="192105">
      <data key="de0">SEQUENCE</data>
      <data key="de1">[Vg]</data>
    </edge>
    <edge id="270120" source="192105" target="185932">
      <data key="de0">SEQUENCE</data>
      <data key="de1">[Vg]</data>
    </edge>
    <edge id="270118" source="192104" target="192108">
      <data key="de0">SEQUENCE</data>
      <data key="de1">[A, B, BA, BL, BLu, BS, BSt, BU, C, Dr, G, Ho, K, L, Li, M, MN, S, Sk, St, T, U, V, X, Y]</data>
    </edge>
    <edge id="270124" source="192108" target="192112">
      <data key="de0">SEQUENCE</data>
      <data key="de1">[A, B, BA, BL, BLu, BS, BSt, BU, C, Dr, G, Ho, K, L, Li, M, MN, S, Sk, St, T, U, V, X, Y]</data>
    </edge>
    <edge id="270131" source="192112" target="192113">
      <data key="de0">SEQUENCE</data>
      <data key="de1">[K, S]</data>
    </edge>
    <edge id="270132" source="192113" target="192116">
      <data key="de0">SEQUENCE</data>
      <data key="de1">[K, S]</data>
    </edge>
    <edge id="270178" source="192116" target="192117">
      <data key="de0">RELATED</data>
      <data key="de5">global</data>
      <data key="de3">orthographic</data>
      <data key="de4">no</data>
      <data key="de2">true</data>
    </edge>
    <edge id="270137" source="192116" target="192119">
      <data key="de0">SEQUENCE</data>
      <data key="de1">[K, S]</data>
    </edge>
    <edge id="270136" source="192116" target="192118">
      <data key="de0">SEQUENCE</data>
      <data key="de1">[BL, BLu]</data>
    </edge>
    <edge id="270139" source="192118" target="192120">
      <data key="de0">SEQUENCE</data>
      <data key="de1">[BL, BLu]</data>
    </edge>
    <edge id="270177" source="192113" target="192114">
      <data key="de0">RELATED</data>
      <data key="de2">true</data>
      <data key="de3">orthographic</data>
      <data key="de4">no</data>
      <data key="de5">local</data>
    </edge>
    <edge id="270130" source="192112" target="192114">
      <data key="de0">SEQUENCE</data>
      <data key="de1">[A, B, BA, BS, BSt, BU, C, Dr, G, H, Ho, JG, L, M, MN, Sk, St, T, U, V, X, Y]</data>
    </edge>
    <edge id="270128" source="192112" target="192115">
      <data key="de0">SEQUENCE</data>
      <data key="de1">[BL, BLu]</data>
    </edge>
    <edge id="270135" source="192115" target="192116">
      <data key="de0">SEQUENCE</data>
      <data key="de1">[BL, BLu]</data>
    </edge>
    <edge id="270129" source="192112" target="192119">
      <data key="de0">SEQUENCE</data>
      <data key="de1">[Li]</data>
    </edge>
    <edge id="270115" source="192104" target="192106">
      <data key="de0">SEQUENCE</data>
      <data key="de1">[H]</data>
    </edge>
    <edge id="270175" source="192106" target="192108">
      <data key="de0">RELATED</data>
      <data key="de2">true</data>
      <data key="de3">orthographic</data>
      <data key="de4">no</data>
      <data key="de5">local</data>
    </edge>
    <edge id="270121" source="192106" target="192112">
      <data key="de0">SEQUENCE</data>
      <data key="de1">[H]</data>
    </edge>
    <edge id="270116" source="192104" target="192109">
      <data key="de0">SEQUENCE</data>
      <data key="de1">[JG]</data>
    </edge>
    <edge id="270125" source="192109" target="192112">
      <data key="de0">SEQUENCE</data>
      <data key="de1">[JG]</data>
    </edge>
    <edge id="270103" source="185934" target="185935">
      <data key="de0">SEQUENCE</data>
      <data key="de1">[A, B, BA, BL, BLu, BS, BSt, BU, C, Dr, F, G, Gh, H, Ho, JG, K, L, Li, M, MN, O, P, S, Sk, St, T, U, V, Vg, Y]</data>
    </edge>
    <edge id="270105" source="185935" target="185937">
      <data key="de0">SEQUENCE</data>
      <data key="de1">[St, U]</data>
    </edge>
    <edge id="270108" source="185937" target="192100">
      <data key="de0">SEQUENCE</data>
      <data key="de1">[St, U]</data>
    </edge>
    <edge id="270111" source="192100" target="192101">
      <data key="de0">SEQUENCE</data>
      <data key="de1">[St, U]</data>
    </edge>
    <edge id="270106" source="185935" target="185939">
      <data key="de0">SEQUENCE</data>
      <data key="de1">[F]</data>
    </edge>
    <edge id="270104" source="185935" target="185938">
      <data key="de0">SEQUENCE</data>
      <data key="de1">[A, B, BA, BL, BLu, BS, BSt, BU, C, Dr, G, Gh, H, Ho, JG, K, L, Li, M, MN, O, P, S, Sk, T, V, Vg, Y]</data>
    </edge>
    <edge id="261499" source="185933" target="192119">
      <data key="de0">SEQUENCE</data>
      <data key="de1">[Ef]</data>
    </edge>
    <edge id="270100" source="185933" target="192137">
      <data key="de0">SEQUENCE</data>
      <data key="de1">[Bc]</data>
    </edge>
    <edge id="261497" source="185931" target="185932">
      <data key="de0">HAS_END</data>
    </edge>
  </graph>
</graphml>