<?xml version='1.0' encoding='UTF-8'?>
<graphml xmlns="http://graphml.graphdrawing.org/xmlns" xmlns:xsi="http://www.w3.org/2001/XMLSchema-instance" xsi:schemaLocation="http://graphml.graphdrawing.org/xmlns http://graphml.graphdrawing.org/xmlns/1.0/graphml.xsd">
  <key attr.name="is_start" attr.type="boolean" for="node" id="dn4"/>
  <key attr.name="section_id" attr.type="long" for="node" id="dn6"/>
  <key attr.name="is_lacuna" attr.type="boolean" for="node" id="dn9"/>
  <key attr.name="is_common" attr.type="boolean" for="node" id="dn3"/>
  <key attr.name="name" attr.type="string" for="node" id="dn1"/>
  <key attr.name="is_end" attr.type="boolean" for="node" id="dn8"/>
  <key attr.name="rank" attr.type="long" for="node" id="dn7"/>
  <key attr.name="language" attr.type="string" for="node" id="dn5"/>
  <key attr.name="text" attr.type="string" for="node" id="dn2"/>
  <key attr.name="neolabel" attr.type="string" for="node" id="dn0"/>
  <key attr.name="colocation" attr.type="boolean" for="edge" id="de3"/>
  <key attr.name="is_significant" attr.type="string" for="edge" id="de4"/>
  <key attr.name="scope" attr.type="string" for="edge" id="de5"/>
  <key attr.name="neolabel" attr.type="string" for="edge" id="de0"/>
  <key attr.name="type" attr.type="string" for="edge" id="de2"/>
  <key attr.name="witnesses" attr.type="stringarray" for="edge" id="de1"/>
  <graph id="26" edgedefault="directed" parse.edgeids="canonical" parse.edges="68" parse.nodeids="canonical" parse.nodes="69" parse.order="nodesfirst">
    <node id="26">
      <data key="dn0">[SECTION]</data>
      <data key="dn1">DEFAULT</data>
    </node>
    <node id="28">
      <data key="dn0">[READING]</data>
      <data key="dn2">#START#</data>
      <data key="dn3">false</data>
      <data key="dn4">true</data>
      <data key="dn5">Default</data>
      <data key="dn6">26</data>
      <data key="dn7">0</data>
    </node>
    <node id="82">
      <data key="dn0">[READING]</data>
      <data key="dn7">1</data>
      <data key="dn3">true</data>
      <data key="dn5">Default</data>
      <data key="dn6">26</data>
      <data key="dn2">in</data>
    </node>
    <node id="85">
      <data key="dn0">[READING]</data>
      <data key="dn2">swetia</data>
      <data key="dn3">false</data>
      <data key="dn5">Default</data>
      <data key="dn6">26</data>
      <data key="dn7">2</data>
    </node>
    <node id="94">
      <data key="dn0">[READING]</data>
      <data key="dn2">venerabilis</data>
      <data key="dn3">false</data>
      <data key="dn5">Default</data>
      <data key="dn6">26</data>
      <data key="dn7">3</data>
    </node>
    <node id="96">
      <data key="dn0">[READING]</data>
      <data key="dn2">pontifex</data>
      <data key="dn3">false</data>
      <data key="dn5">Default</data>
      <data key="dn6">26</data>
      <data key="dn7">4</data>
    </node>
    <node id="34">
      <data key="dn0">[READING]</data>
      <data key="dn2">Henricus</data>
      <data key="dn3">false</data>
      <data key="dn5">Default</data>
      <data key="dn6">26</data>
      <data key="dn7">6</data>
    </node>
    <node id="37">
      <data key="dn0">[READING]</data>
      <data key="dn7">7</data>
      <data key="dn3">false</data>
      <data key="dn5">Default</data>
      <data key="dn6">26</data>
      <data key="dn2">in</data>
    </node>
    <node id="80">
      <data key="dn0">[READING]</data>
      <data key="dn2">Anglia</data>
      <data key="dn3">false</data>
      <data key="dn5">Default</data>
      <data key="dn6">26</data>
      <data key="dn7">8</data>
    </node>
    <node id="81">
      <data key="dn0">[READING]</data>
      <data key="dn2">oriundus</data>
      <data key="dn3">true</data>
      <data key="dn5">Default</data>
      <data key="dn6">26</data>
      <data key="dn7">9</data>
    </node>
    <node id="27">
      <data key="dn0">[READING]</data>
      <data key="dn2">#END#</data>
      <data key="dn7">10</data>
      <data key="dn3">false</data>
      <data key="dn5">Default</data>
      <data key="dn6">26</data>
      <data key="dn8">true</data>
    </node>
    <node id="39">
      <data key="dn0">[READING]</data>
      <data key="dn2">anglia</data>
      <data key="dn3">false</data>
      <data key="dn5">Default</data>
      <data key="dn6">26</data>
      <data key="dn7">8</data>
    </node>
    <node id="29">
      <data key="dn0">[READING]</data>
      <data key="dn2">beatus</data>
      <data key="dn3">false</data>
      <data key="dn5">Default</data>
      <data key="dn6">26</data>
      <data key="dn7">5</data>
    </node>
    <node id="32">
      <data key="dn0">[READING]</data>
      <data key="dn2">henricus</data>
      <data key="dn3">false</data>
      <data key="dn5">Default</data>
      <data key="dn6">26</data>
      <data key="dn7">6</data>
    </node>
    <node id="38">
      <data key="dn0">[READING]</data>
      <data key="dn7">7</data>
      <data key="dn3">false</data>
      <data key="dn5">Default</data>
      <data key="dn6">26</data>
      <data key="dn2">ex</data>
    </node>
    <node id="33">
      <data key="dn0">[READING]</data>
      <data key="dn2">heinricus</data>
      <data key="dn3">false</data>
      <data key="dn5">Default</data>
      <data key="dn6">26</data>
      <data key="dn7">6</data>
    </node>
    <node id="36">
      <data key="dn0">[READING]</data>
      <data key="dn7">7</data>
      <data key="dn3">false</data>
      <data key="dn5">Default</data>
      <data key="dn6">26</data>
      <data key="dn2">de</data>
    </node>
    <node id="31">
      <data key="dn0">[READING]</data>
      <data key="dn2">sanctus</data>
      <data key="dn3">false</data>
      <data key="dn5">Default</data>
      <data key="dn6">26</data>
      <data key="dn7">5</data>
    </node>
    <node id="86">
      <data key="dn0">[READING]</data>
      <data key="dn2">swecia</data>
      <data key="dn3">false</data>
      <data key="dn5">Default</data>
      <data key="dn6">26</data>
      <data key="dn7">2</data>
    </node>
    <node id="93">
      <data key="dn0">[READING]</data>
      <data key="dn2">uenerabilis</data>
      <data key="dn3">false</data>
      <data key="dn5">Default</data>
      <data key="dn6">26</data>
      <data key="dn7">3</data>
    </node>
    <node id="90">
      <data key="dn0">[READING]</data>
      <data key="dn2">Venerabilis</data>
      <data key="dn3">false</data>
      <data key="dn5">Default</data>
      <data key="dn6">26</data>
      <data key="dn7">3</data>
    </node>
    <node id="88">
      <data key="dn0">[READING]</data>
      <data key="dn2">Swecia</data>
      <data key="dn3">false</data>
      <data key="dn5">Default</data>
      <data key="dn6">26</data>
      <data key="dn7">2</data>
    </node>
    <node id="84">
      <data key="dn0">[READING]</data>
      <data key="dn2">suetia</data>
      <data key="dn3">false</data>
      <data key="dn5">Default</data>
      <data key="dn6">26</data>
      <data key="dn7">2</data>
    </node>
    <node id="87">
      <data key="dn0">[READING]</data>
      <data key="dn2">suecia</data>
      <data key="dn3">false</data>
      <data key="dn5">Default</data>
      <data key="dn6">26</data>
      <data key="dn7">2</data>
    </node>
    <node id="89">
      <data key="dn0">[READING]</data>
      <data key="dn2">#LACUNA#</data>
      <data key="dn7">3</data>
      <data key="dn3">false</data>
      <data key="dn5">Default</data>
      <data key="dn9">true</data>
      <data key="dn6">26</data>
    </node>
    <node id="92">
      <data key="dn0">[READING]</data>
      <data key="dn2">sanctus</data>
      <data key="dn3">false</data>
      <data key="dn5">Default</data>
      <data key="dn6">26</data>
      <data key="dn7">3</data>
    </node>
    <node id="91">
      <data key="dn0">[READING]</data>
      <data key="dn2">beatus</data>
      <data key="dn3">false</data>
      <data key="dn5">Default</data>
      <data key="dn6">26</data>
      <data key="dn7">3</data>
    </node>
    <node id="95">
      <data key="dn0">[READING]</data>
      <data key="dn2">henricus</data>
      <data key="dn3">false</data>
      <data key="dn5">Default</data>
      <data key="dn6">26</data>
      <data key="dn7">4</data>
    </node>
    <node id="30">
      <data key="dn0">[READING]</data>
      <data key="dn2">venerabilis</data>
      <data key="dn3">false</data>
      <data key="dn5">Default</data>
      <data key="dn6">26</data>
      <data key="dn7">5</data>
    </node>
    <node id="35">
      <data key="dn0">[READING]</data>
      <data key="dn2">pontifex</data>
      <data key="dn3">false</data>
      <data key="dn5">Default</data>
      <data key="dn6">26</data>
      <data key="dn7">6</data>
    </node>
    <node id="83">
      <data key="dn0">[READING]</data>
      <data key="dn2">svecia</data>
      <data key="dn3">false</data>
      <data key="dn5">Default</data>
      <data key="dn6">26</data>
      <data key="dn7">2</data>
    </node>
    <edge id="33" source="26" target="28">
      <data key="de0">COLLATION</data>
    </edge>
    <edge id="34" source="28" target="82">
      <data key="de0">SEQUENCE</data>
      <data key="de1">[A, Ab, B, BA, BL, BLu, BS, BSt, BU, Bc, C, Dr, Ef, F, G, Gh, H, Ho, JG, K, L, Li, M, MN, N, O, P, Q, S, Sk, St, T, U, V, Vg, X, Y]</data>
    </edge>
    <edge id="101" source="82" target="85">
      <data key="de0">SEQUENCE</data>
      <data key="de1">[BA, P]</data>
    </edge>
    <edge id="106" source="85" target="94">
      <data key="de0">SEQUENCE</data>
      <data key="de1">[BA, P]</data>
    </edge>
    <edge id="122" source="94" target="96">
      <data key="de0">SEQUENCE</data>
      <data key="de1">[A, B, BA, BS, BSt, Bc, C, Dr, F, G, Ho, JG, K, L, M, MN, O, P, Q, Sk, St, U, V, X, Y]</data>
    </edge>
    <edge id="127" source="96" target="34">
      <data key="de0">SEQUENCE</data>
      <data key="de1">[L]</data>
    </edge>
    <edge id="86" source="34" target="37">
      <data key="de0">SEQUENCE</data>
      <data key="de1">[G, L, T]</data>
    </edge>
    <edge id="90" source="37" target="80">
      <data key="de0">SEQUENCE</data>
      <data key="de1">[Li]</data>
    </edge>
    <edge id="94" source="80" target="81">
      <data key="de0">SEQUENCE</data>
      <data key="de1">[Li, N, Y]</data>
    </edge>
    <edge id="95" source="81" target="27">
      <data key="de0">SEQUENCE</data>
      <data key="de1">[A, B, BA, BL, BLu, BS, BSt, BU, Bc, C, Dr, Ef, F, G, Gh, H, Ho, JG, K, L, Li, M, MN, N, O, P, Q, S, Sk, St, T, U, V, Vg, X, Y]</data>
    </edge>
    <edge id="91" source="37" target="39">
      <data key="de0">SEQUENCE</data>
      <data key="de1">[A, BL, BS, BSt, BU, Bc, C, Dr, G, Ho, K, L, M, S, St, T, V, Vg, X]</data>
    </edge>
    <edge id="93" source="39" target="81">
      <data key="de0">SEQUENCE</data>
      <data key="de1">[A, B, BA, BL, BLu, BS, BSt, BU, Bc, C, Dr, Ef, F, G, Gh, H, Ho, JG, K, L, M, MN, O, P, Q, S, Sk, St, T, U, V, Vg, X]</data>
    </edge>
    <edge id="132" source="39" target="80">
      <data key="de0">RELATED</data>
      <data key="de2">orthographic</data>
      <data key="de3">true</data>
      <data key="de4">no</data>
      <data key="de5">local</data>
    </edge>
    <edge id="125" source="96" target="29">
      <data key="de0">SEQUENCE</data>
      <data key="de1">[A, B, BA, BSt, BU, Bc, C, Dr, Ef, F, Gh, H, Ho, JG, K, M, MN, O, P, S, Sk, St, T, U, V, Vg, X, Y]</data>
    </edge>
    <edge id="37" source="29" target="32">
      <data key="de0">SEQUENCE</data>
      <data key="de1">[A, B, BSt, BU, Bc, C, Dr, Ef, F, Gh, H, Ho, JG, K, M, MN, O, P, S, St, U, V, Vg, X, Y]</data>
    </edge>
    <edge id="84" source="32" target="37">
      <data key="de0">SEQUENCE</data>
      <data key="de1">[A, BL, BS, BSt, BU, Bc, C, Dr, Ho, K, Li, M, S, St, V, Vg, X]</data>
    </edge>
    <edge id="83" source="32" target="38">
      <data key="de0">SEQUENCE</data>
      <data key="de1">[BLu]</data>
    </edge>
    <edge id="92" source="38" target="39">
      <data key="de0">SEQUENCE</data>
      <data key="de1">[BLu]</data>
    </edge>
    <edge id="130" source="32" target="34">
      <data key="de0">RELATED</data>
      <data key="de2">orthographic</data>
      <data key="de3">true</data>
      <data key="de4">no</data>
      <data key="de5">local</data>
    </edge>
    <edge id="128" source="32" target="33">
      <data key="de0">RELATED</data>
      <data key="de2">spelling</data>
      <data key="de3">true</data>
      <data key="de4">no</data>
      <data key="de5">local</data>
    </edge>
    <edge id="85" source="33" target="36">
      <data key="de0">SEQUENCE</data>
      <data key="de1">[BA]</data>
    </edge>
    <edge id="89" source="36" target="39">
      <data key="de0">SEQUENCE</data>
      <data key="de1">[B, BA, Ef, F, Gh, H, JG, MN, O, P, Q, Sk, U]</data>
    </edge>
    <edge id="88" source="36" target="80">
      <data key="de0">SEQUENCE</data>
      <data key="de1">[N, Y]</data>
    </edge>
    <edge id="82" source="32" target="36">
      <data key="de0">SEQUENCE</data>
      <data key="de1">[B, Ef, F, Gh, H, JG, MN, O, P, Q, U, Y]</data>
    </edge>
    <edge id="35" source="29" target="36">
      <data key="de0">SEQUENCE</data>
      <data key="de1">[Sk]</data>
    </edge>
    <edge id="36" source="29" target="34">
      <data key="de0">SEQUENCE</data>
      <data key="de1">[T]</data>
    </edge>
    <edge id="38" source="29" target="33">
      <data key="de0">SEQUENCE</data>
      <data key="de1">[BA]</data>
    </edge>
    <edge id="126" source="96" target="32">
      <data key="de0">SEQUENCE</data>
      <data key="de1">[Li]</data>
    </edge>
    <edge id="124" source="96" target="31">
      <data key="de0">SEQUENCE</data>
      <data key="de1">[BS, G, Q]</data>
    </edge>
    <edge id="80" source="31" target="34">
      <data key="de0">SEQUENCE</data>
      <data key="de1">[G]</data>
    </edge>
    <edge id="81" source="31" target="32">
      <data key="de0">SEQUENCE</data>
      <data key="de1">[BL, BLu, BS, Q]</data>
    </edge>
    <edge id="135" source="85" target="86">
      <data key="de0">RELATED</data>
      <data key="de2">orthographic</data>
      <data key="de3">true</data>
      <data key="de4">no</data>
      <data key="de5">local</data>
    </edge>
    <edge id="108" source="86" target="94">
      <data key="de0">SEQUENCE</data>
      <data key="de1">[A, B, C, Ho, K, M, MN, O, Sk, St]</data>
    </edge>
    <edge id="109" source="86" target="93">
      <data key="de0">SEQUENCE</data>
      <data key="de1">[Vg]</data>
    </edge>
    <edge id="121" source="93" target="96">
      <data key="de0">SEQUENCE</data>
      <data key="de1">[Ef, Gh, H, S, Vg]</data>
    </edge>
    <edge id="140" source="93" target="94">
      <data key="de0">RELATED</data>
      <data key="de2">orthographic</data>
      <data key="de3">true</data>
      <data key="de4">no</data>
      <data key="de5">local</data>
    </edge>
    <edge id="107" source="86" target="90">
      <data key="de0">SEQUENCE</data>
      <data key="de1">[BU]</data>
    </edge>
    <edge id="118" source="90" target="96">
      <data key="de0">SEQUENCE</data>
      <data key="de1">[BU, T]</data>
    </edge>
    <edge id="139" source="90" target="94">
      <data key="de0">RELATED</data>
      <data key="de2">orthographic</data>
      <data key="de3">true</data>
      <data key="de4">no</data>
      <data key="de5">global</data>
    </edge>
    <edge id="138" source="90" target="93">
      <data key="de0">RELATED</data>
      <data key="de2">orthographic</data>
      <data key="de3">true</data>
      <data key="de4">no</data>
      <data key="de5">local</data>
    </edge>
    <edge id="136" source="86" target="88">
      <data key="de0">RELATED</data>
      <data key="de2">orthographic</data>
      <data key="de3">true</data>
      <data key="de4">no</data>
      <data key="de5">local</data>
    </edge>
    <edge id="116" source="88" target="90">
      <data key="de0">SEQUENCE</data>
      <data key="de1">[T]</data>
    </edge>
    <edge id="98" source="82" target="84">
      <data key="de0">SEQUENCE</data>
      <data key="de1">[BLu, Gh, JG, S]</data>
    </edge>
    <edge id="104" source="84" target="93">
      <data key="de0">SEQUENCE</data>
      <data key="de1">[Gh, S]</data>
    </edge>
    <edge id="103" source="84" target="31">
      <data key="de0">SEQUENCE</data>
      <data key="de1">[BLu]</data>
    </edge>
    <edge id="105" source="84" target="94">
      <data key="de0">SEQUENCE</data>
      <data key="de1">[JG]</data>
    </edge>
    <edge id="100" source="82" target="88">
      <data key="de0">SEQUENCE</data>
      <data key="de1">[T]</data>
    </edge>
    <edge id="97" source="82" target="87">
      <data key="de0">SEQUENCE</data>
      <data key="de1">[Ab, BL, BS, BSt, Bc, Dr, Ef, F, G, H, L, Li, N, Q, U, X, Y]</data>
    </edge>
    <edge id="115" source="87" target="89">
      <data key="de0">SEQUENCE</data>
      <data key="de1">[Ab]</data>
    </edge>
    <edge id="117" source="89" target="27">
      <data key="de0">SEQUENCE</data>
      <data key="de1">[Ab]</data>
    </edge>
    <edge id="110" source="87" target="94">
      <data key="de0">SEQUENCE</data>
      <data key="de1">[BS, BSt, Bc, Dr, F, G, L, Q, U, X, Y]</data>
    </edge>
    <edge id="137" source="87" target="88">
      <data key="de0">RELATED</data>
      <data key="de2">orthographic</data>
      <data key="de3">true</data>
      <data key="de4">no</data>
      <data key="de5">local</data>
    </edge>
    <edge id="111" source="87" target="92">
      <data key="de0">SEQUENCE</data>
      <data key="de1">[Li]</data>
    </edge>
    <edge id="120" source="92" target="96">
      <data key="de0">SEQUENCE</data>
      <data key="de1">[Li]</data>
    </edge>
    <edge id="112" source="87" target="93">
      <data key="de0">SEQUENCE</data>
      <data key="de1">[Ef, H]</data>
    </edge>
    <edge id="113" source="87" target="31">
      <data key="de0">SEQUENCE</data>
      <data key="de1">[BL]</data>
    </edge>
    <edge id="114" source="87" target="91">
      <data key="de0">SEQUENCE</data>
      <data key="de1">[N]</data>
    </edge>
    <edge id="119" source="91" target="95">
      <data key="de0">SEQUENCE</data>
      <data key="de1">[N]</data>
    </edge>
    <edge id="123" source="95" target="30">
      <data key="de0">SEQUENCE</data>
      <data key="de1">[N]</data>
    </edge>
    <edge id="39" source="30" target="35">
      <data key="de0">SEQUENCE</data>
      <data key="de1">[N]</data>
    </edge>
    <edge id="87" source="35" target="36">
      <data key="de0">SEQUENCE</data>
      <data key="de1">[N]</data>
    </edge>
    <edge id="141" source="95" target="96">
      <data key="de0">RELATED</data>
      <data key="de2">collated</data>
      <data key="de3">true</data>
      <data key="de4">no</data>
      <data key="de5">local</data>
    </edge>
    <edge id="99" source="82" target="83">
      <data key="de0">SEQUENCE</data>
      <data key="de1">[V]</data>
    </edge>
    <edge id="134" source="83" target="85">
      <data key="de0">RELATED</data>
      <data key="de2">orthographic</data>
      <data key="de3">true</data>
      <data key="de4">no</data>
      <data key="de5">local</data>
    </edge>
    <edge id="102" source="83" target="94">
      <data key="de0">SEQUENCE</data>
      <data key="de1">[V]</data>
    </edge>
    <edge id="133" source="83" target="84">
      <data key="de0">RELATED</data>
      <data key="de2">orthographic</data>
      <data key="de3">true</data>
      <data key="de4">no</data>
      <data key="de5">local</data>
    </edge>
    <edge id="96" source="82" target="86">
      <data key="de0">SEQUENCE</data>
      <data key="de1">[A, B, BU, C, Ho, K, M, MN, O, Sk, St, Vg]</data>
    </edge>
    <edge id="32" source="26" target="27">
      <data key="de0">HAS_END</data>
    </edge>
  </graph>
</graphml>