<?xml version='1.0' encoding='UTF-8'?>
<graphml xmlns="http://graphml.graphdrawing.org/xmlns" xmlns:xsi="http://www.w3.org/2001/XMLSchema-instance" xsi:schemaLocation="http://graphml.graphdrawing.org/xmlns http://graphml.graphdrawing.org/xmlns/1.0/graphml.xsd">
  <key attr.name="is_start" attr.type="boolean" for="node" id="dn7"/>
  <key attr.name="section_id" attr.type="long" for="node" id="dn2"/>
  <key attr.name="is_lacuna" attr.type="boolean" for="node" id="dn9"/>
  <key attr.name="is_common" attr.type="boolean" for="node" id="dn5"/>
  <key attr.name="name" attr.type="string" for="node" id="dn1"/>
  <key attr.name="is_end" attr.type="boolean" for="node" id="dn8"/>
  <key attr.name="rank" attr.type="long" for="node" id="dn3"/>
  <key attr.name="language" attr.type="string" for="node" id="dn6"/>
  <key attr.name="text" attr.type="string" for="node" id="dn4"/>
  <key attr.name="neolabel" attr.type="string" for="node" id="dn0"/>
  <key attr.name="colocation" attr.type="boolean" for="edge" id="de2"/>
  <key attr.name="is_significant" attr.type="string" for="edge" id="de4"/>
  <key attr.name="scope" attr.type="string" for="edge" id="de5"/>
  <key attr.name="neolabel" attr.type="string" for="edge" id="de0"/>
  <key attr.name="type" attr.type="string" for="edge" id="de3"/>
  <key attr.name="witnesses" attr.type="stringarray" for="edge" id="de1"/>
  <graph id="188417" edgedefault="directed" parse.edgeids="canonical" parse.edges="69" parse.nodeids="canonical" parse.nodes="70" parse.order="nodesfirst">
    <node id="188417">
      <data key="dn0">[SECTION]</data>
      <data key="dn1">DEFAULT</data>
    </node>
    <node id="188419">
      <data key="dn0">[READING]</data>
      <data key="dn2">188417</data>
      <data key="dn3">0</data>
      <data key="dn4">#START#</data>
      <data key="dn5">false</data>
      <data key="dn6">Default</data>
      <data key="dn7">true</data>
    </node>
    <node id="192033">
      <data key="dn0">[READING]</data>
      <data key="dn3">1</data>
      <data key="dn4">in</data>
      <data key="dn5">true</data>
      <data key="dn6">Default</data>
      <data key="dn2">188417</data>
    </node>
    <node id="192035">
      <data key="dn0">[READING]</data>
      <data key="dn3">2</data>
      <data key="dn4">suetia</data>
      <data key="dn5">false</data>
      <data key="dn6">Default</data>
      <data key="dn2">188417</data>
    </node>
    <node id="192044">
      <data key="dn0">[READING]</data>
      <data key="dn3">3</data>
      <data key="dn4">uenerabilis</data>
      <data key="dn5">false</data>
      <data key="dn6">Default</data>
      <data key="dn2">188417</data>
    </node>
    <node id="192047">
      <data key="dn0">[READING]</data>
      <data key="dn3">4</data>
      <data key="dn4">pontifex</data>
      <data key="dn5">false</data>
      <data key="dn6">Default</data>
      <data key="dn2">188417</data>
    </node>
    <node id="192023">
      <data key="dn0">[READING]</data>
      <data key="dn3">6</data>
      <data key="dn4">henricus</data>
      <data key="dn5">false</data>
      <data key="dn6">Default</data>
      <data key="dn2">188417</data>
    </node>
    <node id="192028">
      <data key="dn0">[READING]</data>
      <data key="dn3">7</data>
      <data key="dn4">in</data>
      <data key="dn5">false</data>
      <data key="dn6">Default</data>
      <data key="dn2">188417</data>
    </node>
    <node id="192030">
      <data key="dn0">[READING]</data>
      <data key="dn3">8</data>
      <data key="dn4">anglia</data>
      <data key="dn5">false</data>
      <data key="dn6">Default</data>
      <data key="dn2">188417</data>
    </node>
    <node id="192031">
      <data key="dn0">[READING]</data>
      <data key="dn3">8</data>
      <data key="dn4">Anglia</data>
      <data key="dn5">false</data>
      <data key="dn6">Default</data>
      <data key="dn2">188417</data>
    </node>
    <node id="192032">
      <data key="dn0">[READING]</data>
      <data key="dn3">9</data>
      <data key="dn4">oriundus</data>
      <data key="dn5">true</data>
      <data key="dn6">Default</data>
      <data key="dn2">188417</data>
    </node>
    <node id="188418">
      <data key="dn0">[READING]</data>
      <data key="dn2">188417</data>
      <data key="dn3">10</data>
      <data key="dn4">#END#</data>
      <data key="dn5">false</data>
      <data key="dn8">true</data>
      <data key="dn6">Default</data>
    </node>
    <node id="192040">
      <data key="dn0">[READING]</data>
      <data key="dn2">188417</data>
      <data key="dn3">9</data>
      <data key="dn4">#LACUNA#</data>
      <data key="dn9">true</data>
      <data key="dn5">false</data>
      <data key="dn6">Default</data>
    </node>
    <node id="192024">
      <data key="dn0">[READING]</data>
      <data key="dn3">6</data>
      <data key="dn4">heinricus</data>
      <data key="dn5">false</data>
      <data key="dn6">Default</data>
      <data key="dn2">188417</data>
    </node>
    <node id="192027">
      <data key="dn0">[READING]</data>
      <data key="dn3">7</data>
      <data key="dn4">de</data>
      <data key="dn5">false</data>
      <data key="dn6">Default</data>
      <data key="dn2">188417</data>
    </node>
    <node id="192025">
      <data key="dn0">[READING]</data>
      <data key="dn3">6</data>
      <data key="dn4">Henricus</data>
      <data key="dn5">false</data>
      <data key="dn6">Default</data>
      <data key="dn2">188417</data>
    </node>
    <node id="192029">
      <data key="dn0">[READING]</data>
      <data key="dn3">7</data>
      <data key="dn4">ex</data>
      <data key="dn5">false</data>
      <data key="dn6">Default</data>
      <data key="dn2">188417</data>
    </node>
    <node id="192020">
      <data key="dn0">[READING]</data>
      <data key="dn3">5</data>
      <data key="dn4">beatus</data>
      <data key="dn5">false</data>
      <data key="dn6">Default</data>
      <data key="dn2">188417</data>
    </node>
    <node id="192022">
      <data key="dn0">[READING]</data>
      <data key="dn3">5</data>
      <data key="dn4">sanctus</data>
      <data key="dn5">false</data>
      <data key="dn6">Default</data>
      <data key="dn2">188417</data>
    </node>
    <node id="192045">
      <data key="dn0">[READING]</data>
      <data key="dn3">3</data>
      <data key="dn4">venerabilis</data>
      <data key="dn5">false</data>
      <data key="dn6">Default</data>
      <data key="dn2">188417</data>
    </node>
    <node id="192038">
      <data key="dn0">[READING]</data>
      <data key="dn3">2</data>
      <data key="dn4">suecia</data>
      <data key="dn5">false</data>
      <data key="dn6">Default</data>
      <data key="dn2">188417</data>
    </node>
    <node id="192043">
      <data key="dn0">[READING]</data>
      <data key="dn3">3</data>
      <data key="dn4">sanctus</data>
      <data key="dn5">false</data>
      <data key="dn6">Default</data>
      <data key="dn2">188417</data>
    </node>
    <node id="192042">
      <data key="dn0">[READING]</data>
      <data key="dn3">3</data>
      <data key="dn4">beatus</data>
      <data key="dn5">false</data>
      <data key="dn6">Default</data>
      <data key="dn2">188417</data>
    </node>
    <node id="192046">
      <data key="dn0">[READING]</data>
      <data key="dn3">4</data>
      <data key="dn4">henricus</data>
      <data key="dn5">false</data>
      <data key="dn6">Default</data>
      <data key="dn2">188417</data>
    </node>
    <node id="192021">
      <data key="dn0">[READING]</data>
      <data key="dn3">5</data>
      <data key="dn4">venerabilis</data>
      <data key="dn5">false</data>
      <data key="dn6">Default</data>
      <data key="dn2">188417</data>
    </node>
    <node id="192026">
      <data key="dn0">[READING]</data>
      <data key="dn3">6</data>
      <data key="dn4">pontifex</data>
      <data key="dn5">false</data>
      <data key="dn6">Default</data>
      <data key="dn2">188417</data>
    </node>
    <node id="192039">
      <data key="dn0">[READING]</data>
      <data key="dn3">2</data>
      <data key="dn4">Swecia</data>
      <data key="dn5">false</data>
      <data key="dn6">Default</data>
      <data key="dn2">188417</data>
    </node>
    <node id="192041">
      <data key="dn0">[READING]</data>
      <data key="dn3">3</data>
      <data key="dn4">Venerabilis</data>
      <data key="dn5">false</data>
      <data key="dn6">Default</data>
      <data key="dn2">188417</data>
    </node>
    <node id="192036">
      <data key="dn0">[READING]</data>
      <data key="dn3">2</data>
      <data key="dn4">swetia</data>
      <data key="dn5">false</data>
      <data key="dn6">Default</data>
      <data key="dn2">188417</data>
    </node>
    <node id="192037">
      <data key="dn0">[READING]</data>
      <data key="dn3">2</data>
      <data key="dn4">swecia</data>
      <data key="dn5">false</data>
      <data key="dn6">Default</data>
      <data key="dn2">188417</data>
    </node>
    <node id="192034">
      <data key="dn0">[READING]</data>
      <data key="dn3">2</data>
      <data key="dn4">svecia</data>
      <data key="dn5">false</data>
      <data key="dn6">Default</data>
      <data key="dn2">188417</data>
    </node>
    <edge id="265029" source="188417" target="188419">
      <data key="de0">COLLATION</data>
    </edge>
    <edge id="265030" source="188419" target="192033">
      <data key="de0">SEQUENCE</data>
      <data key="de1">[A, Ab, B, BA, BL, BLu, BS, BSt, BU, Bc, C, Dr, Ef, F, G, Gh, H, Ho, JG, K, L, Li, M, MN, N, O, P, Q, S, Sk, St, T, U, V, Vg, X, Y]</data>
    </edge>
    <edge id="270014" source="192033" target="192035">
      <data key="de0">SEQUENCE</data>
      <data key="de1">[BLu, Gh, JG, S]</data>
    </edge>
    <edge id="270020" source="192035" target="192044">
      <data key="de0">SEQUENCE</data>
      <data key="de1">[Gh, S]</data>
    </edge>
    <edge id="270037" source="192044" target="192047">
      <data key="de0">SEQUENCE</data>
      <data key="de1">[Ef, Gh, H, S, Vg]</data>
    </edge>
    <edge id="270042" source="192047" target="192023">
      <data key="de0">SEQUENCE</data>
      <data key="de1">[Li]</data>
    </edge>
    <edge id="270000" source="192023" target="192028">
      <data key="de0">SEQUENCE</data>
      <data key="de1">[A, BL, BS, BSt, BU, Bc, C, Dr, Ho, K, Li, M, S, St, V, Vg, X]</data>
    </edge>
    <edge id="270007" source="192028" target="192030">
      <data key="de0">SEQUENCE</data>
      <data key="de1">[A, BL, BS, BSt, BU, Bc, C, Dr, G, Ho, K, L, M, S, St, T, V, Vg, X]</data>
    </edge>
    <edge id="270048" source="192030" target="192031">
      <data key="de0">RELATED</data>
      <data key="de2">true</data>
      <data key="de3">orthographic</data>
      <data key="de4">no</data>
      <data key="de5">local</data>
    </edge>
    <edge id="270010" source="192031" target="192032">
      <data key="de0">SEQUENCE</data>
      <data key="de1">[Li, N, Y]</data>
    </edge>
    <edge id="270011" source="192032" target="188418">
      <data key="de0">SEQUENCE</data>
      <data key="de1">[A, B, BA, BL, BLu, BS, BSt, BU, Bc, C, Dr, Ef, F, G, Gh, H, Ho, JG, K, L, Li, M, MN, N, O, P, Q, S, Sk, St, T, U, V, Vg, X, Y]</data>
    </edge>
    <edge id="270049" source="192032" target="192040">
      <data key="de0">RELATED</data>
      <data key="de2">true</data>
      <data key="de3">collated</data>
      <data key="de4">no</data>
      <data key="de5">local</data>
    </edge>
    <edge id="270033" source="192040" target="188418">
      <data key="de0">SEQUENCE</data>
      <data key="de1">[Ab]</data>
    </edge>
    <edge id="270009" source="192030" target="192032">
      <data key="de0">SEQUENCE</data>
      <data key="de1">[A, B, BA, BL, BLu, BS, BSt, BU, Bc, C, Dr, Ef, F, G, Gh, H, Ho, JG, K, L, M, MN, O, P, Q, S, Sk, St, T, U, V, Vg, X]</data>
    </edge>
    <edge id="270006" source="192028" target="192031">
      <data key="de0">SEQUENCE</data>
      <data key="de1">[Li]</data>
    </edge>
    <edge id="270044" source="192023" target="192024">
      <data key="de0">RELATED</data>
      <data key="de2">true</data>
      <data key="de3">spelling</data>
      <data key="de4">no</data>
      <data key="de5">local</data>
    </edge>
    <edge id="270001" source="192024" target="192027">
      <data key="de0">SEQUENCE</data>
      <data key="de1">[BA]</data>
    </edge>
    <edge id="270005" source="192027" target="192030">
      <data key="de0">SEQUENCE</data>
      <data key="de1">[B, BA, Ef, F, Gh, H, JG, MN, O, P, Q, Sk, U]</data>
    </edge>
    <edge id="270004" source="192027" target="192031">
      <data key="de0">SEQUENCE</data>
      <data key="de1">[N, Y]</data>
    </edge>
    <edge id="270046" source="192023" target="192025">
      <data key="de0">RELATED</data>
      <data key="de2">true</data>
      <data key="de3">orthographic</data>
      <data key="de4">no</data>
      <data key="de5">local</data>
    </edge>
    <edge id="270002" source="192025" target="192028">
      <data key="de0">SEQUENCE</data>
      <data key="de1">[G, L, T]</data>
    </edge>
    <edge id="265039" source="192023" target="192029">
      <data key="de0">SEQUENCE</data>
      <data key="de1">[BLu]</data>
    </edge>
    <edge id="270008" source="192029" target="192030">
      <data key="de0">SEQUENCE</data>
      <data key="de1">[BLu]</data>
    </edge>
    <edge id="265038" source="192023" target="192027">
      <data key="de0">SEQUENCE</data>
      <data key="de1">[B, Ef, F, Gh, H, JG, MN, O, P, Q, U, Y]</data>
    </edge>
    <edge id="270043" source="192047" target="192025">
      <data key="de0">SEQUENCE</data>
      <data key="de1">[L]</data>
    </edge>
    <edge id="270041" source="192047" target="192020">
      <data key="de0">SEQUENCE</data>
      <data key="de1">[A, B, BA, BSt, BU, Bc, C, Dr, Ef, F, Gh, H, Ho, JG, K, M, MN, O, P, S, Sk, St, T, U, V, Vg, X, Y]</data>
    </edge>
    <edge id="265033" source="192020" target="192023">
      <data key="de0">SEQUENCE</data>
      <data key="de1">[A, B, BSt, BU, Bc, C, Dr, Ef, F, Gh, H, Ho, JG, K, M, MN, O, P, S, St, U, V, Vg, X, Y]</data>
    </edge>
    <edge id="265032" source="192020" target="192025">
      <data key="de0">SEQUENCE</data>
      <data key="de1">[T]</data>
    </edge>
    <edge id="265034" source="192020" target="192024">
      <data key="de0">SEQUENCE</data>
      <data key="de1">[BA]</data>
    </edge>
    <edge id="265031" source="192020" target="192027">
      <data key="de0">SEQUENCE</data>
      <data key="de1">[Sk]</data>
    </edge>
    <edge id="270040" source="192047" target="192022">
      <data key="de0">SEQUENCE</data>
      <data key="de1">[BS, G, Q]</data>
    </edge>
    <edge id="265037" source="192022" target="192023">
      <data key="de0">SEQUENCE</data>
      <data key="de1">[BL, BLu, BS, Q]</data>
    </edge>
    <edge id="265036" source="192022" target="192025">
      <data key="de0">SEQUENCE</data>
      <data key="de1">[G]</data>
    </edge>
    <edge id="270058" source="192044" target="192045">
      <data key="de0">RELATED</data>
      <data key="de2">true</data>
      <data key="de3">orthographic</data>
      <data key="de4">no</data>
      <data key="de5">local</data>
    </edge>
    <edge id="270038" source="192045" target="192047">
      <data key="de0">SEQUENCE</data>
      <data key="de1">[A, B, BA, BS, BSt, Bc, C, Dr, F, G, Ho, JG, K, L, M, MN, O, P, Q, Sk, St, U, V, X, Y]</data>
    </edge>
    <edge id="270019" source="192035" target="192022">
      <data key="de0">SEQUENCE</data>
      <data key="de1">[BLu]</data>
    </edge>
    <edge id="270021" source="192035" target="192045">
      <data key="de0">SEQUENCE</data>
      <data key="de1">[JG]</data>
    </edge>
    <edge id="270013" source="192033" target="192038">
      <data key="de0">SEQUENCE</data>
      <data key="de1">[Ab, BL, BS, BSt, Bc, Dr, Ef, F, G, H, L, Li, N, Q, U, X, Y]</data>
    </edge>
    <edge id="270027" source="192038" target="192043">
      <data key="de0">SEQUENCE</data>
      <data key="de1">[Li]</data>
    </edge>
    <edge id="270036" source="192043" target="192047">
      <data key="de0">SEQUENCE</data>
      <data key="de1">[Li]</data>
    </edge>
    <edge id="270026" source="192038" target="192045">
      <data key="de0">SEQUENCE</data>
      <data key="de1">[BS, BSt, Bc, Dr, F, G, L, Q, U, X, Y]</data>
    </edge>
    <edge id="270028" source="192038" target="192044">
      <data key="de0">SEQUENCE</data>
      <data key="de1">[Ef, H]</data>
    </edge>
    <edge id="270030" source="192038" target="192042">
      <data key="de0">SEQUENCE</data>
      <data key="de1">[N]</data>
    </edge>
    <edge id="270035" source="192042" target="192046">
      <data key="de0">SEQUENCE</data>
      <data key="de1">[N]</data>
    </edge>
    <edge id="270039" source="192046" target="192021">
      <data key="de0">SEQUENCE</data>
      <data key="de1">[N]</data>
    </edge>
    <edge id="265035" source="192021" target="192026">
      <data key="de0">SEQUENCE</data>
      <data key="de1">[N]</data>
    </edge>
    <edge id="270003" source="192026" target="192027">
      <data key="de0">SEQUENCE</data>
      <data key="de1">[N]</data>
    </edge>
    <edge id="270059" source="192046" target="192047">
      <data key="de0">RELATED</data>
      <data key="de2">true</data>
      <data key="de3">collated</data>
      <data key="de4">no</data>
      <data key="de5">local</data>
    </edge>
    <edge id="270029" source="192038" target="192022">
      <data key="de0">SEQUENCE</data>
      <data key="de1">[BL]</data>
    </edge>
    <edge id="270055" source="192038" target="192039">
      <data key="de0">RELATED</data>
      <data key="de2">true</data>
      <data key="de3">orthographic</data>
      <data key="de4">no</data>
      <data key="de5">local</data>
    </edge>
    <edge id="270032" source="192039" target="192041">
      <data key="de0">SEQUENCE</data>
      <data key="de1">[T]</data>
    </edge>
    <edge id="270056" source="192041" target="192044">
      <data key="de0">RELATED</data>
      <data key="de2">true</data>
      <data key="de3">orthographic</data>
      <data key="de4">no</data>
      <data key="de5">local</data>
    </edge>
    <edge id="270034" source="192041" target="192047">
      <data key="de0">SEQUENCE</data>
      <data key="de1">[BU, T]</data>
    </edge>
    <edge id="270057" source="192041" target="192045">
      <data key="de0">RELATED</data>
      <data key="de5">global</data>
      <data key="de3">orthographic</data>
      <data key="de4">no</data>
      <data key="de2">true</data>
    </edge>
    <edge id="270031" source="192038" target="192040">
      <data key="de0">SEQUENCE</data>
      <data key="de1">[Ab]</data>
    </edge>
    <edge id="270017" source="192033" target="192036">
      <data key="de0">SEQUENCE</data>
      <data key="de1">[BA, P]</data>
    </edge>
    <edge id="270053" source="192036" target="192037">
      <data key="de0">RELATED</data>
      <data key="de2">true</data>
      <data key="de3">orthographic</data>
      <data key="de4">no</data>
      <data key="de5">local</data>
    </edge>
    <edge id="270025" source="192037" target="192044">
      <data key="de0">SEQUENCE</data>
      <data key="de1">[Vg]</data>
    </edge>
    <edge id="270023" source="192037" target="192041">
      <data key="de0">SEQUENCE</data>
      <data key="de1">[BU]</data>
    </edge>
    <edge id="270054" source="192037" target="192039">
      <data key="de0">RELATED</data>
      <data key="de2">true</data>
      <data key="de3">orthographic</data>
      <data key="de4">no</data>
      <data key="de5">local</data>
    </edge>
    <edge id="270024" source="192037" target="192045">
      <data key="de0">SEQUENCE</data>
      <data key="de1">[A, B, C, Ho, K, M, MN, O, Sk, St]</data>
    </edge>
    <edge id="270022" source="192036" target="192045">
      <data key="de0">SEQUENCE</data>
      <data key="de1">[BA, P]</data>
    </edge>
    <edge id="270012" source="192033" target="192037">
      <data key="de0">SEQUENCE</data>
      <data key="de1">[A, B, BU, C, Ho, K, M, MN, O, Sk, St, Vg]</data>
    </edge>
    <edge id="270015" source="192033" target="192034">
      <data key="de0">SEQUENCE</data>
      <data key="de1">[V]</data>
    </edge>
    <edge id="270052" source="192034" target="192036">
      <data key="de0">RELATED</data>
      <data key="de2">true</data>
      <data key="de3">orthographic</data>
      <data key="de4">no</data>
      <data key="de5">local</data>
    </edge>
    <edge id="270051" source="192034" target="192035">
      <data key="de0">RELATED</data>
      <data key="de2">true</data>
      <data key="de3">orthographic</data>
      <data key="de4">no</data>
      <data key="de5">local</data>
    </edge>
    <edge id="270018" source="192034" target="192045">
      <data key="de0">SEQUENCE</data>
      <data key="de1">[V]</data>
    </edge>
    <edge id="270016" source="192033" target="192039">
      <data key="de0">SEQUENCE</data>
      <data key="de1">[T]</data>
    </edge>
    <edge id="265028" source="188417" target="188418">
      <data key="de0">HAS_END</data>
    </edge>
  </graph>
</graphml>