<?xml version='1.0' encoding='UTF-8'?>
<graphml xmlns="http://graphml.graphdrawing.org/xmlns" xmlns:xsi="http://www.w3.org/2001/XMLSchema-instance" xsi:schemaLocation="http://graphml.graphdrawing.org/xmlns http://graphml.graphdrawing.org/xmlns/1.0/graphml.xsd">
  <key attr.name="ac_label" attr.type="string" for="node" id="dn1"/>
  <key attr.name="is_generalizable" attr.type="boolean" for="node" id="dn16"/>
  <key attr.name="linear" attr.type="boolean" for="node" id="dn6"/>
  <key attr.name="bindlevel" attr.type="string" for="node" id="dn14"/>
  <key attr.name="baselabel" attr.type="string" for="node" id="dn5"/>
  <key attr.name="wit_list_separator" attr.type="string" for="node" id="dn7"/>
  <key attr.name="description" attr.type="string" for="node" id="dn18"/>
  <key attr.name="language" attr.type="string" for="node" id="dn3"/>
  <key attr.name="version" attr.type="string" for="node" id="dn4"/>
  <key attr.name="is_weak" attr.type="boolean" for="node" id="dn20"/>
  <key attr.name="wordsep" attr.type="string" for="node" id="dn2"/>
  <key attr.name="sigil" attr.type="string" for="node" id="dn11"/>
  <key attr.name="use_regular" attr.type="boolean" for="node" id="dn17"/>
  <key attr.name="hypothetical" attr.type="boolean" for="node" id="dn12"/>
  <key attr.name="name" attr.type="string" for="node" id="dn9"/>
  <key attr.name="id" attr.type="string" for="node" id="dn8"/>
  <key attr.name="neolabel" attr.type="string" for="node" id="dn0"/>
  <key attr.name="is_colocation" attr.type="boolean" for="node" id="dn19"/>
  <key attr.name="quotesigil" attr.type="boolean" for="node" id="dn13"/>
  <key attr.name="is_transitive" attr.type="boolean" for="node" id="dn15"/>
  <key attr.name="direction" attr.type="string" for="node" id="dn10"/>
  <key attr.name="neolabel" attr.type="string" for="edge" id="de0"/>
  <graph id="b19f219e-0371-4c32-ae96-5bf9b3d2c873" edgedefault="directed" parse.edgeids="canonical" parse.edges="43" parse.nodeids="canonical" parse.nodes="44" parse.order="nodesfirst">
    <node id="25">
      <data key="dn0">[TRADITION]</data>
      <data key="dn1"> (a.c.)</data>
      <data key="dn2"> </data>
      <data key="dn3">Latin</data>
      <data key="dn4">3.1</data>
      <data key="dn5">base text</data>
      <data key="dn6">true</data>
      <data key="dn7">, </data>
      <data key="dn8">b19f219e-0371-4c32-ae96-5bf9b3d2c873</data>
      <data key="dn9">Multi-section tradition</data>
      <data key="dn10">LR</data>
    </node>
    <node id="137">
      <data key="dn0">[SECTION]</data>
      <data key="dn9">section 2</data>
    </node>
    <node id="119">
      <data key="dn0">[WITNESS]</data>
      <data key="dn11">Q</data>
      <data key="dn12">false</data>
      <data key="dn13">false</data>
    </node>
    <node id="135">
      <data key="dn0">[WITNESS]</data>
      <data key="dn11">JG</data>
      <data key="dn12">false</data>
      <data key="dn13">false</data>
    </node>
    <node id="131">
      <data key="dn0">[WITNESS]</data>
      <data key="dn11">Ho</data>
      <data key="dn12">false</data>
      <data key="dn13">false</data>
    </node>
    <node id="134">
      <data key="dn0">[WITNESS]</data>
      <data key="dn11">Sk</data>
      <data key="dn12">false</data>
      <data key="dn13">false</data>
    </node>
    <node id="126">
      <data key="dn0">[WITNESS]</data>
      <data key="dn11">X</data>
      <data key="dn12">false</data>
      <data key="dn13">false</data>
    </node>
    <node id="133">
      <data key="dn0">[WITNESS]</data>
      <data key="dn11">Dr</data>
      <data key="dn12">false</data>
      <data key="dn13">false</data>
    </node>
    <node id="130">
      <data key="dn0">[WITNESS]</data>
      <data key="dn11">MN</data>
      <data key="dn12">false</data>
      <data key="dn13">false</data>
    </node>
    <node id="107">
      <data key="dn0">[WITNESS]</data>
      <data key="dn11">C</data>
      <data key="dn12">false</data>
      <data key="dn13">false</data>
    </node>
    <node id="128">
      <data key="dn0">[WITNESS]</data>
      <data key="dn11">Li</data>
      <data key="dn12">false</data>
      <data key="dn13">false</data>
    </node>
    <node id="104">
      <data key="dn0">[WITNESS]</data>
      <data key="dn11">St</data>
      <data key="dn12">false</data>
      <data key="dn13">false</data>
    </node>
    <node id="103">
      <data key="dn0">[WITNESS]</data>
      <data key="dn11">Gh</data>
      <data key="dn12">false</data>
      <data key="dn13">false</data>
    </node>
    <node id="123">
      <data key="dn0">[WITNESS]</data>
      <data key="dn11">T</data>
      <data key="dn12">false</data>
      <data key="dn13">false</data>
    </node>
    <node id="115">
      <data key="dn0">[WITNESS]</data>
      <data key="dn11">N</data>
      <data key="dn12">false</data>
      <data key="dn13">false</data>
    </node>
    <node id="114">
      <data key="dn0">[WITNESS]</data>
      <data key="dn11">M</data>
      <data key="dn12">false</data>
      <data key="dn13">false</data>
    </node>
    <node id="118">
      <data key="dn0">[WITNESS]</data>
      <data key="dn11">BS</data>
      <data key="dn12">false</data>
      <data key="dn13">false</data>
    </node>
    <node id="125">
      <data key="dn0">[WITNESS]</data>
      <data key="dn11">V</data>
      <data key="dn12">false</data>
      <data key="dn13">false</data>
    </node>
    <node id="122">
      <data key="dn0">[WITNESS]</data>
      <data key="dn11">S</data>
      <data key="dn12">false</data>
      <data key="dn13">false</data>
    </node>
    <node id="132">
      <data key="dn0">[WITNESS]</data>
      <data key="dn11">BLu</data>
      <data key="dn12">false</data>
      <data key="dn13">false</data>
    </node>
    <node id="97">
      <data key="dn0">[RELATION_TYPE]</data>
      <data key="dn14">1</data>
      <data key="dn15">true</data>
      <data key="dn16">true</data>
      <data key="dn17">true</data>
      <data key="dn18">These are the same reading, spelled differently.</data>
      <data key="dn9">spelling</data>
      <data key="dn19">true</data>
      <data key="dn20">false</data>
    </node>
    <node id="117">
      <data key="dn0">[WITNESS]</data>
      <data key="dn11">P</data>
      <data key="dn12">false</data>
      <data key="dn13">false</data>
    </node>
    <node id="105">
      <data key="dn0">[WITNESS]</data>
      <data key="dn11">B</data>
      <data key="dn12">false</data>
      <data key="dn13">false</data>
    </node>
    <node id="101">
      <data key="dn0">[WITNESS]</data>
      <data key="dn11">Ab</data>
      <data key="dn12">false</data>
      <data key="dn13">false</data>
    </node>
    <node id="98">
      <data key="dn0">[RELATION_TYPE]</data>
      <data key="dn14">0</data>
      <data key="dn15">true</data>
      <data key="dn16">true</data>
      <data key="dn17">false</data>
      <data key="dn18">These are the same reading, neither unusually spelled.</data>
      <data key="dn9">orthographic</data>
      <data key="dn19">true</data>
      <data key="dn20">false</data>
    </node>
    <node id="111">
      <data key="dn0">[WITNESS]</data>
      <data key="dn11">BL</data>
      <data key="dn12">false</data>
      <data key="dn13">false</data>
    </node>
    <node id="116">
      <data key="dn0">[WITNESS]</data>
      <data key="dn11">O</data>
      <data key="dn12">false</data>
      <data key="dn13">false</data>
    </node>
    <node id="136">
      <data key="dn0">[WITNESS]</data>
      <data key="dn11">BA</data>
      <data key="dn12">false</data>
      <data key="dn13">false</data>
    </node>
    <node id="127">
      <data key="dn0">[WITNESS]</data>
      <data key="dn11">Y</data>
      <data key="dn12">false</data>
      <data key="dn13">false</data>
    </node>
    <node id="124">
      <data key="dn0">[WITNESS]</data>
      <data key="dn11">U</data>
      <data key="dn12">false</data>
      <data key="dn13">false</data>
    </node>
    <node id="102">
      <data key="dn0">[WITNESS]</data>
      <data key="dn11">Ef</data>
      <data key="dn12">false</data>
      <data key="dn13">false</data>
    </node>
    <node id="109">
      <data key="dn0">[WITNESS]</data>
      <data key="dn11">G</data>
      <data key="dn12">false</data>
      <data key="dn13">false</data>
    </node>
    <node id="113">
      <data key="dn0">[WITNESS]</data>
      <data key="dn11">L</data>
      <data key="dn12">false</data>
      <data key="dn13">false</data>
    </node>
    <node id="108">
      <data key="dn0">[WITNESS]</data>
      <data key="dn11">F</data>
      <data key="dn12">false</data>
      <data key="dn13">false</data>
    </node>
    <node id="112">
      <data key="dn0">[WITNESS]</data>
      <data key="dn11">K</data>
      <data key="dn12">false</data>
      <data key="dn13">false</data>
    </node>
    <node id="120">
      <data key="dn0">[WITNESS]</data>
      <data key="dn11">Vg</data>
      <data key="dn12">false</data>
      <data key="dn13">false</data>
    </node>
    <node id="129">
      <data key="dn0">[WITNESS]</data>
      <data key="dn11">Bc</data>
      <data key="dn12">false</data>
      <data key="dn13">false</data>
    </node>
    <node id="121">
      <data key="dn0">[WITNESS]</data>
      <data key="dn11">BU</data>
      <data key="dn12">false</data>
      <data key="dn13">false</data>
    </node>
    <node id="106">
      <data key="dn0">[WITNESS]</data>
      <data key="dn11">BSt</data>
      <data key="dn12">false</data>
      <data key="dn13">false</data>
    </node>
    <node id="110">
      <data key="dn0">[WITNESS]</data>
      <data key="dn11">H</data>
      <data key="dn12">false</data>
      <data key="dn13">false</data>
    </node>
    <node id="99">
      <data key="dn0">[RELATION_TYPE]</data>
      <data key="dn18">Internal use only</data>
      <data key="dn15">true</data>
      <data key="dn16">false</data>
      <data key="dn17">true</data>
      <data key="dn14">50</data>
      <data key="dn9">collated</data>
      <data key="dn19">true</data>
      <data key="dn20">true</data>
    </node>
    <node id="100">
      <data key="dn0">[WITNESS]</data>
      <data key="dn11">A</data>
      <data key="dn12">false</data>
      <data key="dn13">false</data>
    </node>
    <node id="26">
      <data key="dn0">[SECTION]</data>
      <data key="dn9">DEFAULT</data>
    </node>
    <edge id="180" source="25" target="137">
      <data key="de0">PART</data>
    </edge>
    <edge id="162" source="25" target="119">
      <data key="de0">HAS_WITNESS</data>
    </edge>
    <edge id="178" source="25" target="135">
      <data key="de0">HAS_WITNESS</data>
    </edge>
    <edge id="174" source="25" target="131">
      <data key="de0">HAS_WITNESS</data>
    </edge>
    <edge id="177" source="25" target="134">
      <data key="de0">HAS_WITNESS</data>
    </edge>
    <edge id="169" source="25" target="126">
      <data key="de0">HAS_WITNESS</data>
    </edge>
    <edge id="176" source="25" target="133">
      <data key="de0">HAS_WITNESS</data>
    </edge>
    <edge id="173" source="25" target="130">
      <data key="de0">HAS_WITNESS</data>
    </edge>
    <edge id="150" source="25" target="107">
      <data key="de0">HAS_WITNESS</data>
    </edge>
    <edge id="171" source="25" target="128">
      <data key="de0">HAS_WITNESS</data>
    </edge>
    <edge id="147" source="25" target="104">
      <data key="de0">HAS_WITNESS</data>
    </edge>
    <edge id="146" source="25" target="103">
      <data key="de0">HAS_WITNESS</data>
    </edge>
    <edge id="166" source="25" target="123">
      <data key="de0">HAS_WITNESS</data>
    </edge>
    <edge id="158" source="25" target="115">
      <data key="de0">HAS_WITNESS</data>
    </edge>
    <edge id="157" source="25" target="114">
      <data key="de0">HAS_WITNESS</data>
    </edge>
    <edge id="161" source="25" target="118">
      <data key="de0">HAS_WITNESS</data>
    </edge>
    <edge id="168" source="25" target="125">
      <data key="de0">HAS_WITNESS</data>
    </edge>
    <edge id="165" source="25" target="122">
      <data key="de0">HAS_WITNESS</data>
    </edge>
    <edge id="175" source="25" target="132">
      <data key="de0">HAS_WITNESS</data>
    </edge>
    <edge id="129" source="25" target="97">
      <data key="de0">HAS_RELATION_TYPE</data>
    </edge>
    <edge id="160" source="25" target="117">
      <data key="de0">HAS_WITNESS</data>
    </edge>
    <edge id="148" source="25" target="105">
      <data key="de0">HAS_WITNESS</data>
    </edge>
    <edge id="144" source="25" target="101">
      <data key="de0">HAS_WITNESS</data>
    </edge>
    <edge id="131" source="25" target="98">
      <data key="de0">HAS_RELATION_TYPE</data>
    </edge>
    <edge id="154" source="25" target="111">
      <data key="de0">HAS_WITNESS</data>
    </edge>
    <edge id="159" source="25" target="116">
      <data key="de0">HAS_WITNESS</data>
    </edge>
    <edge id="179" source="25" target="136">
      <data key="de0">HAS_WITNESS</data>
    </edge>
    <edge id="170" source="25" target="127">
      <data key="de0">HAS_WITNESS</data>
    </edge>
    <edge id="167" source="25" target="124">
      <data key="de0">HAS_WITNESS</data>
    </edge>
    <edge id="145" source="25" target="102">
      <data key="de0">HAS_WITNESS</data>
    </edge>
    <edge id="152" source="25" target="109">
      <data key="de0">HAS_WITNESS</data>
    </edge>
    <edge id="156" source="25" target="113">
      <data key="de0">HAS_WITNESS</data>
    </edge>
    <edge id="151" source="25" target="108">
      <data key="de0">HAS_WITNESS</data>
    </edge>
    <edge id="155" source="25" target="112">
      <data key="de0">HAS_WITNESS</data>
    </edge>
    <edge id="163" source="25" target="120">
      <data key="de0">HAS_WITNESS</data>
    </edge>
    <edge id="172" source="25" target="129">
      <data key="de0">HAS_WITNESS</data>
    </edge>
    <edge id="164" source="25" target="121">
      <data key="de0">HAS_WITNESS</data>
    </edge>
    <edge id="149" source="25" target="106">
      <data key="de0">HAS_WITNESS</data>
    </edge>
    <edge id="153" source="25" target="110">
      <data key="de0">HAS_WITNESS</data>
    </edge>
    <edge id="142" source="25" target="99">
      <data key="de0">HAS_RELATION_TYPE</data>
    </edge>
    <edge id="143" source="25" target="100">
      <data key="de0">HAS_WITNESS</data>
    </edge>
    <edge id="31" source="25" target="26">
      <data key="de0">PART</data>
    </edge>
    <edge id="268" source="26" target="137">
      <data key="de0">NEXT</data>
    </edge>
  </graph>
</graphml>