<?xml version='1.0' encoding='UTF-8'?>
<graphml xmlns="http://graphml.graphdrawing.org/xmlns" xmlns:xsi="http://www.w3.org/2001/XMLSchema-instance" xsi:schemaLocation="http://graphml.graphdrawing.org/xmlns http://graphml.graphdrawing.org/xmlns/1.0/graphml.xsd">
  <key attr.name="ac_label" attr.type="string" for="node" id="dn3"/>
  <key attr.name="is_generalizable" attr.type="boolean" for="node" id="dn15"/>
  <key attr.name="linear" attr.type="boolean" for="node" id="dn2"/>
  <key attr.name="bindlevel" attr.type="int" for="node" id="dn19"/>
  <key attr.name="baselabel" attr.type="string" for="node" id="dn6"/>
  <key attr.name="wit_list_separator" attr.type="string" for="node" id="dn10"/>
  <key attr.name="description" attr.type="string" for="node" id="dn17"/>
  <key attr.name="language" attr.type="string" for="node" id="dn5"/>
  <key attr.name="version" attr.type="string" for="node" id="dn1"/>
  <key attr.name="is_weak" attr.type="boolean" for="node" id="dn18"/>
  <key attr.name="wordsep" attr.type="string" for="node" id="dn4"/>
  <key attr.name="sigil" attr.type="string" for="node" id="dn11"/>
  <key attr.name="use_regular" attr.type="boolean" for="node" id="dn16"/>
  <key attr.name="hypothetical" attr.type="boolean" for="node" id="dn12"/>
  <key attr.name="name" attr.type="string" for="node" id="dn8"/>
  <key attr.name="id" attr.type="string" for="node" id="dn7"/>
  <key attr.name="neolabel" attr.type="string" for="node" id="dn0"/>
  <key attr.name="is_colocation" attr.type="boolean" for="node" id="dn20"/>
  <key attr.name="quotesigil" attr.type="boolean" for="node" id="dn13"/>
  <key attr.name="is_transitive" attr.type="boolean" for="node" id="dn14"/>
  <key attr.name="direction" attr.type="string" for="node" id="dn9"/>
  <key attr.name="neolabel" attr.type="string" for="edge" id="de0"/>
  <graph id="8312c9bd-cb3b-4db6-b401-7af55dc0941d" edgedefault="directed" parse.edgeids="canonical" parse.edges="43" parse.nodeids="canonical" parse.nodes="44" parse.order="nodesfirst">
    <node id="188416">
      <data key="dn0">[TRADITION]</data>
      <data key="dn1">3.1</data>
      <data key="dn2">true</data>
      <data key="dn3"> (a.c.)</data>
      <data key="dn4"> </data>
      <data key="dn5">Latin</data>
      <data key="dn6">base text</data>
      <data key="dn7">8312c9bd-cb3b-4db6-b401-7af55dc0941d</data>
      <data key="dn8">section test</data>
      <data key="dn9">LR</data>
      <data key="dn10">, </data>
    </node>
    <node id="185931">
      <data key="dn0">[SECTION]</data>
      <data key="dn8">section test</data>
    </node>
    <node id="192077">
      <data key="dn0">[WITNESS]</data>
      <data key="dn11">X</data>
      <data key="dn12">false</data>
      <data key="dn13">false</data>
    </node>
    <node id="192079">
      <data key="dn0">[WITNESS]</data>
      <data key="dn11">Li</data>
      <data key="dn12">false</data>
      <data key="dn13">false</data>
    </node>
    <node id="192074">
      <data key="dn0">[WITNESS]</data>
      <data key="dn11">T</data>
      <data key="dn12">false</data>
      <data key="dn13">false</data>
    </node>
    <node id="192082">
      <data key="dn0">[WITNESS]</data>
      <data key="dn11">Ho</data>
      <data key="dn12">false</data>
      <data key="dn13">false</data>
    </node>
    <node id="192050">
      <data key="dn0">[RELATION_TYPE]</data>
      <data key="dn14">true</data>
      <data key="dn15">false</data>
      <data key="dn16">true</data>
      <data key="dn17">Internal use only</data>
      <data key="dn18">true</data>
      <data key="dn8">collated</data>
      <data key="dn19">50</data>
      <data key="dn20">true</data>
    </node>
    <node id="192057">
      <data key="dn0">[WITNESS]</data>
      <data key="dn11">BSt</data>
      <data key="dn12">false</data>
      <data key="dn13">false</data>
    </node>
    <node id="192086">
      <data key="dn0">[WITNESS]</data>
      <data key="dn11">JG</data>
      <data key="dn12">false</data>
      <data key="dn13">false</data>
    </node>
    <node id="192087">
      <data key="dn0">[WITNESS]</data>
      <data key="dn11">BA</data>
      <data key="dn12">false</data>
      <data key="dn13">false</data>
    </node>
    <node id="192068">
      <data key="dn0">[WITNESS]</data>
      <data key="dn11">P</data>
      <data key="dn12">false</data>
      <data key="dn13">false</data>
    </node>
    <node id="192056">
      <data key="dn0">[WITNESS]</data>
      <data key="dn11">B</data>
      <data key="dn12">false</data>
      <data key="dn13">false</data>
    </node>
    <node id="192064">
      <data key="dn0">[WITNESS]</data>
      <data key="dn11">L</data>
      <data key="dn12">false</data>
      <data key="dn13">false</data>
    </node>
    <node id="192048">
      <data key="dn0">[RELATION_TYPE]</data>
      <data key="dn16">true</data>
      <data key="dn20">true</data>
      <data key="dn18">false</data>
      <data key="dn14">true</data>
      <data key="dn15">true</data>
      <data key="dn8">spelling</data>
      <data key="dn17">These are the same reading, spelled differently.</data>
      <data key="dn19">1</data>
    </node>
    <node id="192054">
      <data key="dn0">[WITNESS]</data>
      <data key="dn11">Gh</data>
      <data key="dn12">false</data>
      <data key="dn13">false</data>
    </node>
    <node id="192083">
      <data key="dn0">[WITNESS]</data>
      <data key="dn11">BLu</data>
      <data key="dn12">false</data>
      <data key="dn13">false</data>
    </node>
    <node id="192060">
      <data key="dn0">[WITNESS]</data>
      <data key="dn11">G</data>
      <data key="dn12">false</data>
      <data key="dn13">false</data>
    </node>
    <node id="192070">
      <data key="dn0">[WITNESS]</data>
      <data key="dn11">Q</data>
      <data key="dn12">false</data>
      <data key="dn13">false</data>
    </node>
    <node id="192076">
      <data key="dn0">[WITNESS]</data>
      <data key="dn11">V</data>
      <data key="dn12">false</data>
      <data key="dn13">false</data>
    </node>
    <node id="192085">
      <data key="dn0">[WITNESS]</data>
      <data key="dn11">Sk</data>
      <data key="dn12">false</data>
      <data key="dn13">false</data>
    </node>
    <node id="192052">
      <data key="dn0">[WITNESS]</data>
      <data key="dn11">Ab</data>
      <data key="dn12">false</data>
      <data key="dn13">false</data>
    </node>
    <node id="192049">
      <data key="dn0">[RELATION_TYPE]</data>
      <data key="dn16">false</data>
      <data key="dn20">true</data>
      <data key="dn18">false</data>
      <data key="dn14">true</data>
      <data key="dn15">true</data>
      <data key="dn8">orthographic</data>
      <data key="dn17">These are the same reading, neither unusually spelled.</data>
      <data key="dn19">0</data>
    </node>
    <node id="192065">
      <data key="dn0">[WITNESS]</data>
      <data key="dn11">M</data>
      <data key="dn12">false</data>
      <data key="dn13">false</data>
    </node>
    <node id="192078">
      <data key="dn0">[WITNESS]</data>
      <data key="dn11">Y</data>
      <data key="dn12">false</data>
      <data key="dn13">false</data>
    </node>
    <node id="192075">
      <data key="dn0">[WITNESS]</data>
      <data key="dn11">U</data>
      <data key="dn12">false</data>
      <data key="dn13">false</data>
    </node>
    <node id="192062">
      <data key="dn0">[WITNESS]</data>
      <data key="dn11">BL</data>
      <data key="dn12">false</data>
      <data key="dn13">false</data>
    </node>
    <node id="192081">
      <data key="dn0">[WITNESS]</data>
      <data key="dn11">MN</data>
      <data key="dn12">false</data>
      <data key="dn13">false</data>
    </node>
    <node id="192059">
      <data key="dn0">[WITNESS]</data>
      <data key="dn11">F</data>
      <data key="dn12">false</data>
      <data key="dn13">false</data>
    </node>
    <node id="192072">
      <data key="dn0">[WITNESS]</data>
      <data key="dn11">BU</data>
      <data key="dn12">false</data>
      <data key="dn13">false</data>
    </node>
    <node id="192061">
      <data key="dn0">[WITNESS]</data>
      <data key="dn11">H</data>
      <data key="dn12">false</data>
      <data key="dn13">false</data>
    </node>
    <node id="192055">
      <data key="dn0">[WITNESS]</data>
      <data key="dn11">St</data>
      <data key="dn12">false</data>
      <data key="dn13">false</data>
    </node>
    <node id="192067">
      <data key="dn0">[WITNESS]</data>
      <data key="dn11">O</data>
      <data key="dn12">false</data>
      <data key="dn13">false</data>
    </node>
    <node id="192051">
      <data key="dn0">[WITNESS]</data>
      <data key="dn11">A</data>
      <data key="dn12">false</data>
      <data key="dn13">false</data>
    </node>
    <node id="192053">
      <data key="dn0">[WITNESS]</data>
      <data key="dn11">Ef</data>
      <data key="dn12">false</data>
      <data key="dn13">false</data>
    </node>
    <node id="192058">
      <data key="dn0">[WITNESS]</data>
      <data key="dn11">C</data>
      <data key="dn12">false</data>
      <data key="dn13">false</data>
    </node>
    <node id="192080">
      <data key="dn0">[WITNESS]</data>
      <data key="dn11">Bc</data>
      <data key="dn12">false</data>
      <data key="dn13">false</data>
    </node>
    <node id="192069">
      <data key="dn0">[WITNESS]</data>
      <data key="dn11">BS</data>
      <data key="dn12">false</data>
      <data key="dn13">false</data>
    </node>
    <node id="192071">
      <data key="dn0">[WITNESS]</data>
      <data key="dn11">Vg</data>
      <data key="dn12">false</data>
      <data key="dn13">false</data>
    </node>
    <node id="192066">
      <data key="dn0">[WITNESS]</data>
      <data key="dn11">N</data>
      <data key="dn12">false</data>
      <data key="dn13">false</data>
    </node>
    <node id="192063">
      <data key="dn0">[WITNESS]</data>
      <data key="dn11">K</data>
      <data key="dn12">false</data>
      <data key="dn13">false</data>
    </node>
    <node id="192073">
      <data key="dn0">[WITNESS]</data>
      <data key="dn11">S</data>
      <data key="dn12">false</data>
      <data key="dn13">false</data>
    </node>
    <node id="192084">
      <data key="dn0">[WITNESS]</data>
      <data key="dn11">Dr</data>
      <data key="dn12">false</data>
      <data key="dn13">false</data>
    </node>
    <node id="188417">
      <data key="dn0">[SECTION]</data>
      <data key="dn8">DEFAULT</data>
    </node>
    <edge id="261496" source="188416" target="185931">
      <data key="de0">PART</data>
    </edge>
    <edge id="270086" source="188416" target="192077">
      <data key="de0">HAS_WITNESS</data>
    </edge>
    <edge id="270088" source="188416" target="192079">
      <data key="de0">HAS_WITNESS</data>
    </edge>
    <edge id="270083" source="188416" target="192074">
      <data key="de0">HAS_WITNESS</data>
    </edge>
    <edge id="270091" source="188416" target="192082">
      <data key="de0">HAS_WITNESS</data>
    </edge>
    <edge id="270050" source="188416" target="192050">
      <data key="de0">HAS_RELATION_TYPE</data>
    </edge>
    <edge id="270066" source="188416" target="192057">
      <data key="de0">HAS_WITNESS</data>
    </edge>
    <edge id="270095" source="188416" target="192086">
      <data key="de0">HAS_WITNESS</data>
    </edge>
    <edge id="270096" source="188416" target="192087">
      <data key="de0">HAS_WITNESS</data>
    </edge>
    <edge id="270077" source="188416" target="192068">
      <data key="de0">HAS_WITNESS</data>
    </edge>
    <edge id="270065" source="188416" target="192056">
      <data key="de0">HAS_WITNESS</data>
    </edge>
    <edge id="270073" source="188416" target="192064">
      <data key="de0">HAS_WITNESS</data>
    </edge>
    <edge id="270045" source="188416" target="192048">
      <data key="de0">HAS_RELATION_TYPE</data>
    </edge>
    <edge id="270063" source="188416" target="192054">
      <data key="de0">HAS_WITNESS</data>
    </edge>
    <edge id="270092" source="188416" target="192083">
      <data key="de0">HAS_WITNESS</data>
    </edge>
    <edge id="270069" source="188416" target="192060">
      <data key="de0">HAS_WITNESS</data>
    </edge>
    <edge id="270079" source="188416" target="192070">
      <data key="de0">HAS_WITNESS</data>
    </edge>
    <edge id="270085" source="188416" target="192076">
      <data key="de0">HAS_WITNESS</data>
    </edge>
    <edge id="270094" source="188416" target="192085">
      <data key="de0">HAS_WITNESS</data>
    </edge>
    <edge id="270061" source="188416" target="192052">
      <data key="de0">HAS_WITNESS</data>
    </edge>
    <edge id="270047" source="188416" target="192049">
      <data key="de0">HAS_RELATION_TYPE</data>
    </edge>
    <edge id="270074" source="188416" target="192065">
      <data key="de0">HAS_WITNESS</data>
    </edge>
    <edge id="270087" source="188416" target="192078">
      <data key="de0">HAS_WITNESS</data>
    </edge>
    <edge id="270084" source="188416" target="192075">
      <data key="de0">HAS_WITNESS</data>
    </edge>
    <edge id="270071" source="188416" target="192062">
      <data key="de0">HAS_WITNESS</data>
    </edge>
    <edge id="270090" source="188416" target="192081">
      <data key="de0">HAS_WITNESS</data>
    </edge>
    <edge id="270068" source="188416" target="192059">
      <data key="de0">HAS_WITNESS</data>
    </edge>
    <edge id="270081" source="188416" target="192072">
      <data key="de0">HAS_WITNESS</data>
    </edge>
    <edge id="270070" source="188416" target="192061">
      <data key="de0">HAS_WITNESS</data>
    </edge>
    <edge id="270064" source="188416" target="192055">
      <data key="de0">HAS_WITNESS</data>
    </edge>
    <edge id="270076" source="188416" target="192067">
      <data key="de0">HAS_WITNESS</data>
    </edge>
    <edge id="270060" source="188416" target="192051">
      <data key="de0">HAS_WITNESS</data>
    </edge>
    <edge id="270062" source="188416" target="192053">
      <data key="de0">HAS_WITNESS</data>
    </edge>
    <edge id="270067" source="188416" target="192058">
      <data key="de0">HAS_WITNESS</data>
    </edge>
    <edge id="270089" source="188416" target="192080">
      <data key="de0">HAS_WITNESS</data>
    </edge>
    <edge id="270078" source="188416" target="192069">
      <data key="de0">HAS_WITNESS</data>
    </edge>
    <edge id="270080" source="188416" target="192071">
      <data key="de0">HAS_WITNESS</data>
    </edge>
    <edge id="270075" source="188416" target="192066">
      <data key="de0">HAS_WITNESS</data>
    </edge>
    <edge id="270072" source="188416" target="192063">
      <data key="de0">HAS_WITNESS</data>
    </edge>
    <edge id="270082" source="188416" target="192073">
      <data key="de0">HAS_WITNESS</data>
    </edge>
    <edge id="270093" source="188416" target="192084">
      <data key="de0">HAS_WITNESS</data>
    </edge>
    <edge id="265027" source="188416" target="188417">
      <data key="de0">PART</data>
    </edge>
    <edge id="270183" source="188417" target="185931">
      <data key="de0">NEXT</data>
    </edge>
  </graph>
</graphml>