<?xml version='1.0' encoding='UTF-8'?>
<graphml xmlns="http://graphml.graphdrawing.org/xmlns" xmlns:xsi="http://www.w3.org/2001/XMLSchema-instance" xsi:schemaLocation="http://graphml.graphdrawing.org/xmlns http://graphml.graphdrawing.org/xmlns/1.0/graphml.xsd">
  <key attr.name="notAfter" attr.type="string" for="node" id="dn32"/>
  <key attr.name="internal" attr.type="string" for="node" id="dn37"/>
  <key attr.name="description" attr.type="string" for="node" id="dn13"/>
  <key attr.name="language" attr.type="string" for="node" id="dn1"/>
  <key attr.name="title" attr.type="string" for="node" id="dn29"/>
  <key attr.name="PERSONREF" attr.type="string" for="node" id="dn36"/>
  <key attr.name="notBefore" attr.type="string" for="node" id="dn33"/>
  <key attr.name="from_jobid" attr.type="int" for="node" id="dn16"/>
  <key attr.name="__primary" attr.type="boolean" for="node" id="dn39"/>
  <key attr.name="DATEREF" attr.type="string" for="node" id="dn34"/>
  <key attr.name="by" attr.type="string" for="node" id="dn21"/>
  <key attr.name="id" attr.type="string" for="node" id="dn2"/>
  <key attr.name="href" attr.type="string" for="node" id="dn25"/>
  <key attr.name="text" attr.type="string" for="node" id="dn31"/>
  <key attr.name="is_colocation" attr.type="boolean" for="node" id="dn15"/>
  <key attr.name="READING" attr.type="string" for="node" id="dn20"/>
  <key attr.name="direction" attr.type="string" for="node" id="dn3"/>
  <key attr.name="PLACEREF" attr.type="string" for="node" id="dn28"/>
  <key attr.name="identifier" attr.type="string" for="node" id="dn26"/>
  <key attr.name="is_generalizable" attr.type="boolean" for="node" id="dn11"/>
  <key attr.name="directed" attr.type="boolean" for="node" id="dn17"/>
  <key attr.name="PERSON" attr.type="string" for="node" id="dn38"/>
  <key attr.name="is_contaminated" attr.type="boolean" for="node" id="dn19"/>
  <key attr.name="bindlevel" attr.type="int" for="node" id="dn14"/>
  <key attr.name="label" attr.type="string" for="node" id="dn18"/>
  <key attr.name="locatable" attr.type="string" for="node" id="dn24"/>
  <key attr.name="DATING" attr.type="string" for="node" id="dn35"/>
  <key attr.name="is_weak" attr.type="boolean" for="node" id="dn9"/>
  <key attr.name="sigil" attr.type="string" for="node" id="dn6"/>
  <key attr.name="use_regular" attr.type="boolean" for="node" id="dn12"/>
  <key attr.name="datasource" attr.type="string" for="node" id="dn27"/>
  <key attr.name="hypothetical" attr.type="boolean" for="node" id="dn7"/>
  <key attr.name="authority" attr.type="string" for="node" id="dn23"/>
  <key attr.name="name" attr.type="string" for="node" id="dn4"/>
  <key attr.name="is_public" attr.type="boolean" for="node" id="dn5"/>
  <key attr.name="comment" attr.type="string" for="node" id="dn22"/>
  <key attr.name="neolabel" attr.type="string" for="node" id="dn0"/>
  <key attr.name="quotesigil" attr.type="boolean" for="node" id="dn8"/>
  <key attr.name="is_transitive" attr.type="boolean" for="node" id="dn10"/>
  <key attr.name="SECTION" attr.type="string" for="node" id="dn30"/>
  <key attr.name="neolabel" attr.type="string" for="edge" id="de0"/>
  <key attr.name="hypothesis" attr.type="string" for="edge" id="de1"/>
  <graph id="4aaf8973-7ac9-402a-8df9-19a2a050e364" edgedefault="directed" parse.edgeids="canonical" parse.edges="311" parse.nodeids="canonical" parse.nodes="313" parse.order="nodesfirst">
    <node id="385665">
      <data key="dn0">[TRADITION]</data>
      <data key="dn1">Armenian</data>
      <data key="dn2">4aaf8973-7ac9-402a-8df9-19a2a050e364</data>
      <data key="dn3">LR</data>
      <data key="dn4">Ժամանակագրութիւն checked</data>
      <data key="dn5">false</data>
    </node>
    <node id="470878">
      <data key="dn0">[SECTION]</data>
      <data key="dn4">milestone-591</data>
      <data key="dn1">Armenian</data>
    </node>
    <node id="470971">
      <data key="dn0">[WITNESS]</data>
      <data key="dn6">M8232</data>
      <data key="dn7">false</data>
      <data key="dn8">false</data>
    </node>
    <node id="470990">
      <data key="dn0">[WITNESS]</data>
      <data key="dn6">E</data>
      <data key="dn7">false</data>
      <data key="dn8">false</data>
    </node>
    <node id="470989">
      <data key="dn0">[WITNESS]</data>
      <data key="dn6">M3380</data>
      <data key="dn7">false</data>
      <data key="dn8">false</data>
    </node>
    <node id="470988">
      <data key="dn0">[WITNESS]</data>
      <data key="dn6">W246</data>
      <data key="dn7">false</data>
      <data key="dn8">false</data>
    </node>
    <node id="470954">
      <data key="dn0">[WITNESS]</data>
      <data key="dn6">M6686</data>
      <data key="dn7">false</data>
      <data key="dn8">false</data>
    </node>
    <node id="470961">
      <data key="dn0">[WITNESS]</data>
      <data key="dn6">I</data>
      <data key="dn7">false</data>
      <data key="dn8">false</data>
    </node>
    <node id="470987">
      <data key="dn0">[WITNESS]</data>
      <data key="dn6">K</data>
      <data key="dn7">false</data>
      <data key="dn8">false</data>
    </node>
    <node id="470952">
      <data key="dn0">[WITNESS]</data>
      <data key="dn6">Bz644</data>
      <data key="dn7">false</data>
      <data key="dn8">false</data>
    </node>
    <node id="470965">
      <data key="dn0">[WITNESS]</data>
      <data key="dn6">M2899</data>
      <data key="dn7">false</data>
      <data key="dn8">false</data>
    </node>
    <node id="470967">
      <data key="dn0">[WITNESS]</data>
      <data key="dn6">F</data>
      <data key="dn7">false</data>
      <data key="dn8">false</data>
    </node>
    <node id="470970">
      <data key="dn0">[WITNESS]</data>
      <data key="dn6">X</data>
      <data key="dn7">false</data>
      <data key="dn8">false</data>
    </node>
    <node id="470973">
      <data key="dn0">[WITNESS]</data>
      <data key="dn6">B</data>
      <data key="dn7">false</data>
      <data key="dn8">false</data>
    </node>
    <node id="470978">
      <data key="dn0">[WITNESS]</data>
      <data key="dn6">C</data>
      <data key="dn7">false</data>
      <data key="dn8">false</data>
    </node>
    <node id="470959">
      <data key="dn0">[WITNESS]</data>
      <data key="dn6">M6605</data>
      <data key="dn7">false</data>
      <data key="dn8">false</data>
    </node>
    <node id="470986">
      <data key="dn0">[WITNESS]</data>
      <data key="dn6">W243</data>
      <data key="dn7">false</data>
      <data key="dn8">false</data>
    </node>
    <node id="470953">
      <data key="dn0">[WITNESS]</data>
      <data key="dn6">A</data>
      <data key="dn7">false</data>
      <data key="dn8">false</data>
    </node>
    <node id="470991">
      <data key="dn0">[WITNESS]</data>
      <data key="dn6">W</data>
      <data key="dn7">false</data>
      <data key="dn8">false</data>
    </node>
    <node id="470983">
      <data key="dn0">[WITNESS]</data>
      <data key="dn6">D</data>
      <data key="dn7">false</data>
      <data key="dn8">false</data>
    </node>
    <node id="470992">
      <data key="dn0">[WITNESS]</data>
      <data key="dn6">G</data>
      <data key="dn7">false</data>
      <data key="dn8">false</data>
    </node>
    <node id="470957">
      <data key="dn0">[WITNESS]</data>
      <data key="dn6">M2855</data>
      <data key="dn7">false</data>
      <data key="dn8">false</data>
    </node>
    <node id="470981">
      <data key="dn0">[WITNESS]</data>
      <data key="dn6">V</data>
      <data key="dn7">false</data>
      <data key="dn8">false</data>
    </node>
    <node id="470982">
      <data key="dn0">[WITNESS]</data>
      <data key="dn6">Y</data>
      <data key="dn7">false</data>
      <data key="dn8">false</data>
    </node>
    <node id="470964">
      <data key="dn0">[WITNESS]</data>
      <data key="dn6">L</data>
      <data key="dn7">false</data>
      <data key="dn8">false</data>
    </node>
    <node id="470963">
      <data key="dn0">[WITNESS]</data>
      <data key="dn6">Bz430</data>
      <data key="dn7">false</data>
      <data key="dn8">false</data>
    </node>
    <node id="470984">
      <data key="dn0">[WITNESS]</data>
      <data key="dn6">H</data>
      <data key="dn7">false</data>
      <data key="dn8">false</data>
    </node>
    <node id="470949">
      <data key="dn0">[WITNESS]</data>
      <data key="dn6">O</data>
      <data key="dn7">false</data>
      <data key="dn8">false</data>
    </node>
    <node id="470956">
      <data key="dn0">[WITNESS]</data>
      <data key="dn6">M1775</data>
      <data key="dn7">false</data>
      <data key="dn8">false</data>
    </node>
    <node id="470979">
      <data key="dn0">[WITNESS]</data>
      <data key="dn6">Z</data>
      <data key="dn7">false</data>
      <data key="dn8">false</data>
    </node>
    <node id="470960">
      <data key="dn0">[WITNESS]</data>
      <data key="dn6">J</data>
      <data key="dn7">false</data>
      <data key="dn8">false</data>
    </node>
    <node id="471013">
      <data key="dn0">[RELATION_TYPE]</data>
      <data key="dn9">false</data>
      <data key="dn10">false</data>
      <data key="dn11">false</data>
      <data key="dn12">true</data>
      <data key="dn4">other</data>
      <data key="dn13">These readings are related in a way not covered by the existing types.</data>
      <data key="dn14">2</data>
      <data key="dn15">true</data>
    </node>
    <node id="470996">
      <data key="dn0">[RELATION_TYPE]</data>
      <data key="dn12">true</data>
      <data key="dn15">true</data>
      <data key="dn9">false</data>
      <data key="dn10">true</data>
      <data key="dn11">true</data>
      <data key="dn4">punctuation</data>
      <data key="dn13">These are the same reading apart from punctuation.</data>
      <data key="dn14">0</data>
    </node>
    <node id="471000">
      <data key="dn0">[RELATION_TYPE]</data>
      <data key="dn10">true</data>
      <data key="dn11">false</data>
      <data key="dn12">true</data>
      <data key="dn13">Internal use only</data>
      <data key="dn9">true</data>
      <data key="dn4">collated</data>
      <data key="dn14">50</data>
      <data key="dn15">true</data>
    </node>
    <node id="471012">
      <data key="dn0">[RELATION_TYPE]</data>
      <data key="dn12">true</data>
      <data key="dn15">true</data>
      <data key="dn9">false</data>
      <data key="dn10">false</data>
      <data key="dn11">false</data>
      <data key="dn4">uncertain</data>
      <data key="dn13">These readings are related, but a clear category cannot be assigned.</data>
      <data key="dn14">0</data>
    </node>
    <node id="471010">
      <data key="dn0">[RELATION_TYPE]</data>
      <data key="dn12">true</data>
      <data key="dn15">true</data>
      <data key="dn9">false</data>
      <data key="dn10">true</data>
      <data key="dn11">true</data>
      <data key="dn4">spelling</data>
      <data key="dn13">These are the same reading, spelled differently.</data>
      <data key="dn14">1</data>
    </node>
    <node id="471005">
      <data key="dn0">[RELATION_TYPE]</data>
      <data key="dn12">false</data>
      <data key="dn15">true</data>
      <data key="dn9">false</data>
      <data key="dn10">true</data>
      <data key="dn11">true</data>
      <data key="dn4">graphic</data>
      <data key="dn13">Same reading, same spelling, different graphical presentation</data>
      <data key="dn14">0</data>
    </node>
    <node id="471001">
      <data key="dn0">[RELATION_TYPE]</data>
      <data key="dn9">false</data>
      <data key="dn10">false</data>
      <data key="dn11">false</data>
      <data key="dn12">true</data>
      <data key="dn4">other</data>
      <data key="dn13">These readings are related in a way not covered by the existing types.</data>
      <data key="dn14">0</data>
      <data key="dn15">true</data>
    </node>
    <node id="471011">
      <data key="dn0">[RELATION_TYPE]</data>
      <data key="dn12">false</data>
      <data key="dn15">true</data>
      <data key="dn9">false</data>
      <data key="dn10">true</data>
      <data key="dn11">true</data>
      <data key="dn4">orthographic</data>
      <data key="dn13">These are the same reading, neither unusually spelled.</data>
      <data key="dn14">0</data>
    </node>
    <node id="470995">
      <data key="dn0">[RELATION_TYPE]</data>
      <data key="dn12">true</data>
      <data key="dn15">true</data>
      <data key="dn9">false</data>
      <data key="dn10">true</data>
      <data key="dn11">true</data>
      <data key="dn4">lexical</data>
      <data key="dn13">These readings share a part of speech (morphology), but have different roots (lemmata).</data>
      <data key="dn14">2</data>
    </node>
    <node id="470993">
      <data key="dn0">[RELATION_TYPE]</data>
      <data key="dn12">true</data>
      <data key="dn15">true</data>
      <data key="dn9">false</data>
      <data key="dn10">true</data>
      <data key="dn11">true</data>
      <data key="dn4">grammatical</data>
      <data key="dn13">These readings share a root (lemma), but have different parts of speech (morphologies).</data>
      <data key="dn14">2</data>
    </node>
    <node id="470999">
      <data key="dn0">[RELATION_TYPE]</data>
      <data key="dn12">true</data>
      <data key="dn15">false</data>
      <data key="dn9">false</data>
      <data key="dn10">false</data>
      <data key="dn11">true</data>
      <data key="dn4">transposition</data>
      <data key="dn13">This is the same (or nearly the same) reading in a different location.</data>
      <data key="dn14">50</data>
    </node>
    <node id="471016">
      <data key="dn0">[RELATION_TYPE]</data>
      <data key="dn12">true</data>
      <data key="dn15">true</data>
      <data key="dn9">false</data>
      <data key="dn10">false</data>
      <data key="dn11">false</data>
      <data key="dn4">uncertain</data>
      <data key="dn13">These readings are related, but a clear category cannot be assigned.</data>
      <data key="dn14">2</data>
    </node>
    <node id="471006">
      <data key="dn0">[RELATION_TYPE]</data>
      <data key="dn12">true</data>
      <data key="dn15">false</data>
      <data key="dn9">false</data>
      <data key="dn10">false</data>
      <data key="dn11">true</data>
      <data key="dn4">repetition</data>
      <data key="dn13">This is a reading that was repeated in one or more witnesses.</data>
      <data key="dn14">50</data>
    </node>
    <node id="471017">
      <data key="dn0">[STEMMA]</data>
      <data key="dn16">72</data>
      <data key="dn4">RHM 1641561271_0</data>
      <data key="dn17">false</data>
    </node>
    <node id="471051">
      <data key="dn0">[WITNESS]</data>
      <data key="dn18">*</data>
      <data key="dn6">10</data>
      <data key="dn7">true</data>
      <data key="dn8">true</data>
    </node>
    <node id="471047">
      <data key="dn0">[WITNESS]</data>
      <data key="dn18">*</data>
      <data key="dn6">11</data>
      <data key="dn7">true</data>
      <data key="dn8">true</data>
    </node>
    <node id="471018">
      <data key="dn0">[WITNESS]</data>
      <data key="dn18">*</data>
      <data key="dn6">12</data>
      <data key="dn7">true</data>
      <data key="dn8">true</data>
    </node>
    <node id="471019">
      <data key="dn0">[WITNESS]</data>
      <data key="dn6">13</data>
      <data key="dn7">true</data>
      <data key="dn8">true</data>
    </node>
    <node id="471020">
      <data key="dn0">[WITNESS]</data>
      <data key="dn6">14</data>
      <data key="dn7">true</data>
      <data key="dn8">true</data>
    </node>
    <node id="471021">
      <data key="dn0">[WITNESS]</data>
      <data key="dn6">15</data>
      <data key="dn7">true</data>
      <data key="dn8">true</data>
    </node>
    <node id="471026">
      <data key="dn0">[WITNESS]</data>
      <data key="dn6">16</data>
      <data key="dn7">true</data>
      <data key="dn8">true</data>
    </node>
    <node id="471028">
      <data key="dn0">[WITNESS]</data>
      <data key="dn6">17</data>
      <data key="dn7">true</data>
      <data key="dn8">true</data>
    </node>
    <node id="471029">
      <data key="dn0">[WITNESS]</data>
      <data key="dn6">18</data>
      <data key="dn7">true</data>
      <data key="dn8">true</data>
    </node>
    <node id="471030">
      <data key="dn0">[WITNESS]</data>
      <data key="dn6">19</data>
      <data key="dn7">true</data>
      <data key="dn8">true</data>
    </node>
    <node id="471031">
      <data key="dn0">[WITNESS]</data>
      <data key="dn6">20</data>
      <data key="dn7">true</data>
      <data key="dn8">true</data>
    </node>
    <node id="471034">
      <data key="dn0">[WITNESS]</data>
      <data key="dn6">21</data>
      <data key="dn7">true</data>
      <data key="dn8">true</data>
    </node>
    <node id="471036">
      <data key="dn0">[WITNESS]</data>
      <data key="dn6">22</data>
      <data key="dn7">true</data>
      <data key="dn8">true</data>
    </node>
    <node id="471038">
      <data key="dn0">[WITNESS]</data>
      <data key="dn6">23</data>
      <data key="dn7">true</data>
      <data key="dn8">true</data>
    </node>
    <node id="471039">
      <data key="dn0">[WITNESS]</data>
      <data key="dn6">24</data>
      <data key="dn7">true</data>
      <data key="dn8">true</data>
    </node>
    <node id="471040">
      <data key="dn0">[WITNESS]</data>
      <data key="dn6">25</data>
      <data key="dn7">true</data>
      <data key="dn8">true</data>
    </node>
    <node id="471043">
      <data key="dn0">[WITNESS]</data>
      <data key="dn6">26</data>
      <data key="dn7">true</data>
      <data key="dn8">true</data>
    </node>
    <node id="471045">
      <data key="dn0">[WITNESS]</data>
      <data key="dn6">27</data>
      <data key="dn7">true</data>
      <data key="dn8">true</data>
    </node>
    <node id="471052">
      <data key="dn0">[WITNESS]</data>
      <data key="dn18">w</data>
      <data key="dn6">0</data>
      <data key="dn7">true</data>
      <data key="dn8">true</data>
    </node>
    <node id="471053">
      <data key="dn0">[WITNESS]</data>
      <data key="dn18">a</data>
      <data key="dn6">1</data>
      <data key="dn7">true</data>
      <data key="dn8">true</data>
    </node>
    <node id="471054">
      <data key="dn0">[WITNESS]</data>
      <data key="dn18">*</data>
      <data key="dn6">2</data>
      <data key="dn7">true</data>
      <data key="dn8">true</data>
    </node>
    <node id="471056">
      <data key="dn0">[WITNESS]</data>
      <data key="dn18">*</data>
      <data key="dn6">3</data>
      <data key="dn7">true</data>
      <data key="dn8">true</data>
    </node>
    <node id="471057">
      <data key="dn0">[WITNESS]</data>
      <data key="dn18">*</data>
      <data key="dn6">4</data>
      <data key="dn7">true</data>
      <data key="dn8">true</data>
    </node>
    <node id="471058">
      <data key="dn0">[WITNESS]</data>
      <data key="dn18">*</data>
      <data key="dn6">5</data>
      <data key="dn7">true</data>
      <data key="dn8">true</data>
    </node>
    <node id="471059">
      <data key="dn0">[WITNESS]</data>
      <data key="dn18">*</data>
      <data key="dn6">6</data>
      <data key="dn7">true</data>
      <data key="dn8">true</data>
    </node>
    <node id="471048">
      <data key="dn0">[WITNESS]</data>
      <data key="dn18">*</data>
      <data key="dn6">7</data>
      <data key="dn7">true</data>
      <data key="dn8">true</data>
    </node>
    <node id="471049">
      <data key="dn0">[WITNESS]</data>
      <data key="dn18">*</data>
      <data key="dn6">8</data>
      <data key="dn7">true</data>
      <data key="dn8">true</data>
    </node>
    <node id="471050">
      <data key="dn0">[WITNESS]</data>
      <data key="dn18">*</data>
      <data key="dn6">9</data>
      <data key="dn7">true</data>
      <data key="dn8">true</data>
    </node>
    <node id="471060">
      <data key="dn0">[STEMMA]</data>
      <data key="dn4">First attempt</data>
      <data key="dn17">true</data>
      <data key="dn19">true</data>
    </node>
    <node id="1041194">
      <data key="dn0">[ANNOTATIONLABEL]</data>
      <data key="dn4">SOURCE</data>
    </node>
    <node id="1041196">
      <data key="dn0">[LINKS]</data>
      <data key="dn20">BEGIN,END</data>
    </node>
    <node id="1041195">
      <data key="dn0">[PROPERTIES]</data>
      <data key="dn21">String</data>
      <data key="dn13">String</data>
    </node>
    <node id="1041182">
      <data key="dn0">[ANNOTATIONLABEL]</data>
      <data key="dn4">DATEREF</data>
    </node>
    <node id="1041184">
      <data key="dn0">[PROPERTIES]</data>
      <data key="dn22">String</data>
      <data key="dn23">String</data>
    </node>
    <node id="1041186">
      <data key="dn0">[LINKS]</data>
      <data key="dn20">BEGIN,END</data>
    </node>
    <node id="1041192">
      <data key="dn0">[ANNOTATIONLABEL]</data>
      <data key="dn4">PLACE</data>
    </node>
    <node id="480117">
      <data key="dn0">[PROPERTIES]</data>
      <data key="dn24">Boolean</data>
      <data key="dn22">String</data>
      <data key="dn25">String</data>
      <data key="dn26">String</data>
      <data key="dn27">String</data>
    </node>
    <node id="1041193">
      <data key="dn0">[LINKS]</data>
      <data key="dn28">REFERENCED</data>
    </node>
    <node id="471071">
      <data key="dn0">[ANNOTATIONLABEL]</data>
      <data key="dn4">CHAPTER</data>
    </node>
    <node id="471073">
      <data key="dn0">[PROPERTIES]</data>
      <data key="dn1">String</data>
      <data key="dn29">String</data>
      <data key="dn13">String</data>
    </node>
    <node id="471072">
      <data key="dn0">[LINKS]</data>
      <data key="dn30">CONTAINS</data>
    </node>
    <node id="471067">
      <data key="dn0">[ANNOTATIONLABEL]</data>
      <data key="dn4">TRANSLATION</data>
    </node>
    <node id="471070">
      <data key="dn0">[LINKS]</data>
      <data key="dn20">BEGIN,END</data>
    </node>
    <node id="471068">
      <data key="dn0">[PROPERTIES]</data>
      <data key="dn22">String</data>
      <data key="dn31">String</data>
      <data key="dn21">String</data>
      <data key="dn1">String</data>
    </node>
    <node id="663741">
      <data key="dn0">[ANNOTATIONLABEL]</data>
      <data key="dn4">COMMENT</data>
    </node>
    <node id="663785">
      <data key="dn0">[PROPERTIES]</data>
      <data key="dn21">String</data>
      <data key="dn31">String</data>
    </node>
    <node id="663823">
      <data key="dn0">[LINKS]</data>
      <data key="dn20">BEGIN,END</data>
    </node>
    <node id="478249">
      <data key="dn0">[ANNOTATIONLABEL]</data>
      <data key="dn4">DATE</data>
    </node>
    <node id="478250">
      <data key="dn0">[PROPERTIES]</data>
      <data key="dn32">LocalDate</data>
      <data key="dn33">LocalDate</data>
      <data key="dn26">String</data>
      <data key="dn22">String</data>
    </node>
    <node id="478251">
      <data key="dn0">[LINKS]</data>
      <data key="dn34">REFERENCED</data>
      <data key="dn35">REFERENCED</data>
    </node>
    <node id="480116">
      <data key="dn0">[ANNOTATIONLABEL]</data>
      <data key="dn4">PERSON</data>
    </node>
    <node id="480119">
      <data key="dn0">[PROPERTIES]</data>
      <data key="dn22">String</data>
      <data key="dn25">String</data>
      <data key="dn26">String</data>
      <data key="dn27">String</data>
    </node>
    <node id="480118">
      <data key="dn0">[LINKS]</data>
      <data key="dn36">REFERENCED,POSSIBLY,NAMED</data>
    </node>
    <node id="1041178">
      <data key="dn0">[ANNOTATIONLABEL]</data>
      <data key="dn4">PLACEREF</data>
    </node>
    <node id="1041181">
      <data key="dn0">[LINKS]</data>
      <data key="dn20">BEGIN,END</data>
    </node>
    <node id="1041180">
      <data key="dn0">[PROPERTIES]</data>
      <data key="dn22">String</data>
      <data key="dn23">String</data>
    </node>
    <node id="1041197">
      <data key="dn0">[ANNOTATIONLABEL]</data>
      <data key="dn4">PERSONREF</data>
    </node>
    <node id="1041198">
      <data key="dn0">[PROPERTIES]</data>
      <data key="dn22">String</data>
      <data key="dn23">String</data>
    </node>
    <node id="1041199">
      <data key="dn0">[LINKS]</data>
      <data key="dn20">BEGIN,END</data>
    </node>
    <node id="1041188">
      <data key="dn0">[ANNOTATIONLABEL]</data>
      <data key="dn4">DATING</data>
    </node>
    <node id="1041191">
      <data key="dn0">[PROPERTIES]</data>
      <data key="dn23">String</data>
      <data key="dn37">Boolean</data>
      <data key="dn22">String</data>
    </node>
    <node id="1041189">
      <data key="dn0">[LINKS]</data>
      <data key="dn20">BEGIN,END</data>
    </node>
    <node id="471061">
      <data key="dn0">[ANNOTATIONLABEL]</data>
      <data key="dn4">GROUP</data>
    </node>
    <node id="471063">
      <data key="dn0">[LINKS]</data>
      <data key="dn38">HAS_MEMBER</data>
    </node>
    <node id="471062">
      <data key="dn0">[PROPERTIES]</data>
      <data key="dn26">String</data>
      <data key="dn22">String</data>
    </node>
    <node id="480113">
      <data key="dn0">[ANNOTATIONLABEL]</data>
      <data key="dn4">TITLE</data>
    </node>
    <node id="480114">
      <data key="dn0">[LINKS]</data>
      <data key="dn30">TITLED</data>
    </node>
    <node id="480115">
      <data key="dn0">[PROPERTIES]</data>
      <data key="dn1">String</data>
      <data key="dn31">String</data>
    </node>
    <node id="384768">
      <data key="dn0">[CHAPTER]</data>
      <data key="dn1">en_US.UTF-8</data>
      <data key="dn29">Continuation</data>
      <data key="dn13">The continuation by Grigor Erecʿ, covering the years 585–611 (1136–1163)</data>
      <data key="dn39">false</data>
    </node>
    <node id="384878">
      <data key="dn0">[TITLE]</data>
      <data key="dn39">true</data>
      <data key="dn1">hy</data>
      <data key="dn31">591 թ. (14 Փետրվար 1142–13 Փետրվար 1143)</data>
    </node>
    <node id="384840">
      <data key="dn0">[TITLE]</data>
      <data key="dn39">true</data>
      <data key="dn1">en</data>
      <data key="dn31">The year 591 (14 February 1142–13 February 1143)</data>
    </node>
    <edge id="9949363" source="385665" target="470878">
      <data key="de0">PART</data>
    </edge>
    <edge id="9949496" source="385665" target="470971">
      <data key="de0">HAS_WITNESS</data>
    </edge>
    <edge id="9949515" source="385665" target="470990">
      <data key="de0">HAS_WITNESS</data>
    </edge>
    <edge id="9949516" source="470990" target="470989">
      <data key="de0">TRANSMITTED</data>
      <data key="de1">First attempt</data>
    </edge>
    <edge id="9949512" source="385665" target="470988">
      <data key="de0">HAS_WITNESS</data>
    </edge>
    <edge id="9949485" source="385665" target="470954">
      <data key="de0">HAS_WITNESS</data>
    </edge>
    <edge id="9949504" source="385665" target="470961">
      <data key="de0">HAS_WITNESS</data>
    </edge>
    <edge id="9949509" source="385665" target="470987">
      <data key="de0">HAS_WITNESS</data>
    </edge>
    <edge id="9949510" source="470987" target="470952">
      <data key="de0">TRANSMITTED</data>
      <data key="de1">First attempt</data>
    </edge>
    <edge id="9949508" source="385665" target="470965">
      <data key="de0">HAS_WITNESS</data>
    </edge>
    <edge id="9949494" source="385665" target="470967">
      <data key="de0">HAS_WITNESS</data>
    </edge>
    <edge id="9949495" source="470967" target="470970">
      <data key="de0">TRANSMITTED</data>
      <data key="de1">First attempt</data>
    </edge>
    <edge id="9949497" source="385665" target="470973">
      <data key="de0">HAS_WITNESS</data>
    </edge>
    <edge id="9949498" source="385665" target="470978">
      <data key="de0">HAS_WITNESS</data>
    </edge>
    <edge id="9949499" source="470978" target="470959">
      <data key="de0">TRANSMITTED</data>
      <data key="de1">First attempt</data>
    </edge>
    <edge id="9949507" source="385665" target="470986">
      <data key="de0">HAS_WITNESS</data>
    </edge>
    <edge id="9949513" source="385665" target="470970">
      <data key="de0">HAS_WITNESS</data>
    </edge>
    <edge id="9949484" source="385665" target="470953">
      <data key="de0">HAS_WITNESS</data>
    </edge>
    <edge id="9949517" source="385665" target="470991">
      <data key="de0">HAS_WITNESS</data>
    </edge>
    <edge id="9949518" source="470991" target="470983">
      <data key="de0">TRANSMITTED</data>
      <data key="de1">First attempt</data>
    </edge>
    <edge id="9949519" source="385665" target="470992">
      <data key="de0">HAS_WITNESS</data>
    </edge>
    <edge id="9949487" source="385665" target="470957">
      <data key="de0">HAS_WITNESS</data>
    </edge>
    <edge id="9949501" source="385665" target="470981">
      <data key="de0">HAS_WITNESS</data>
    </edge>
    <edge id="9949502" source="470981" target="470982">
      <data key="de0">TRANSMITTED</data>
      <data key="de1">First attempt</data>
    </edge>
    <edge id="9949503" source="470981" target="470971">
      <data key="de0">TRANSMITTED</data>
      <data key="de1">First attempt</data>
    </edge>
    <edge id="9949492" source="385665" target="470964">
      <data key="de0">HAS_WITNESS</data>
    </edge>
    <edge id="9949493" source="470964" target="470965">
      <data key="de0">TRANSMITTED</data>
      <data key="de1">First attempt</data>
    </edge>
    <edge id="9949491" source="385665" target="470963">
      <data key="de0">HAS_WITNESS</data>
    </edge>
    <edge id="9949506" source="385665" target="470984">
      <data key="de0">HAS_WITNESS</data>
    </edge>
    <edge id="9949514" source="385665" target="470989">
      <data key="de0">HAS_WITNESS</data>
    </edge>
    <edge id="9949483" source="385665" target="470952">
      <data key="de0">HAS_WITNESS</data>
    </edge>
    <edge id="9949482" source="385665" target="470949">
      <data key="de0">HAS_WITNESS</data>
    </edge>
    <edge id="9949486" source="385665" target="470956">
      <data key="de0">HAS_WITNESS</data>
    </edge>
    <edge id="9949488" source="385665" target="470959">
      <data key="de0">HAS_WITNESS</data>
    </edge>
    <edge id="9949511" source="385665" target="470982">
      <data key="de0">HAS_WITNESS</data>
    </edge>
    <edge id="9949505" source="385665" target="470983">
      <data key="de0">HAS_WITNESS</data>
    </edge>
    <edge id="9949500" source="385665" target="470979">
      <data key="de0">HAS_WITNESS</data>
    </edge>
    <edge id="9949489" source="385665" target="470960">
      <data key="de0">HAS_WITNESS</data>
    </edge>
    <edge id="9949490" source="470960" target="470961">
      <data key="de0">TRANSMITTED</data>
      <data key="de1">First attempt</data>
    </edge>
    <edge id="9949531" source="385665" target="471013">
      <data key="de0">HAS_RELATION_TYPE</data>
    </edge>
    <edge id="9949522" source="385665" target="470996">
      <data key="de0">HAS_RELATION_TYPE</data>
    </edge>
    <edge id="9949524" source="385665" target="471000">
      <data key="de0">HAS_RELATION_TYPE</data>
    </edge>
    <edge id="9949530" source="385665" target="471012">
      <data key="de0">HAS_RELATION_TYPE</data>
    </edge>
    <edge id="9949528" source="385665" target="471010">
      <data key="de0">HAS_RELATION_TYPE</data>
    </edge>
    <edge id="9949526" source="385665" target="471005">
      <data key="de0">HAS_RELATION_TYPE</data>
    </edge>
    <edge id="9949525" source="385665" target="471001">
      <data key="de0">HAS_RELATION_TYPE</data>
    </edge>
    <edge id="9949529" source="385665" target="471011">
      <data key="de0">HAS_RELATION_TYPE</data>
    </edge>
    <edge id="9949521" source="385665" target="470995">
      <data key="de0">HAS_RELATION_TYPE</data>
    </edge>
    <edge id="9949520" source="385665" target="470993">
      <data key="de0">HAS_RELATION_TYPE</data>
    </edge>
    <edge id="9949523" source="385665" target="470999">
      <data key="de0">HAS_RELATION_TYPE</data>
    </edge>
    <edge id="9949532" source="385665" target="471016">
      <data key="de0">HAS_RELATION_TYPE</data>
    </edge>
    <edge id="9949527" source="385665" target="471006">
      <data key="de0">HAS_RELATION_TYPE</data>
    </edge>
    <edge id="9949533" source="385665" target="471017">
      <data key="de0">HAS_STEMMA</data>
    </edge>
    <edge id="9949682" source="471017" target="471051">
      <data key="de0">HAS_WITNESS</data>
    </edge>
    <edge id="10186425" source="471051" target="471047">
      <data key="de0">TRANSMITTED</data>
      <data key="de1">RHM 1641561271_0</data>
    </edge>
    <edge id="10186426" source="471047" target="471018">
      <data key="de0">TRANSMITTED</data>
      <data key="de1">RHM 1641561271_0</data>
    </edge>
    <edge id="9949536" source="471018" target="470964">
      <data key="de0">TRANSMITTED</data>
      <data key="de1">First attempt</data>
    </edge>
    <edge id="9949570" source="471018" target="470984">
      <data key="de0">TRANSMITTED</data>
      <data key="de1">First attempt</data>
    </edge>
    <edge id="9949571" source="471018" target="470949">
      <data key="de0">TRANSMITTED</data>
      <data key="de1">First attempt</data>
    </edge>
    <edge id="9949569" source="471018" target="470967">
      <data key="de0">TRANSMITTED</data>
      <data key="de1">RHM 1641561271_0</data>
    </edge>
    <edge id="9949537" source="471018" target="470956">
      <data key="de0">TRANSMITTED</data>
      <data key="de1">First attempt</data>
    </edge>
    <edge id="9949538" source="471018" target="471019">
      <data key="de0">TRANSMITTED</data>
      <data key="de1">RHM 1641561271_0</data>
    </edge>
    <edge id="9949568" source="471019" target="470970">
      <data key="de0">TRANSMITTED</data>
      <data key="de1">RHM 1641561271_0</data>
    </edge>
    <edge id="9949539" source="471019" target="471020">
      <data key="de0">TRANSMITTED</data>
      <data key="de1">RHM 1641561271_0</data>
    </edge>
    <edge id="9949541" source="471020" target="471021">
      <data key="de0">TRANSMITTED</data>
      <data key="de1">RHM 1641561271_0</data>
    </edge>
    <edge id="9949542" source="471021" target="470979">
      <data key="de0">TRANSMITTED</data>
      <data key="de1">RHM 1641561271_0</data>
    </edge>
    <edge id="9949543" source="471021" target="471026">
      <data key="de0">TRANSMITTED</data>
      <data key="de1">RHM 1641561271_0</data>
    </edge>
    <edge id="9949567" source="471026" target="470978">
      <data key="de0">TRANSMITTED</data>
      <data key="de1">RHM 1641561271_0</data>
    </edge>
    <edge id="9949544" source="471026" target="471028">
      <data key="de0">TRANSMITTED</data>
      <data key="de1">RHM 1641561271_0</data>
    </edge>
    <edge id="9949545" source="471028" target="471029">
      <data key="de0">TRANSMITTED</data>
      <data key="de1">RHM 1641561271_0</data>
    </edge>
    <edge id="9949546" source="471029" target="471030">
      <data key="de0">TRANSMITTED</data>
      <data key="de1">RHM 1641561271_0</data>
    </edge>
    <edge id="9949564" source="471030" target="470952">
      <data key="de0">TRANSMITTED</data>
      <data key="de1">RHM 1641561271_0</data>
    </edge>
    <edge id="9949547" source="471030" target="471031">
      <data key="de0">TRANSMITTED</data>
      <data key="de1">RHM 1641561271_0</data>
    </edge>
    <edge id="9949563" source="471031" target="470957">
      <data key="de0">TRANSMITTED</data>
      <data key="de1">RHM 1641561271_0</data>
    </edge>
    <edge id="9949548" source="471031" target="471034">
      <data key="de0">TRANSMITTED</data>
      <data key="de1">RHM 1641561271_0</data>
    </edge>
    <edge id="9949550" source="471034" target="471036">
      <data key="de0">TRANSMITTED</data>
      <data key="de1">RHM 1641561271_0</data>
    </edge>
    <edge id="9949552" source="471036" target="471038">
      <data key="de0">TRANSMITTED</data>
      <data key="de1">RHM 1641561271_0</data>
    </edge>
    <edge id="9949553" source="471038" target="470992">
      <data key="de0">TRANSMITTED</data>
      <data key="de1">RHM 1641561271_0</data>
    </edge>
    <edge id="9949554" source="471038" target="471039">
      <data key="de0">TRANSMITTED</data>
      <data key="de1">RHM 1641561271_0</data>
    </edge>
    <edge id="9949556" source="471039" target="471040">
      <data key="de0">TRANSMITTED</data>
      <data key="de1">RHM 1641561271_0</data>
    </edge>
    <edge id="9949558" source="471040" target="471043">
      <data key="de0">TRANSMITTED</data>
      <data key="de1">RHM 1641561271_0</data>
    </edge>
    <edge id="9949559" source="471043" target="470991">
      <data key="de0">TRANSMITTED</data>
      <data key="de1">RHM 1641561271_0</data>
    </edge>
    <edge id="9949560" source="471043" target="471045">
      <data key="de0">TRANSMITTED</data>
      <data key="de1">RHM 1641561271_0</data>
    </edge>
    <edge id="9949562" source="471045" target="470956">
      <data key="de0">TRANSMITTED</data>
      <data key="de1">RHM 1641561271_0</data>
    </edge>
    <edge id="9949561" source="471045" target="470963">
      <data key="de0">TRANSMITTED</data>
      <data key="de1">RHM 1641561271_0</data>
    </edge>
    <edge id="9949557" source="471040" target="470989">
      <data key="de0">TRANSMITTED</data>
      <data key="de1">RHM 1641561271_0</data>
    </edge>
    <edge id="9949555" source="471039" target="470973">
      <data key="de0">TRANSMITTED</data>
      <data key="de1">RHM 1641561271_0</data>
    </edge>
    <edge id="9949551" source="471036" target="470981">
      <data key="de0">TRANSMITTED</data>
      <data key="de1">RHM 1641561271_0</data>
    </edge>
    <edge id="9949549" source="471034" target="470954">
      <data key="de0">TRANSMITTED</data>
      <data key="de1">RHM 1641561271_0</data>
    </edge>
    <edge id="9949565" source="471029" target="470983">
      <data key="de0">TRANSMITTED</data>
      <data key="de1">RHM 1641561271_0</data>
    </edge>
    <edge id="9949566" source="471028" target="470964">
      <data key="de0">TRANSMITTED</data>
      <data key="de1">RHM 1641561271_0</data>
    </edge>
    <edge id="9949540" source="471020" target="470982">
      <data key="de0">TRANSMITTED</data>
      <data key="de1">RHM 1641561271_0</data>
    </edge>
    <edge id="9949578" source="471047" target="471018">
      <data key="de0">TRANSMITTED</data>
      <data key="de1">First attempt</data>
    </edge>
    <edge id="9949580" source="471047" target="470961">
      <data key="de0">TRANSMITTED</data>
      <data key="de1">RHM 1641561271_0</data>
    </edge>
    <edge id="9949582" source="471047" target="471018">
      <data key="de0">TRANSMITTED</data>
      <data key="de1">First attempt</data>
    </edge>
    <edge id="9949581" source="471047" target="470978">
      <data key="de0">TRANSMITTED</data>
      <data key="de1">First attempt</data>
    </edge>
    <edge id="9949577" source="471047" target="471018">
      <data key="de0">TRANSMITTED</data>
      <data key="de1">First attempt</data>
    </edge>
    <edge id="9949579" source="471047" target="471018">
      <data key="de0">TRANSMITTED</data>
      <data key="de1">RHM 1641561271_0</data>
    </edge>
    <edge id="10186427" source="471051" target="471047">
      <data key="de0">TRANSMITTED</data>
      <data key="de1">RHM 1641561271_0</data>
    </edge>
    <edge id="9949599" source="471051" target="471047">
      <data key="de0">TRANSMITTED</data>
      <data key="de1">First attempt</data>
    </edge>
    <edge id="9949600" source="471051" target="470988">
      <data key="de0">TRANSMITTED</data>
      <data key="de1">First attempt</data>
    </edge>
    <edge id="9949602" source="471051" target="470960">
      <data key="de0">TRANSMITTED</data>
      <data key="de1">RHM 1641561271_0</data>
    </edge>
    <edge id="9949601" source="471051" target="471047">
      <data key="de0">TRANSMITTED</data>
      <data key="de1">RHM 1641561271_0</data>
    </edge>
    <edge id="9949604" source="471051" target="471018">
      <data key="de0">TRANSMITTED</data>
      <data key="de1">First attempt</data>
    </edge>
    <edge id="9949603" source="471051" target="471047">
      <data key="de0">TRANSMITTED</data>
      <data key="de1">First attempt</data>
    </edge>
    <edge id="9949605" source="471051" target="470991">
      <data key="de0">TRANSMITTED</data>
      <data key="de1">First attempt</data>
    </edge>
    <edge id="9950561" source="471017" target="470956">
      <data key="de0">HAS_WITNESS</data>
    </edge>
    <edge id="9949619" source="471017" target="471039">
      <data key="de0">HAS_WITNESS</data>
    </edge>
    <edge id="9949622" source="471017" target="471052">
      <data key="de0">HAS_WITNESS</data>
    </edge>
    <edge id="10186435" source="471052" target="471053">
      <data key="de0">TRANSMITTED</data>
      <data key="de1">First attempt</data>
    </edge>
    <edge id="10186433" source="471053" target="471054">
      <data key="de0">TRANSMITTED</data>
      <data key="de1">RHM 1641561271_0</data>
    </edge>
    <edge id="10186432" source="471054" target="471056">
      <data key="de0">TRANSMITTED</data>
      <data key="de1">RHM 1641561271_0</data>
    </edge>
    <edge id="10186430" source="471056" target="471057">
      <data key="de0">TRANSMITTED</data>
      <data key="de1">First attempt</data>
    </edge>
    <edge id="9949639" source="471057" target="470949">
      <data key="de0">TRANSMITTED</data>
      <data key="de1">First attempt</data>
    </edge>
    <edge id="9949627" source="471057" target="471058">
      <data key="de0">TRANSMITTED</data>
      <data key="de1">RHM 1641561271_0</data>
    </edge>
    <edge id="9949630" source="471058" target="471059">
      <data key="de0">TRANSMITTED</data>
      <data key="de1">RHM 1641561271_0</data>
    </edge>
    <edge id="10186428" source="471059" target="471048">
      <data key="de0">TRANSMITTED</data>
      <data key="de1">RHM 1641561271_0</data>
    </edge>
    <edge id="10186429" source="471048" target="471049">
      <data key="de0">TRANSMITTED</data>
      <data key="de1">First attempt</data>
    </edge>
    <edge id="9949592" source="471049" target="470990">
      <data key="de0">TRANSMITTED</data>
      <data key="de1">RHM 1641561271_0</data>
    </edge>
    <edge id="9949608" source="471049" target="470981">
      <data key="de0">TRANSMITTED</data>
      <data key="de1">First attempt</data>
    </edge>
    <edge id="9949593" source="471049" target="470987">
      <data key="de0">TRANSMITTED</data>
      <data key="de1">First attempt</data>
    </edge>
    <edge id="9949594" source="471049" target="471050">
      <data key="de0">TRANSMITTED</data>
      <data key="de1">RHM 1641561271_0</data>
    </edge>
    <edge id="9949607" source="471050" target="470992">
      <data key="de0">TRANSMITTED</data>
      <data key="de1">First attempt</data>
    </edge>
    <edge id="9949597" source="471050" target="470957">
      <data key="de0">TRANSMITTED</data>
      <data key="de1">First attempt</data>
    </edge>
    <edge id="9949598" source="471050" target="471051">
      <data key="de0">TRANSMITTED</data>
      <data key="de1">RHM 1641561271_0</data>
    </edge>
    <edge id="9949595" source="471050" target="470987">
      <data key="de0">TRANSMITTED</data>
      <data key="de1">RHM 1641561271_0</data>
    </edge>
    <edge id="9949596" source="471050" target="470986">
      <data key="de0">TRANSMITTED</data>
      <data key="de1">First attempt</data>
    </edge>
    <edge id="9949606" source="471050" target="470988">
      <data key="de0">TRANSMITTED</data>
      <data key="de1">First attempt</data>
    </edge>
    <edge id="9949615" source="471048" target="471049">
      <data key="de0">TRANSMITTED</data>
      <data key="de1">RHM 1641561271_0</data>
    </edge>
    <edge id="9949612" source="471048" target="470983">
      <data key="de0">TRANSMITTED</data>
      <data key="de1">First attempt</data>
    </edge>
    <edge id="9949610" source="471048" target="471050">
      <data key="de0">TRANSMITTED</data>
      <data key="de1">First attempt</data>
    </edge>
    <edge id="9949609" source="471048" target="471049">
      <data key="de0">TRANSMITTED</data>
      <data key="de1">RHM 1641561271_0</data>
    </edge>
    <edge id="9949591" source="471048" target="471049">
      <data key="de0">TRANSMITTED</data>
      <data key="de1">RHM 1641561271_0</data>
    </edge>
    <edge id="9949611" source="471048" target="470990">
      <data key="de0">TRANSMITTED</data>
      <data key="de1">First attempt</data>
    </edge>
    <edge id="9949613" source="471048" target="470965">
      <data key="de0">TRANSMITTED</data>
      <data key="de1">RHM 1641561271_0</data>
    </edge>
    <edge id="9949614" source="471048" target="471049">
      <data key="de0">TRANSMITTED</data>
      <data key="de1">First attempt</data>
    </edge>
    <edge id="9949634" source="471059" target="470967">
      <data key="de0">TRANSMITTED</data>
      <data key="de1">First attempt</data>
    </edge>
    <edge id="9949632" source="471059" target="471048">
      <data key="de0">TRANSMITTED</data>
      <data key="de1">First attempt</data>
    </edge>
    <edge id="9949631" source="471059" target="471048">
      <data key="de0">TRANSMITTED</data>
      <data key="de1">RHM 1641561271_0</data>
    </edge>
    <edge id="9949635" source="471059" target="471048">
      <data key="de0">TRANSMITTED</data>
      <data key="de1">RHM 1641561271_0</data>
    </edge>
    <edge id="9949633" source="471059" target="470984">
      <data key="de0">TRANSMITTED</data>
      <data key="de1">RHM 1641561271_0</data>
    </edge>
    <edge id="9949628" source="471058" target="470960">
      <data key="de0">TRANSMITTED</data>
      <data key="de1">First attempt</data>
    </edge>
    <edge id="9949637" source="471058" target="470979">
      <data key="de0">TRANSMITTED</data>
      <data key="de1">First attempt</data>
    </edge>
    <edge id="9949629" source="471058" target="471051">
      <data key="de0">TRANSMITTED</data>
      <data key="de1">First attempt</data>
    </edge>
    <edge id="9949636" source="471058" target="470959">
      <data key="de0">TRANSMITTED</data>
      <data key="de1">RHM 1641561271_0</data>
    </edge>
    <edge id="9949655" source="471057" target="470986">
      <data key="de0">TRANSMITTED</data>
      <data key="de1">RHM 1641561271_0</data>
    </edge>
    <edge id="9949638" source="471057" target="470953">
      <data key="de0">TRANSMITTED</data>
      <data key="de1">First attempt</data>
    </edge>
    <edge id="9949661" source="471056" target="470953">
      <data key="de0">TRANSMITTED</data>
      <data key="de1">RHM 1641561271_0</data>
    </edge>
    <edge id="9949657" source="471056" target="471057">
      <data key="de0">TRANSMITTED</data>
      <data key="de1">RHM 1641561271_0</data>
    </edge>
    <edge id="9949659" source="471056" target="470973">
      <data key="de0">TRANSMITTED</data>
      <data key="de1">First attempt</data>
    </edge>
    <edge id="9949658" source="471056" target="471057">
      <data key="de0">TRANSMITTED</data>
      <data key="de1">First attempt</data>
    </edge>
    <edge id="9949626" source="471056" target="471057">
      <data key="de0">TRANSMITTED</data>
      <data key="de1">RHM 1641561271_0</data>
    </edge>
    <edge id="9949660" source="471056" target="471057">
      <data key="de0">TRANSMITTED</data>
      <data key="de1">RHM 1641561271_0</data>
    </edge>
    <edge id="10186431" source="471054" target="471056">
      <data key="de0">TRANSMITTED</data>
      <data key="de1">RHM 1641561271_0</data>
    </edge>
    <edge id="9949665" source="471054" target="471056">
      <data key="de0">TRANSMITTED</data>
      <data key="de1">First attempt</data>
    </edge>
    <edge id="9949663" source="471054" target="471056">
      <data key="de0">TRANSMITTED</data>
      <data key="de1">RHM 1641561271_0</data>
    </edge>
    <edge id="9949625" source="471054" target="471056">
      <data key="de0">TRANSMITTED</data>
      <data key="de1">First attempt</data>
    </edge>
    <edge id="9949664" source="471054" target="471058">
      <data key="de0">TRANSMITTED</data>
      <data key="de1">First attempt</data>
    </edge>
    <edge id="9949662" source="471054" target="470971">
      <data key="de0">TRANSMITTED</data>
      <data key="de1">RHM 1641561271_0</data>
    </edge>
    <edge id="10186434" source="471053" target="471054">
      <data key="de0">TRANSMITTED</data>
      <data key="de1">RHM 1641561271_0</data>
    </edge>
    <edge id="9949668" source="471053" target="471054">
      <data key="de0">TRANSMITTED</data>
      <data key="de1">First attempt</data>
    </edge>
    <edge id="9949624" source="471053" target="471054">
      <data key="de0">TRANSMITTED</data>
      <data key="de1">First attempt</data>
    </edge>
    <edge id="9949669" source="471053" target="470949">
      <data key="de0">TRANSMITTED</data>
      <data key="de1">RHM 1641561271_0</data>
    </edge>
    <edge id="9949666" source="471053" target="471054">
      <data key="de0">TRANSMITTED</data>
      <data key="de1">RHM 1641561271_0</data>
    </edge>
    <edge id="9949667" source="471053" target="471059">
      <data key="de0">TRANSMITTED</data>
      <data key="de1">First attempt</data>
    </edge>
    <edge id="9949673" source="471052" target="471053">
      <data key="de0">TRANSMITTED</data>
      <data key="de1">RHM 1641561271_0</data>
    </edge>
    <edge id="9949623" source="471052" target="471053">
      <data key="de0">TRANSMITTED</data>
      <data key="de1">RHM 1641561271_0</data>
    </edge>
    <edge id="9949670" source="471052" target="471053">
      <data key="de0">TRANSMITTED</data>
      <data key="de1">RHM 1641561271_0</data>
    </edge>
    <edge id="9949672" source="471052" target="471053">
      <data key="de0">TRANSMITTED</data>
      <data key="de1">First attempt</data>
    </edge>
    <edge id="9949674" source="471052" target="470988">
      <data key="de0">TRANSMITTED</data>
      <data key="de1">RHM 1641561271_0</data>
    </edge>
    <edge id="9949675" source="471052" target="470954">
      <data key="de0">TRANSMITTED</data>
      <data key="de1">First attempt</data>
    </edge>
    <edge id="9949671" source="471052" target="470963">
      <data key="de0">TRANSMITTED</data>
      <data key="de1">First attempt</data>
    </edge>
    <edge id="9952675" source="471017" target="471053">
      <data key="de0">HAS_WITNESS</data>
    </edge>
    <edge id="9949586" source="471017" target="470970">
      <data key="de0">HAS_WITNESS</data>
    </edge>
    <edge id="9950565" source="471017" target="471056">
      <data key="de0">HAS_WITNESS</data>
    </edge>
    <edge id="9949684" source="471017" target="471050">
      <data key="de0">HAS_WITNESS</data>
    </edge>
    <edge id="9949576" source="471017" target="471047">
      <data key="de0">HAS_WITNESS</data>
    </edge>
    <edge id="9949677" source="471017" target="470953">
      <data key="de0">HAS_WITNESS</data>
    </edge>
    <edge id="9950560" source="471017" target="470954">
      <data key="de0">HAS_WITNESS</data>
    </edge>
    <edge id="9952668" source="471017" target="470992">
      <data key="de0">HAS_WITNESS</data>
    </edge>
    <edge id="9949572" source="471017" target="471036">
      <data key="de0">HAS_WITNESS</data>
    </edge>
    <edge id="9952673" source="471017" target="471040">
      <data key="de0">HAS_WITNESS</data>
    </edge>
    <edge id="9949617" source="471017" target="470990">
      <data key="de0">HAS_WITNESS</data>
    </edge>
    <edge id="9949590" source="471017" target="471048">
      <data key="de0">HAS_WITNESS</data>
    </edge>
    <edge id="9949678" source="471017" target="470960">
      <data key="de0">HAS_WITNESS</data>
    </edge>
    <edge id="9949573" source="471017" target="471021">
      <data key="de0">HAS_WITNESS</data>
    </edge>
    <edge id="9949616" source="471017" target="471029">
      <data key="de0">HAS_WITNESS</data>
    </edge>
    <edge id="9949686" source="471017" target="470978">
      <data key="de0">HAS_WITNESS</data>
    </edge>
    <edge id="9949680" source="471017" target="470961">
      <data key="de0">HAS_WITNESS</data>
    </edge>
    <edge id="9950566" source="471017" target="470965">
      <data key="de0">HAS_WITNESS</data>
    </edge>
    <edge id="9949534" source="471017" target="470982">
      <data key="de0">HAS_WITNESS</data>
    </edge>
    <edge id="9949692" source="471017" target="471057">
      <data key="de0">HAS_WITNESS</data>
    </edge>
    <edge id="9949681" source="471017" target="470967">
      <data key="de0">HAS_WITNESS</data>
    </edge>
    <edge id="9950559" source="471017" target="471049">
      <data key="de0">HAS_WITNESS</data>
    </edge>
    <edge id="9952669" source="471017" target="470991">
      <data key="de0">HAS_WITNESS</data>
    </edge>
    <edge id="9952671" source="471017" target="470964">
      <data key="de0">HAS_WITNESS</data>
    </edge>
    <edge id="9952677" source="471017" target="470989">
      <data key="de0">HAS_WITNESS</data>
    </edge>
    <edge id="9949620" source="471017" target="470959">
      <data key="de0">HAS_WITNESS</data>
    </edge>
    <edge id="9952672" source="471017" target="471020">
      <data key="de0">HAS_WITNESS</data>
    </edge>
    <edge id="9949574" source="471017" target="471030">
      <data key="de0">HAS_WITNESS</data>
    </edge>
    <edge id="9949618" source="471017" target="471026">
      <data key="de0">HAS_WITNESS</data>
    </edge>
    <edge id="9950562" source="471017" target="471059">
      <data key="de0">HAS_WITNESS</data>
    </edge>
    <edge id="9952676" source="471017" target="471038">
      <data key="de0">HAS_WITNESS</data>
    </edge>
    <edge id="9952674" source="471017" target="470949">
      <data key="de0">HAS_WITNESS</data>
    </edge>
    <edge id="9949685" source="471017" target="471034">
      <data key="de0">HAS_WITNESS</data>
    </edge>
    <edge id="9949584" source="471017" target="470983">
      <data key="de0">HAS_WITNESS</data>
    </edge>
    <edge id="9952667" source="471017" target="470973">
      <data key="de0">HAS_WITNESS</data>
    </edge>
    <edge id="9949589" source="471017" target="470971">
      <data key="de0">HAS_WITNESS</data>
    </edge>
    <edge id="9950564" source="471017" target="471028">
      <data key="de0">HAS_WITNESS</data>
    </edge>
    <edge id="9949535" source="471017" target="471018">
      <data key="de0">HAS_WITNESS</data>
    </edge>
    <edge id="9949676" source="471017" target="470963">
      <data key="de0">HAS_WITNESS</data>
    </edge>
    <edge id="9949588" source="471017" target="470952">
      <data key="de0">HAS_WITNESS</data>
    </edge>
    <edge id="9949575" source="471017" target="470986">
      <data key="de0">HAS_WITNESS</data>
    </edge>
    <edge id="9949679" source="471017" target="470984">
      <data key="de0">HAS_WITNESS</data>
    </edge>
    <edge id="9950558" source="471017" target="471058">
      <data key="de0">HAS_WITNESS</data>
    </edge>
    <edge id="9949583" source="471017" target="470988">
      <data key="de0">HAS_WITNESS</data>
    </edge>
    <edge id="9949621" source="471017" target="470981">
      <data key="de0">HAS_WITNESS</data>
    </edge>
    <edge id="9949585" source="471017" target="471043">
      <data key="de0">HAS_WITNESS</data>
    </edge>
    <edge id="9950563" source="471017" target="470957">
      <data key="de0">HAS_WITNESS</data>
    </edge>
    <edge id="9949683" source="471017" target="471045">
      <data key="de0">HAS_WITNESS</data>
    </edge>
    <edge id="9949587" source="471017" target="471019">
      <data key="de0">HAS_WITNESS</data>
    </edge>
    <edge id="9950567" source="471017" target="470987">
      <data key="de0">HAS_WITNESS</data>
    </edge>
    <edge id="9952678" source="471017" target="470979">
      <data key="de0">HAS_WITNESS</data>
    </edge>
    <edge id="9949691" source="471017" target="471054">
      <data key="de0">HAS_WITNESS</data>
    </edge>
    <edge id="9952670" source="471017" target="471031">
      <data key="de0">HAS_WITNESS</data>
    </edge>
    <edge id="9952679" source="385665" target="471060">
      <data key="de0">HAS_STEMMA</data>
    </edge>
    <edge id="9957340" source="471060" target="471048">
      <data key="de0">HAS_WITNESS</data>
    </edge>
    <edge id="9953758" source="471060" target="470957">
      <data key="de0">HAS_WITNESS</data>
    </edge>
    <edge id="9952682" source="471060" target="470986">
      <data key="de0">HAS_WITNESS</data>
    </edge>
    <edge id="9953766" source="471060" target="470970">
      <data key="de0">HAS_WITNESS</data>
    </edge>
    <edge id="9953762" source="471060" target="471053">
      <data key="de0">HAS_WITNESS</data>
    </edge>
    <edge id="9953757" source="471060" target="470959">
      <data key="de0">HAS_WITNESS</data>
    </edge>
    <edge id="9952681" source="471060" target="470984">
      <data key="de0">HAS_WITNESS</data>
    </edge>
    <edge id="9953760" source="471060" target="470982">
      <data key="de0">HAS_WITNESS</data>
    </edge>
    <edge id="9957336" source="471060" target="471051">
      <data key="de0">HAS_WITNESS</data>
    </edge>
    <edge id="9957337" source="471060" target="470988">
      <data key="de0">HAS_WITNESS</data>
    </edge>
    <edge id="9953768" source="471060" target="470960">
      <data key="de0">HAS_WITNESS</data>
    </edge>
    <edge id="9953767" source="471060" target="470963">
      <data key="de0">HAS_WITNESS</data>
    </edge>
    <edge id="9958284" source="471060" target="471052">
      <data key="de0">HAS_ARCHETYPE</data>
    </edge>
    <edge id="9952683" source="471060" target="470952">
      <data key="de0">HAS_WITNESS</data>
    </edge>
    <edge id="9953759" source="471060" target="470987">
      <data key="de0">HAS_WITNESS</data>
    </edge>
    <edge id="9952680" source="471060" target="470991">
      <data key="de0">HAS_WITNESS</data>
    </edge>
    <edge id="9953756" source="471060" target="470961">
      <data key="de0">HAS_WITNESS</data>
    </edge>
    <edge id="9953764" source="471060" target="471047">
      <data key="de0">HAS_WITNESS</data>
    </edge>
    <edge id="9953769" source="471060" target="470983">
      <data key="de0">HAS_WITNESS</data>
    </edge>
    <edge id="9958283" source="471060" target="470967">
      <data key="de0">HAS_WITNESS</data>
    </edge>
    <edge id="9953207" source="471060" target="471059">
      <data key="de0">HAS_WITNESS</data>
    </edge>
    <edge id="9953203" source="471060" target="470981">
      <data key="de0">HAS_WITNESS</data>
    </edge>
    <edge id="9953205" source="471060" target="470978">
      <data key="de0">HAS_WITNESS</data>
    </edge>
    <edge id="9953208" source="471060" target="471052">
      <data key="de0">HAS_WITNESS</data>
    </edge>
    <edge id="9957342" source="471060" target="470989">
      <data key="de0">HAS_WITNESS</data>
    </edge>
    <edge id="9953761" source="471060" target="471054">
      <data key="de0">HAS_WITNESS</data>
    </edge>
    <edge id="9953770" source="471060" target="471056">
      <data key="de0">HAS_WITNESS</data>
    </edge>
    <edge id="9953771" source="471060" target="470954">
      <data key="de0">HAS_WITNESS</data>
    </edge>
    <edge id="9953754" source="471060" target="470965">
      <data key="de0">HAS_WITNESS</data>
    </edge>
    <edge id="9957339" source="471060" target="471057">
      <data key="de0">HAS_WITNESS</data>
    </edge>
    <edge id="9957341" source="471060" target="471018">
      <data key="de0">HAS_WITNESS</data>
    </edge>
    <edge id="9958285" source="471060" target="470953">
      <data key="de0">HAS_WITNESS</data>
    </edge>
    <edge id="9953763" source="471060" target="470956">
      <data key="de0">HAS_WITNESS</data>
    </edge>
    <edge id="9953765" source="471060" target="470971">
      <data key="de0">HAS_WITNESS</data>
    </edge>
    <edge id="9953211" source="471060" target="470964">
      <data key="de0">HAS_WITNESS</data>
    </edge>
    <edge id="9957338" source="471060" target="470990">
      <data key="de0">HAS_WITNESS</data>
    </edge>
    <edge id="9953755" source="471060" target="470992">
      <data key="de0">HAS_WITNESS</data>
    </edge>
    <edge id="9953204" source="471060" target="471049">
      <data key="de0">HAS_WITNESS</data>
    </edge>
    <edge id="9953209" source="471060" target="470949">
      <data key="de0">HAS_WITNESS</data>
    </edge>
    <edge id="9953206" source="471060" target="471058">
      <data key="de0">HAS_WITNESS</data>
    </edge>
    <edge id="9958286" source="471060" target="470979">
      <data key="de0">HAS_WITNESS</data>
    </edge>
    <edge id="9957343" source="471060" target="471050">
      <data key="de0">HAS_WITNESS</data>
    </edge>
    <edge id="9953210" source="471060" target="470973">
      <data key="de0">HAS_WITNESS</data>
    </edge>
    <edge id="9940818" source="385665" target="1041194">
      <data key="de0">HAS_ANNOTATION_TYPE</data>
    </edge>
    <edge id="9940820" source="1041194" target="1041196">
      <data key="de0">HAS_LINKS</data>
    </edge>
    <edge id="9940819" source="1041194" target="1041195">
      <data key="de0">HAS_PROPERTIES</data>
    </edge>
    <edge id="10775596" source="385665" target="1041182">
      <data key="de0">HAS_ANNOTATION_TYPE</data>
    </edge>
    <edge id="10812052" source="1041182" target="1041184">
      <data key="de0">HAS_PROPERTIES</data>
    </edge>
    <edge id="10812056" source="1041182" target="1041186">
      <data key="de0">HAS_LINKS</data>
    </edge>
    <edge id="9940815" source="385665" target="1041192">
      <data key="de0">HAS_ANNOTATION_TYPE</data>
    </edge>
    <edge id="9940816" source="1041192" target="480117">
      <data key="de0">HAS_PROPERTIES</data>
    </edge>
    <edge id="9940817" source="1041192" target="1041193">
      <data key="de0">HAS_LINKS</data>
    </edge>
    <edge id="9973530" source="385665" target="471071">
      <data key="de0">HAS_ANNOTATION_TYPE</data>
    </edge>
    <edge id="9974652" source="471071" target="471073">
      <data key="de0">HAS_PROPERTIES</data>
    </edge>
    <edge id="9973531" source="471071" target="471072">
      <data key="de0">HAS_LINKS</data>
    </edge>
    <edge id="9958291" source="385665" target="471067">
      <data key="de0">HAS_ANNOTATION_TYPE</data>
    </edge>
    <edge id="9973529" source="471067" target="471070">
      <data key="de0">HAS_LINKS</data>
    </edge>
    <edge id="9973528" source="471067" target="471068">
      <data key="de0">HAS_PROPERTIES</data>
    </edge>
    <edge id="9974954" source="385665" target="663741">
      <data key="de0">HAS_ANNOTATION_TYPE</data>
    </edge>
    <edge id="9974955" source="663741" target="663785">
      <data key="de0">HAS_PROPERTIES</data>
    </edge>
    <edge id="9974956" source="663741" target="663823">
      <data key="de0">HAS_LINKS</data>
    </edge>
    <edge id="9974653" source="385665" target="478249">
      <data key="de0">HAS_ANNOTATION_TYPE</data>
    </edge>
    <edge id="9974654" source="478249" target="478250">
      <data key="de0">HAS_PROPERTIES</data>
    </edge>
    <edge id="9974659" source="478249" target="478251">
      <data key="de0">HAS_LINKS</data>
    </edge>
    <edge id="9974951" source="385665" target="480116">
      <data key="de0">HAS_ANNOTATION_TYPE</data>
    </edge>
    <edge id="9974953" source="480116" target="480119">
      <data key="de0">HAS_PROPERTIES</data>
    </edge>
    <edge id="9974952" source="480116" target="480118">
      <data key="de0">HAS_LINKS</data>
    </edge>
    <edge id="9974957" source="385665" target="1041178">
      <data key="de0">HAS_ANNOTATION_TYPE</data>
    </edge>
    <edge id="9974959" source="1041178" target="1041181">
      <data key="de0">HAS_LINKS</data>
    </edge>
    <edge id="9974958" source="1041178" target="1041180">
      <data key="de0">HAS_PROPERTIES</data>
    </edge>
    <edge id="9940821" source="385665" target="1041197">
      <data key="de0">HAS_ANNOTATION_TYPE</data>
    </edge>
    <edge id="9940822" source="1041197" target="1041198">
      <data key="de0">HAS_PROPERTIES</data>
    </edge>
    <edge id="9940823" source="1041197" target="1041199">
      <data key="de0">HAS_LINKS</data>
    </edge>
    <edge id="10812059" source="385665" target="1041188">
      <data key="de0">HAS_ANNOTATION_TYPE</data>
    </edge>
    <edge id="10813855" source="1041188" target="1041191">
      <data key="de0">HAS_PROPERTIES</data>
    </edge>
    <edge id="10812086" source="1041188" target="1041189">
      <data key="de0">HAS_LINKS</data>
    </edge>
    <edge id="9958287" source="385665" target="471061">
      <data key="de0">HAS_ANNOTATION_TYPE</data>
    </edge>
    <edge id="9958290" source="471061" target="471063">
      <data key="de0">HAS_LINKS</data>
    </edge>
    <edge id="9958288" source="471061" target="471062">
      <data key="de0">HAS_PROPERTIES</data>
    </edge>
    <edge id="9974948" source="385665" target="480113">
      <data key="de0">HAS_ANNOTATION_TYPE</data>
    </edge>
    <edge id="9974949" source="480113" target="480114">
      <data key="de0">HAS_LINKS</data>
    </edge>
    <edge id="9974950" source="480113" target="480115">
      <data key="de0">HAS_PROPERTIES</data>
    </edge>
    <edge id="9940960" source="384768" target="470878">
      <data key="de0">CONTAINS</data>
    </edge>
    <edge id="9941237" source="384878" target="470878">
      <data key="de0">TITLED</data>
    </edge>
    <edge id="9941161" source="384840" target="470878">
      <data key="de0">TITLED</data>
    </edge>
  </graph>
</graphml>