<?xml version='1.0' encoding='UTF-8'?>
<graphml xmlns="http://graphml.graphdrawing.org/xmlns" xmlns:xsi="http://www.w3.org/2001/XMLSchema-instance" xsi:schemaLocation="http://graphml.graphdrawing.org/xmlns http://graphml.graphdrawing.org/xmlns/1.0/graphml.xsd">
  <key attr.name="notAfter" attr.type="string" for="node" id="dn32"/>
  <key attr.name="internal" attr.type="string" for="node" id="dn36"/>
  <key attr.name="description" attr.type="string" for="node" id="dn14"/>
  <key attr.name="language" attr.type="string" for="node" id="dn5"/>
  <key attr.name="PERSONREF" attr.type="string" for="node" id="dn26"/>
  <key attr.name="title" attr.type="string" for="node" id="dn35"/>
  <key attr.name="notBefore" attr.type="string" for="node" id="dn31"/>
  <key attr.name="__primary" attr.type="boolean" for="node" id="dn38"/>
  <key attr.name="DATEREF" attr.type="string" for="node" id="dn30"/>
  <key attr.name="by" attr.type="string" for="node" id="dn21"/>
  <key attr.name="id" attr.type="string" for="node" id="dn2"/>
  <key attr.name="text" attr.type="string" for="node" id="dn20"/>
  <key attr.name="href" attr.type="string" for="node" id="dn24"/>
  <key attr.name="is_colocation" attr.type="boolean" for="node" id="dn10"/>
  <key attr.name="READING" attr.type="string" for="node" id="dn19"/>
  <key attr.name="direction" attr.type="string" for="node" id="dn4"/>
  <key attr.name="PLACEREF" attr.type="string" for="node" id="dn33"/>
  <key attr.name="identifier" attr.type="string" for="node" id="dn25"/>
  <key attr.name="is_generalizable" attr.type="boolean" for="node" id="dn13"/>
  <key attr.name="directed" attr.type="boolean" for="node" id="dn17"/>
  <key attr.name="PERSON" attr.type="string" for="node" id="dn37"/>
  <key attr.name="is_contaminated" attr.type="boolean" for="node" id="dn16"/>
  <key attr.name="bindlevel" attr.type="int" for="node" id="dn15"/>
  <key attr.name="label" attr.type="string" for="node" id="dn18"/>
  <key attr.name="locatable" attr.type="string" for="node" id="dn34"/>
  <key attr.name="DATING" attr.type="string" for="node" id="dn29"/>
  <key attr.name="is_weak" attr.type="boolean" for="node" id="dn11"/>
  <key attr.name="sigil" attr.type="string" for="node" id="dn6"/>
  <key attr.name="use_regular" attr.type="boolean" for="node" id="dn9"/>
  <key attr.name="datasource" attr.type="string" for="node" id="dn23"/>
  <key attr.name="hypothetical" attr.type="boolean" for="node" id="dn7"/>
  <key attr.name="authority" attr.type="string" for="node" id="dn28"/>
  <key attr.name="is_public" attr.type="boolean" for="node" id="dn1"/>
  <key attr.name="name" attr.type="string" for="node" id="dn3"/>
  <key attr.name="comment" attr.type="string" for="node" id="dn22"/>
  <key attr.name="neolabel" attr.type="string" for="node" id="dn0"/>
  <key attr.name="quotesigil" attr.type="boolean" for="node" id="dn8"/>
  <key attr.name="is_transitive" attr.type="boolean" for="node" id="dn12"/>
  <key attr.name="SECTION" attr.type="string" for="node" id="dn27"/>
  <key attr.name="neolabel" attr.type="string" for="edge" id="de0"/>
  <key attr.name="hypothesis" attr.type="string" for="edge" id="de1"/>
  <graph id="4aaf8973-7ac9-402a-8df9-19a2a050e364" edgedefault="directed" parse.edgeids="canonical" parse.edges="250" parse.nodeids="canonical" parse.nodes="252" parse.order="nodesfirst">
    <node id="1019246">
      <data key="dn0">[TRADITION]</data>
      <data key="dn1">false</data>
      <data key="dn2">4aaf8973-7ac9-402a-8df9-19a2a050e364</data>
      <data key="dn3">Ժամանակագրութիւն checked</data>
      <data key="dn4">LR</data>
      <data key="dn5">Armenian</data>
    </node>
    <node id="985768">
      <data key="dn0">[SECTION]</data>
      <data key="dn5">Armenian</data>
      <data key="dn3">milestone-591</data>
    </node>
    <node id="1088828">
      <data key="dn0">[WITNESS]</data>
      <data key="dn6">F</data>
      <data key="dn7">false</data>
      <data key="dn8">false</data>
    </node>
    <node id="1088839">
      <data key="dn0">[WITNESS]</data>
      <data key="dn6">X</data>
      <data key="dn7">false</data>
      <data key="dn8">false</data>
    </node>
    <node id="1088829">
      <data key="dn0">[WITNESS]</data>
      <data key="dn6">G</data>
      <data key="dn7">false</data>
      <data key="dn8">false</data>
    </node>
    <node id="1088837">
      <data key="dn0">[WITNESS]</data>
      <data key="dn6">V</data>
      <data key="dn7">false</data>
      <data key="dn8">false</data>
    </node>
    <node id="1088846">
      <data key="dn0">[WITNESS]</data>
      <data key="dn6">M8232</data>
      <data key="dn7">false</data>
      <data key="dn8">false</data>
    </node>
    <node id="1088840">
      <data key="dn0">[WITNESS]</data>
      <data key="dn6">Y</data>
      <data key="dn7">false</data>
      <data key="dn8">false</data>
    </node>
    <node id="1088832">
      <data key="dn0">[WITNESS]</data>
      <data key="dn6">J</data>
      <data key="dn7">false</data>
      <data key="dn8">false</data>
    </node>
    <node id="1088831">
      <data key="dn0">[WITNESS]</data>
      <data key="dn6">I</data>
      <data key="dn7">false</data>
      <data key="dn8">false</data>
    </node>
    <node id="1088835">
      <data key="dn0">[WITNESS]</data>
      <data key="dn6">W243</data>
      <data key="dn7">false</data>
      <data key="dn8">false</data>
    </node>
    <node id="1088822">
      <data key="dn0">[WITNESS]</data>
      <data key="dn6">A</data>
      <data key="dn7">false</data>
      <data key="dn8">false</data>
    </node>
    <node id="1088826">
      <data key="dn0">[WITNESS]</data>
      <data key="dn6">M1775</data>
      <data key="dn7">false</data>
      <data key="dn8">false</data>
    </node>
    <node id="1088843">
      <data key="dn0">[WITNESS]</data>
      <data key="dn6">M2855</data>
      <data key="dn7">false</data>
      <data key="dn8">false</data>
    </node>
    <node id="1088823">
      <data key="dn0">[WITNESS]</data>
      <data key="dn6">C</data>
      <data key="dn7">false</data>
      <data key="dn8">false</data>
    </node>
    <node id="1088824">
      <data key="dn0">[WITNESS]</data>
      <data key="dn6">M6605</data>
      <data key="dn7">false</data>
      <data key="dn8">false</data>
    </node>
    <node id="1088841">
      <data key="dn0">[WITNESS]</data>
      <data key="dn6">Z</data>
      <data key="dn7">false</data>
      <data key="dn8">false</data>
    </node>
    <node id="1088825">
      <data key="dn0">[WITNESS]</data>
      <data key="dn6">D</data>
      <data key="dn7">false</data>
      <data key="dn8">false</data>
    </node>
    <node id="1088833">
      <data key="dn0">[WITNESS]</data>
      <data key="dn6">K</data>
      <data key="dn7">false</data>
      <data key="dn8">false</data>
    </node>
    <node id="1088842">
      <data key="dn0">[WITNESS]</data>
      <data key="dn6">Bz644</data>
      <data key="dn7">false</data>
      <data key="dn8">false</data>
    </node>
    <node id="1088836">
      <data key="dn0">[WITNESS]</data>
      <data key="dn6">W246</data>
      <data key="dn7">false</data>
      <data key="dn8">false</data>
    </node>
    <node id="1088834">
      <data key="dn0">[WITNESS]</data>
      <data key="dn6">O</data>
      <data key="dn7">false</data>
      <data key="dn8">false</data>
    </node>
    <node id="1088827">
      <data key="dn0">[WITNESS]</data>
      <data key="dn6">E</data>
      <data key="dn7">false</data>
      <data key="dn8">false</data>
    </node>
    <node id="1088845">
      <data key="dn0">[WITNESS]</data>
      <data key="dn6">M3380</data>
      <data key="dn7">false</data>
      <data key="dn8">false</data>
    </node>
    <node id="1088838">
      <data key="dn0">[WITNESS]</data>
      <data key="dn6">W</data>
      <data key="dn7">false</data>
      <data key="dn8">false</data>
    </node>
    <node id="1088830">
      <data key="dn0">[WITNESS]</data>
      <data key="dn6">H</data>
      <data key="dn7">false</data>
      <data key="dn8">false</data>
    </node>
    <node id="1088844">
      <data key="dn0">[WITNESS]</data>
      <data key="dn6">M2899</data>
      <data key="dn7">false</data>
      <data key="dn8">false</data>
    </node>
    <node id="1089796">
      <data key="dn0">[WITNESS]</data>
      <data key="dn6">L</data>
      <data key="dn7">false</data>
      <data key="dn8">false</data>
    </node>
    <node id="1089795">
      <data key="dn0">[WITNESS]</data>
      <data key="dn6">B</data>
      <data key="dn7">false</data>
      <data key="dn8">false</data>
    </node>
    <node id="1092992">
      <data key="dn0">[WITNESS]</data>
      <data key="dn6">Bz430</data>
      <data key="dn7">false</data>
      <data key="dn8">false</data>
    </node>
    <node id="1097317">
      <data key="dn0">[WITNESS]</data>
      <data key="dn6">M6686</data>
      <data key="dn7">false</data>
      <data key="dn8">false</data>
    </node>
    <node id="1221974">
      <data key="dn0">[RELATION_TYPE]</data>
      <data key="dn9">false</data>
      <data key="dn10">true</data>
      <data key="dn11">false</data>
      <data key="dn12">true</data>
      <data key="dn13">true</data>
      <data key="dn3">orthographic</data>
      <data key="dn14">These are the same reading, neither unusually spelled.</data>
      <data key="dn15">0</data>
    </node>
    <node id="984851">
      <data key="dn0">[RELATION_TYPE]</data>
      <data key="dn9">false</data>
      <data key="dn10">true</data>
      <data key="dn11">false</data>
      <data key="dn12">true</data>
      <data key="dn13">true</data>
      <data key="dn3">graphic</data>
      <data key="dn14">Same reading, same spelling, different graphical presentation</data>
      <data key="dn15">0</data>
    </node>
    <node id="1156634">
      <data key="dn0">[RELATION_TYPE]</data>
      <data key="dn12">true</data>
      <data key="dn13">false</data>
      <data key="dn9">true</data>
      <data key="dn14">Internal use only</data>
      <data key="dn11">true</data>
      <data key="dn3">collated</data>
      <data key="dn15">50</data>
      <data key="dn10">true</data>
    </node>
    <node id="1127069">
      <data key="dn0">[RELATION_TYPE]</data>
      <data key="dn9">true</data>
      <data key="dn10">false</data>
      <data key="dn11">false</data>
      <data key="dn12">false</data>
      <data key="dn13">true</data>
      <data key="dn3">repetition</data>
      <data key="dn14">This is a reading that was repeated in one or more witnesses.</data>
      <data key="dn15">50</data>
    </node>
    <node id="1133373">
      <data key="dn0">[RELATION_TYPE]</data>
      <data key="dn9">true</data>
      <data key="dn10">true</data>
      <data key="dn11">false</data>
      <data key="dn12">false</data>
      <data key="dn13">false</data>
      <data key="dn3">uncertain</data>
      <data key="dn14">These readings are related, but a clear category cannot be assigned.</data>
      <data key="dn15">2</data>
    </node>
    <node id="1133372">
      <data key="dn0">[RELATION_TYPE]</data>
      <data key="dn11">false</data>
      <data key="dn12">false</data>
      <data key="dn13">false</data>
      <data key="dn9">true</data>
      <data key="dn3">other</data>
      <data key="dn14">These readings are related in a way not covered by the existing types.</data>
      <data key="dn10">true</data>
      <data key="dn15">2</data>
    </node>
    <node id="1127068">
      <data key="dn0">[RELATION_TYPE]</data>
      <data key="dn9">true</data>
      <data key="dn10">true</data>
      <data key="dn11">false</data>
      <data key="dn12">true</data>
      <data key="dn13">true</data>
      <data key="dn3">lexical</data>
      <data key="dn14">These readings share a part of speech (morphology), but have different roots (lemmata).</data>
      <data key="dn15">2</data>
    </node>
    <node id="1127067">
      <data key="dn0">[RELATION_TYPE]</data>
      <data key="dn9">true</data>
      <data key="dn10">true</data>
      <data key="dn11">false</data>
      <data key="dn12">true</data>
      <data key="dn13">true</data>
      <data key="dn3">punctuation</data>
      <data key="dn14">These are the same reading apart from punctuation.</data>
      <data key="dn15">0</data>
    </node>
    <node id="1134794">
      <data key="dn0">[RELATION_TYPE]</data>
      <data key="dn9">true</data>
      <data key="dn10">true</data>
      <data key="dn11">false</data>
      <data key="dn12">true</data>
      <data key="dn13">true</data>
      <data key="dn3">grammatical</data>
      <data key="dn14">These readings share a root (lemma), but have different parts of speech (morphologies).</data>
      <data key="dn15">2</data>
    </node>
    <node id="1133371">
      <data key="dn0">[RELATION_TYPE]</data>
      <data key="dn9">true</data>
      <data key="dn10">true</data>
      <data key="dn11">false</data>
      <data key="dn12">true</data>
      <data key="dn13">true</data>
      <data key="dn3">spelling</data>
      <data key="dn14">These are the same reading, spelled differently.</data>
      <data key="dn15">1</data>
    </node>
    <node id="1124193">
      <data key="dn0">[RELATION_TYPE]</data>
      <data key="dn9">true</data>
      <data key="dn10">false</data>
      <data key="dn11">false</data>
      <data key="dn12">false</data>
      <data key="dn13">true</data>
      <data key="dn3">transposition</data>
      <data key="dn14">This is the same (or nearly the same) reading in a different location.</data>
      <data key="dn15">50</data>
    </node>
    <node id="1112064">
      <data key="dn0">[STEMMA]</data>
      <data key="dn3">First attempt</data>
      <data key="dn16">true</data>
      <data key="dn17">true</data>
    </node>
    <node id="986226">
      <data key="dn0">[WITNESS]</data>
      <data key="dn18">*</data>
      <data key="dn6">12</data>
      <data key="dn7">true</data>
      <data key="dn8">true</data>
    </node>
    <node id="986237">
      <data key="dn0">[WITNESS]</data>
      <data key="dn18">*</data>
      <data key="dn6">5</data>
      <data key="dn7">true</data>
      <data key="dn8">true</data>
    </node>
    <node id="986234">
      <data key="dn0">[WITNESS]</data>
      <data key="dn18">*</data>
      <data key="dn6">10</data>
      <data key="dn7">true</data>
      <data key="dn8">true</data>
    </node>
    <node id="986231">
      <data key="dn0">[WITNESS]</data>
      <data key="dn18">*</data>
      <data key="dn6">11</data>
      <data key="dn7">true</data>
      <data key="dn8">true</data>
    </node>
    <node id="986232">
      <data key="dn0">[WITNESS]</data>
      <data key="dn18">w</data>
      <data key="dn6">0</data>
      <data key="dn7">true</data>
      <data key="dn8">true</data>
    </node>
    <node id="986225">
      <data key="dn0">[WITNESS]</data>
      <data key="dn18">a</data>
      <data key="dn6">1</data>
      <data key="dn7">true</data>
      <data key="dn8">true</data>
    </node>
    <node id="986229">
      <data key="dn0">[WITNESS]</data>
      <data key="dn18">*</data>
      <data key="dn6">6</data>
      <data key="dn7">true</data>
      <data key="dn8">true</data>
    </node>
    <node id="986230">
      <data key="dn0">[WITNESS]</data>
      <data key="dn18">*</data>
      <data key="dn6">7</data>
      <data key="dn7">true</data>
      <data key="dn8">true</data>
    </node>
    <node id="986235">
      <data key="dn0">[WITNESS]</data>
      <data key="dn18">*</data>
      <data key="dn6">9</data>
      <data key="dn7">true</data>
      <data key="dn8">true</data>
    </node>
    <node id="986228">
      <data key="dn0">[WITNESS]</data>
      <data key="dn18">*</data>
      <data key="dn6">8</data>
      <data key="dn7">true</data>
      <data key="dn8">true</data>
    </node>
    <node id="986227">
      <data key="dn0">[WITNESS]</data>
      <data key="dn18">*</data>
      <data key="dn6">2</data>
      <data key="dn7">true</data>
      <data key="dn8">true</data>
    </node>
    <node id="986233">
      <data key="dn0">[WITNESS]</data>
      <data key="dn18">*</data>
      <data key="dn6">3</data>
      <data key="dn7">true</data>
      <data key="dn8">true</data>
    </node>
    <node id="986236">
      <data key="dn0">[WITNESS]</data>
      <data key="dn18">*</data>
      <data key="dn6">4</data>
      <data key="dn7">true</data>
      <data key="dn8">true</data>
    </node>
    <node id="1270132">
      <data key="dn0">[ANNOTATIONLABEL]</data>
      <data key="dn3">TRANSLATION</data>
    </node>
    <node id="1270133">
      <data key="dn0">[LINKS]</data>
      <data key="dn19">BEGIN,END</data>
    </node>
    <node id="1270134">
      <data key="dn0">[PROPERTIES]</data>
      <data key="dn5">String</data>
      <data key="dn20">String</data>
      <data key="dn21">String</data>
      <data key="dn22">String</data>
    </node>
    <node id="1270084">
      <data key="dn0">[ANNOTATIONLABEL]</data>
      <data key="dn3">TRANSLATION</data>
    </node>
    <node id="1270086">
      <data key="dn0">[LINKS]</data>
      <data key="dn19">BEGIN,END</data>
    </node>
    <node id="1270085">
      <data key="dn0">[PROPERTIES]</data>
      <data key="dn5">String</data>
      <data key="dn20">String</data>
      <data key="dn21">String</data>
      <data key="dn22">String</data>
    </node>
    <node id="1270138">
      <data key="dn0">[ANNOTATIONLABEL]</data>
      <data key="dn3">SOURCE</data>
    </node>
    <node id="1270140">
      <data key="dn0">[LINKS]</data>
      <data key="dn19">BEGIN,END</data>
    </node>
    <node id="1270139">
      <data key="dn0">[PROPERTIES]</data>
      <data key="dn21">String</data>
      <data key="dn14">String</data>
    </node>
    <node id="1270075">
      <data key="dn0">[ANNOTATIONLABEL]</data>
      <data key="dn3">PERSON</data>
    </node>
    <node id="1270077">
      <data key="dn0">[PROPERTIES]</data>
      <data key="dn23">String</data>
      <data key="dn24">String</data>
      <data key="dn25">String</data>
      <data key="dn22">String</data>
    </node>
    <node id="1270076">
      <data key="dn0">[LINKS]</data>
      <data key="dn26">REFERENCED,POSSIBLY,NAMED</data>
    </node>
    <node id="1270111">
      <data key="dn0">[ANNOTATIONLABEL]</data>
      <data key="dn3">TITLE</data>
    </node>
    <node id="1270112">
      <data key="dn0">[LINKS]</data>
      <data key="dn27">TITLED</data>
    </node>
    <node id="1270113">
      <data key="dn0">[PROPERTIES]</data>
      <data key="dn5">String</data>
      <data key="dn20">String</data>
    </node>
    <node id="1270087">
      <data key="dn0">[ANNOTATIONLABEL]</data>
      <data key="dn3">PERSONREF</data>
    </node>
    <node id="1270089">
      <data key="dn0">[PROPERTIES]</data>
      <data key="dn22">String</data>
      <data key="dn28">String</data>
    </node>
    <node id="1270088">
      <data key="dn0">[LINKS]</data>
      <data key="dn19">BEGIN,END</data>
    </node>
    <node id="1270078">
      <data key="dn0">[ANNOTATIONLABEL]</data>
      <data key="dn3">DATE</data>
    </node>
    <node id="1270080">
      <data key="dn0">[LINKS]</data>
      <data key="dn29">REFERENCED</data>
      <data key="dn30">REFERENCED</data>
    </node>
    <node id="1270079">
      <data key="dn0">[PROPERTIES]</data>
      <data key="dn31">LocalDate</data>
      <data key="dn32">LocalDate</data>
      <data key="dn25">String</data>
      <data key="dn22">String</data>
    </node>
    <node id="1270102">
      <data key="dn0">[ANNOTATIONLABEL]</data>
      <data key="dn3">PLACE</data>
    </node>
    <node id="1270104">
      <data key="dn0">[LINKS]</data>
      <data key="dn33">REFERENCED</data>
    </node>
    <node id="1270103">
      <data key="dn0">[PROPERTIES]</data>
      <data key="dn24">String</data>
      <data key="dn22">String</data>
      <data key="dn23">String</data>
      <data key="dn25">String</data>
      <data key="dn34">Boolean</data>
    </node>
    <node id="1270093">
      <data key="dn0">[ANNOTATIONLABEL]</data>
      <data key="dn3">CHAPTER</data>
    </node>
    <node id="1270094">
      <data key="dn0">[PROPERTIES]</data>
      <data key="dn35">String</data>
      <data key="dn5">String</data>
      <data key="dn14">String</data>
    </node>
    <node id="1270095">
      <data key="dn0">[LINKS]</data>
      <data key="dn27">CONTAINS</data>
    </node>
    <node id="1270150">
      <data key="dn0">[ANNOTATIONLABEL]</data>
      <data key="dn3">PLACE</data>
    </node>
    <node id="1270152">
      <data key="dn0">[LINKS]</data>
      <data key="dn33">REFERENCED</data>
    </node>
    <node id="1270151">
      <data key="dn0">[PROPERTIES]</data>
      <data key="dn24">String</data>
      <data key="dn22">String</data>
      <data key="dn23">String</data>
      <data key="dn25">String</data>
      <data key="dn34">Boolean</data>
    </node>
    <node id="1270117">
      <data key="dn0">[ANNOTATIONLABEL]</data>
      <data key="dn3">PLACEREF</data>
    </node>
    <node id="1270119">
      <data key="dn0">[LINKS]</data>
      <data key="dn19">BEGIN,END</data>
    </node>
    <node id="1270118">
      <data key="dn0">[PROPERTIES]</data>
      <data key="dn22">String</data>
      <data key="dn28">String</data>
    </node>
    <node id="1270120">
      <data key="dn0">[ANNOTATIONLABEL]</data>
      <data key="dn3">CHAPTER</data>
    </node>
    <node id="1270121">
      <data key="dn0">[LINKS]</data>
      <data key="dn27">CONTAINS</data>
    </node>
    <node id="1270122">
      <data key="dn0">[PROPERTIES]</data>
      <data key="dn35">String</data>
      <data key="dn5">String</data>
      <data key="dn14">String</data>
    </node>
    <node id="1270105">
      <data key="dn0">[ANNOTATIONLABEL]</data>
      <data key="dn3">SOURCE</data>
    </node>
    <node id="1270107">
      <data key="dn0">[LINKS]</data>
      <data key="dn19">BEGIN,END</data>
    </node>
    <node id="1270106">
      <data key="dn0">[PROPERTIES]</data>
      <data key="dn21">String</data>
      <data key="dn14">String</data>
    </node>
    <node id="1270114">
      <data key="dn0">[ANNOTATIONLABEL]</data>
      <data key="dn3">COMMENT</data>
    </node>
    <node id="1270115">
      <data key="dn0">[PROPERTIES]</data>
      <data key="dn21">String</data>
      <data key="dn20">String</data>
    </node>
    <node id="1270116">
      <data key="dn0">[LINKS]</data>
      <data key="dn19">BEGIN,END</data>
    </node>
    <node id="1270090">
      <data key="dn0">[ANNOTATIONLABEL]</data>
      <data key="dn3">DATING</data>
    </node>
    <node id="1270092">
      <data key="dn0">[LINKS]</data>
      <data key="dn19">BEGIN,END</data>
    </node>
    <node id="1270091">
      <data key="dn0">[PROPERTIES]</data>
      <data key="dn28">String</data>
      <data key="dn22">String</data>
      <data key="dn36">Boolean</data>
    </node>
    <node id="1270129">
      <data key="dn0">[ANNOTATIONLABEL]</data>
      <data key="dn3">PERSONREF</data>
    </node>
    <node id="1270131">
      <data key="dn0">[PROPERTIES]</data>
      <data key="dn22">String</data>
      <data key="dn28">String</data>
    </node>
    <node id="1270130">
      <data key="dn0">[LINKS]</data>
      <data key="dn19">BEGIN,END</data>
    </node>
    <node id="1270123">
      <data key="dn0">[ANNOTATIONLABEL]</data>
      <data key="dn3">PERSON</data>
    </node>
    <node id="1270125">
      <data key="dn0">[LINKS]</data>
      <data key="dn26">REFERENCED,POSSIBLY,NAMED</data>
    </node>
    <node id="1270124">
      <data key="dn0">[PROPERTIES]</data>
      <data key="dn23">String</data>
      <data key="dn24">String</data>
      <data key="dn25">String</data>
      <data key="dn22">String</data>
    </node>
    <node id="1270135">
      <data key="dn0">[ANNOTATIONLABEL]</data>
      <data key="dn3">TITLE</data>
    </node>
    <node id="1270137">
      <data key="dn0">[LINKS]</data>
      <data key="dn27">TITLED</data>
    </node>
    <node id="1270136">
      <data key="dn0">[PROPERTIES]</data>
      <data key="dn5">String</data>
      <data key="dn20">String</data>
    </node>
    <node id="1270126">
      <data key="dn0">[ANNOTATIONLABEL]</data>
      <data key="dn3">DATEREF</data>
    </node>
    <node id="1270128">
      <data key="dn0">[LINKS]</data>
      <data key="dn19">BEGIN,END</data>
    </node>
    <node id="1270127">
      <data key="dn0">[PROPERTIES]</data>
      <data key="dn22">String</data>
      <data key="dn28">String</data>
    </node>
    <node id="1270141">
      <data key="dn0">[ANNOTATIONLABEL]</data>
      <data key="dn3">GROUP</data>
    </node>
    <node id="1270142">
      <data key="dn0">[PROPERTIES]</data>
      <data key="dn25">String</data>
      <data key="dn22">String</data>
    </node>
    <node id="1270143">
      <data key="dn0">[LINKS]</data>
      <data key="dn37">HAS_MEMBER</data>
    </node>
    <node id="1270144">
      <data key="dn0">[ANNOTATIONLABEL]</data>
      <data key="dn3">DATING</data>
    </node>
    <node id="1270145">
      <data key="dn0">[PROPERTIES]</data>
      <data key="dn28">String</data>
      <data key="dn22">String</data>
      <data key="dn36">Boolean</data>
    </node>
    <node id="1270146">
      <data key="dn0">[LINKS]</data>
      <data key="dn19">BEGIN,END</data>
    </node>
    <node id="1270081">
      <data key="dn0">[ANNOTATIONLABEL]</data>
      <data key="dn3">DATEREF</data>
    </node>
    <node id="1270082">
      <data key="dn0">[PROPERTIES]</data>
      <data key="dn22">String</data>
      <data key="dn28">String</data>
    </node>
    <node id="1270083">
      <data key="dn0">[LINKS]</data>
      <data key="dn19">BEGIN,END</data>
    </node>
    <node id="1270099">
      <data key="dn0">[ANNOTATIONLABEL]</data>
      <data key="dn3">COMMENT</data>
    </node>
    <node id="1270101">
      <data key="dn0">[PROPERTIES]</data>
      <data key="dn21">String</data>
      <data key="dn20">String</data>
    </node>
    <node id="1270100">
      <data key="dn0">[LINKS]</data>
      <data key="dn19">BEGIN,END</data>
    </node>
    <node id="1270096">
      <data key="dn0">[ANNOTATIONLABEL]</data>
      <data key="dn3">GROUP</data>
    </node>
    <node id="1270098">
      <data key="dn0">[PROPERTIES]</data>
      <data key="dn25">String</data>
      <data key="dn22">String</data>
    </node>
    <node id="1270097">
      <data key="dn0">[LINKS]</data>
      <data key="dn37">HAS_MEMBER</data>
    </node>
    <node id="1270147">
      <data key="dn0">[ANNOTATIONLABEL]</data>
      <data key="dn3">DATE</data>
    </node>
    <node id="1270149">
      <data key="dn0">[PROPERTIES]</data>
      <data key="dn31">LocalDate</data>
      <data key="dn32">LocalDate</data>
      <data key="dn25">String</data>
      <data key="dn22">String</data>
    </node>
    <node id="1270148">
      <data key="dn0">[LINKS]</data>
      <data key="dn29">REFERENCED</data>
      <data key="dn30">REFERENCED</data>
    </node>
    <node id="1270108">
      <data key="dn0">[ANNOTATIONLABEL]</data>
      <data key="dn3">PLACEREF</data>
    </node>
    <node id="1270110">
      <data key="dn0">[PROPERTIES]</data>
      <data key="dn22">String</data>
      <data key="dn28">String</data>
    </node>
    <node id="1270109">
      <data key="dn0">[LINKS]</data>
      <data key="dn19">BEGIN,END</data>
    </node>
    <node id="1172110">
      <data key="dn0">[ANNOTATIONLABEL]</data>
      <data key="dn3">SOURCE</data>
    </node>
    <node id="1172111">
      <data key="dn0">[PROPERTIES]</data>
      <data key="dn21">String</data>
      <data key="dn14">String</data>
    </node>
    <node id="1172112">
      <data key="dn0">[LINKS]</data>
      <data key="dn19">BEGIN,END</data>
    </node>
    <node id="1154363">
      <data key="dn0">[ANNOTATIONLABEL]</data>
      <data key="dn3">COMMENT</data>
    </node>
    <node id="1154367">
      <data key="dn0">[PROPERTIES]</data>
      <data key="dn21">String</data>
      <data key="dn20">String</data>
    </node>
    <node id="1172760">
      <data key="dn0">[LINKS]</data>
      <data key="dn19">BEGIN,END</data>
    </node>
    <node id="1169185">
      <data key="dn0">[ANNOTATIONLABEL]</data>
      <data key="dn3">CHAPTER</data>
    </node>
    <node id="1108177">
      <data key="dn0">[LINKS]</data>
      <data key="dn27">CONTAINS</data>
    </node>
    <node id="1169184">
      <data key="dn0">[PROPERTIES]</data>
      <data key="dn14">String</data>
      <data key="dn5">String</data>
      <data key="dn35">String</data>
    </node>
    <node id="1095020">
      <data key="dn0">[ANNOTATIONLABEL]</data>
      <data key="dn3">TITLE</data>
    </node>
    <node id="1172641">
      <data key="dn0">[LINKS]</data>
      <data key="dn27">TITLED</data>
    </node>
    <node id="1172640">
      <data key="dn0">[PROPERTIES]</data>
      <data key="dn5">String</data>
      <data key="dn20">String</data>
    </node>
    <node id="958374">
      <data key="dn0">[ANNOTATIONLABEL]</data>
      <data key="dn3">PLACE</data>
    </node>
    <node id="1154647">
      <data key="dn0">[LINKS]</data>
      <data key="dn33">REFERENCED</data>
    </node>
    <node id="1154638">
      <data key="dn0">[PROPERTIES]</data>
      <data key="dn24">String</data>
      <data key="dn22">String</data>
      <data key="dn23">String</data>
      <data key="dn25">String</data>
      <data key="dn34">Boolean</data>
    </node>
    <node id="958320">
      <data key="dn0">[ANNOTATIONLABEL]</data>
      <data key="dn3">PLACEREF</data>
    </node>
    <node id="985661">
      <data key="dn0">[LINKS]</data>
      <data key="dn19">BEGIN,END</data>
    </node>
    <node id="985660">
      <data key="dn0">[PROPERTIES]</data>
      <data key="dn22">String</data>
      <data key="dn28">String</data>
    </node>
    <node id="958321">
      <data key="dn0">[ANNOTATIONLABEL]</data>
      <data key="dn3">DATE</data>
    </node>
    <node id="985640">
      <data key="dn0">[LINKS]</data>
      <data key="dn29">REFERENCED</data>
      <data key="dn30">REFERENCED</data>
    </node>
    <node id="985639">
      <data key="dn0">[PROPERTIES]</data>
      <data key="dn31">LocalDate</data>
      <data key="dn32">LocalDate</data>
      <data key="dn25">String</data>
      <data key="dn22">String</data>
    </node>
    <node id="1156636">
      <data key="dn0">[ANNOTATIONLABEL]</data>
      <data key="dn3">DATING</data>
    </node>
    <node id="1153109">
      <data key="dn0">[PROPERTIES]</data>
      <data key="dn28">String</data>
      <data key="dn22">String</data>
      <data key="dn36">Boolean</data>
    </node>
    <node id="1153125">
      <data key="dn0">[LINKS]</data>
      <data key="dn19">BEGIN,END</data>
    </node>
    <node id="1156638">
      <data key="dn0">[ANNOTATIONLABEL]</data>
      <data key="dn3">DATEREF</data>
    </node>
    <node id="1171906">
      <data key="dn0">[PROPERTIES]</data>
      <data key="dn22">String</data>
      <data key="dn28">String</data>
    </node>
    <node id="1171907">
      <data key="dn0">[LINKS]</data>
      <data key="dn19">BEGIN,END</data>
    </node>
    <node id="958395">
      <data key="dn0">[ANNOTATIONLABEL]</data>
      <data key="dn3">GROUP</data>
    </node>
    <node id="1172129">
      <data key="dn0">[PROPERTIES]</data>
      <data key="dn25">String</data>
      <data key="dn22">String</data>
    </node>
    <node id="1169138">
      <data key="dn0">[LINKS]</data>
      <data key="dn37">HAS_MEMBER</data>
    </node>
    <node id="958355">
      <data key="dn0">[ANNOTATIONLABEL]</data>
      <data key="dn3">PERSON</data>
    </node>
    <node id="1172639">
      <data key="dn0">[LINKS]</data>
      <data key="dn26">REFERENCED,POSSIBLY,NAMED</data>
    </node>
    <node id="1172638">
      <data key="dn0">[PROPERTIES]</data>
      <data key="dn23">String</data>
      <data key="dn24">String</data>
      <data key="dn25">String</data>
      <data key="dn22">String</data>
    </node>
    <node id="1088563">
      <data key="dn0">[ANNOTATIONLABEL]</data>
      <data key="dn3">PERSONREF</data>
    </node>
    <node id="1172108">
      <data key="dn0">[PROPERTIES]</data>
      <data key="dn22">String</data>
      <data key="dn28">String</data>
    </node>
    <node id="1172109">
      <data key="dn0">[LINKS]</data>
      <data key="dn19">BEGIN,END</data>
    </node>
    <node id="958318">
      <data key="dn0">[ANNOTATIONLABEL]</data>
      <data key="dn3">TRANSLATION</data>
    </node>
    <node id="986114">
      <data key="dn0">[LINKS]</data>
      <data key="dn19">BEGIN,END</data>
    </node>
    <node id="986113">
      <data key="dn0">[PROPERTIES]</data>
      <data key="dn5">String</data>
      <data key="dn20">String</data>
      <data key="dn21">String</data>
      <data key="dn22">String</data>
    </node>
    <node id="1617723">
      <data key="dn0">[CHAPTER]</data>
      <data key="dn35">Continuation</data>
      <data key="dn38">false</data>
      <data key="dn5">en_US.UTF-8</data>
      <data key="dn14">The continuation by Grigor Erecʿ, covering the years 585–611 (1136–1163)</data>
    </node>
    <node id="1095129">
      <data key="dn0">[TITLE]</data>
      <data key="dn38">true</data>
      <data key="dn5">hy</data>
      <data key="dn20">591 թ. (14 Փետրվար 1142–13 Փետրվար 1143)</data>
    </node>
    <node id="1096527">
      <data key="dn0">[TITLE]</data>
      <data key="dn38">true</data>
      <data key="dn5">en</data>
      <data key="dn20">The year 591 (14 February 1142–13 February 1143)</data>
    </node>
    <edge id="2260065" source="1019246" target="985768">
      <data key="de0">PART</data>
    </edge>
    <edge id="1963012" source="1019246" target="1088828">
      <data key="de0">HAS_WITNESS</data>
    </edge>
    <edge id="2295377" source="1088828" target="1088839">
      <data key="de0">TRANSMITTED</data>
      <data key="de1">First attempt</data>
    </edge>
    <edge id="1963013" source="1019246" target="1088829">
      <data key="de0">HAS_WITNESS</data>
    </edge>
    <edge id="1963021" source="1019246" target="1088837">
      <data key="de0">HAS_WITNESS</data>
    </edge>
    <edge id="2295349" source="1088837" target="1088846">
      <data key="de0">TRANSMITTED</data>
      <data key="de1">First attempt</data>
    </edge>
    <edge id="2295361" source="1088837" target="1088840">
      <data key="de0">TRANSMITTED</data>
      <data key="de1">First attempt</data>
    </edge>
    <edge id="1963016" source="1019246" target="1088832">
      <data key="de0">HAS_WITNESS</data>
    </edge>
    <edge id="2295373" source="1088832" target="1088831">
      <data key="de0">TRANSMITTED</data>
      <data key="de1">First attempt</data>
    </edge>
    <edge id="1963019" source="1019246" target="1088835">
      <data key="de0">HAS_WITNESS</data>
    </edge>
    <edge id="1963006" source="1019246" target="1088822">
      <data key="de0">HAS_WITNESS</data>
    </edge>
    <edge id="1963010" source="1019246" target="1088826">
      <data key="de0">HAS_WITNESS</data>
    </edge>
    <edge id="1963015" source="1019246" target="1088831">
      <data key="de0">HAS_WITNESS</data>
    </edge>
    <edge id="1963027" source="1019246" target="1088843">
      <data key="de0">HAS_WITNESS</data>
    </edge>
    <edge id="1963023" source="1019246" target="1088839">
      <data key="de0">HAS_WITNESS</data>
    </edge>
    <edge id="1963007" source="1019246" target="1088823">
      <data key="de0">HAS_WITNESS</data>
    </edge>
    <edge id="2295368" source="1088823" target="1088824">
      <data key="de0">TRANSMITTED</data>
      <data key="de1">First attempt</data>
    </edge>
    <edge id="1963025" source="1019246" target="1088841">
      <data key="de0">HAS_WITNESS</data>
    </edge>
    <edge id="1963024" source="1019246" target="1088840">
      <data key="de0">HAS_WITNESS</data>
    </edge>
    <edge id="1963009" source="1019246" target="1088825">
      <data key="de0">HAS_WITNESS</data>
    </edge>
    <edge id="1963017" source="1019246" target="1088833">
      <data key="de0">HAS_WITNESS</data>
    </edge>
    <edge id="2295352" source="1088833" target="1088842">
      <data key="de0">TRANSMITTED</data>
      <data key="de1">First attempt</data>
    </edge>
    <edge id="1963020" source="1019246" target="1088836">
      <data key="de0">HAS_WITNESS</data>
    </edge>
    <edge id="1963018" source="1019246" target="1088834">
      <data key="de0">HAS_WITNESS</data>
    </edge>
    <edge id="1963030" source="1019246" target="1088846">
      <data key="de0">HAS_WITNESS</data>
    </edge>
    <edge id="1963026" source="1019246" target="1088842">
      <data key="de0">HAS_WITNESS</data>
    </edge>
    <edge id="1963011" source="1019246" target="1088827">
      <data key="de0">HAS_WITNESS</data>
    </edge>
    <edge id="2295354" source="1088827" target="1088845">
      <data key="de0">TRANSMITTED</data>
      <data key="de1">First attempt</data>
    </edge>
    <edge id="1963022" source="1019246" target="1088838">
      <data key="de0">HAS_WITNESS</data>
    </edge>
    <edge id="2295350" source="1088838" target="1088825">
      <data key="de0">TRANSMITTED</data>
      <data key="de1">First attempt</data>
    </edge>
    <edge id="1963014" source="1019246" target="1088830">
      <data key="de0">HAS_WITNESS</data>
    </edge>
    <edge id="1963029" source="1019246" target="1088845">
      <data key="de0">HAS_WITNESS</data>
    </edge>
    <edge id="1963028" source="1019246" target="1088844">
      <data key="de0">HAS_WITNESS</data>
    </edge>
    <edge id="1963008" source="1019246" target="1088824">
      <data key="de0">HAS_WITNESS</data>
    </edge>
    <edge id="1966262" source="1019246" target="1089796">
      <data key="de0">HAS_WITNESS</data>
    </edge>
    <edge id="2295382" source="1089796" target="1088844">
      <data key="de0">TRANSMITTED</data>
      <data key="de1">First attempt</data>
    </edge>
    <edge id="1966261" source="1019246" target="1089795">
      <data key="de0">HAS_WITNESS</data>
    </edge>
    <edge id="1977293" source="1019246" target="1092992">
      <data key="de0">HAS_WITNESS</data>
    </edge>
    <edge id="1994869" source="1019246" target="1097317">
      <data key="de0">HAS_WITNESS</data>
    </edge>
    <edge id="2560709" source="1019246" target="1221974">
      <data key="de0">HAS_RELATION_TYPE</data>
    </edge>
    <edge id="2295395" source="1019246" target="984851">
      <data key="de0">HAS_RELATION_TYPE</data>
    </edge>
    <edge id="1681525" source="1019246" target="1156634">
      <data key="de0">HAS_RELATION_TYPE</data>
    </edge>
    <edge id="1962682" source="1019246" target="1127069">
      <data key="de0">HAS_RELATION_TYPE</data>
    </edge>
    <edge id="2104039" source="1019246" target="1133373">
      <data key="de0">HAS_RELATION_TYPE</data>
    </edge>
    <edge id="2104037" source="1019246" target="1133372">
      <data key="de0">HAS_RELATION_TYPE</data>
    </edge>
    <edge id="2103939" source="1019246" target="1127068">
      <data key="de0">HAS_RELATION_TYPE</data>
    </edge>
    <edge id="2103937" source="1019246" target="1127067">
      <data key="de0">HAS_RELATION_TYPE</data>
    </edge>
    <edge id="2104049" source="1019246" target="1134794">
      <data key="de0">HAS_RELATION_TYPE</data>
    </edge>
    <edge id="2104035" source="1019246" target="1133371">
      <data key="de0">HAS_RELATION_TYPE</data>
    </edge>
    <edge id="2084013" source="1019246" target="1124193">
      <data key="de0">HAS_RELATION_TYPE</data>
    </edge>
    <edge id="2295391" source="1019246" target="1112064">
      <data key="de0">HAS_STEMMA</data>
    </edge>
    <edge id="2060499" source="1112064" target="1088824">
      <data key="de0">HAS_WITNESS</data>
    </edge>
    <edge id="2060129" source="1112064" target="986226">
      <data key="de0">HAS_WITNESS</data>
    </edge>
    <edge id="2295347" source="986226" target="1088826">
      <data key="de0">TRANSMITTED</data>
      <data key="de1">First attempt</data>
    </edge>
    <edge id="2295389" source="986226" target="1089796">
      <data key="de0">TRANSMITTED</data>
      <data key="de1">First attempt</data>
    </edge>
    <edge id="2295378" source="986226" target="1088834">
      <data key="de0">TRANSMITTED</data>
      <data key="de1">First attempt</data>
    </edge>
    <edge id="2295386" source="986226" target="1088830">
      <data key="de0">TRANSMITTED</data>
      <data key="de1">First attempt</data>
    </edge>
    <edge id="1980742" source="1112064" target="1088840">
      <data key="de0">HAS_WITNESS</data>
    </edge>
    <edge id="2060503" source="1112064" target="1088832">
      <data key="de0">HAS_WITNESS</data>
    </edge>
    <edge id="2295335" source="1112064" target="1088825">
      <data key="de0">HAS_WITNESS</data>
    </edge>
    <edge id="1980747" source="1112064" target="1088845">
      <data key="de0">HAS_WITNESS</data>
    </edge>
    <edge id="2295344" source="1112064" target="986237">
      <data key="de0">HAS_WITNESS</data>
    </edge>
    <edge id="2295345" source="986237" target="1088832">
      <data key="de0">TRANSMITTED</data>
      <data key="de1">First attempt</data>
    </edge>
    <edge id="2295375" source="986237" target="1088841">
      <data key="de0">TRANSMITTED</data>
      <data key="de1">First attempt</data>
    </edge>
    <edge id="2295359" source="986237" target="986234">
      <data key="de0">TRANSMITTED</data>
      <data key="de1">First attempt</data>
    </edge>
    <edge id="2295348" source="986234" target="1088838">
      <data key="de0">TRANSMITTED</data>
      <data key="de1">First attempt</data>
    </edge>
    <edge id="2295385" source="986234" target="986231">
      <data key="de0">TRANSMITTED</data>
      <data key="de1">First attempt</data>
    </edge>
    <edge id="2295367" source="986231" target="986226">
      <data key="de0">TRANSMITTED</data>
      <data key="de1">First attempt</data>
    </edge>
    <edge id="2295356" source="986231" target="1088823">
      <data key="de0">TRANSMITTED</data>
      <data key="de1">First attempt</data>
    </edge>
    <edge id="2295358" source="986234" target="986226">
      <data key="de0">TRANSMITTED</data>
      <data key="de1">First attempt</data>
    </edge>
    <edge id="2295380" source="986234" target="1088836">
      <data key="de0">TRANSMITTED</data>
      <data key="de1">First attempt</data>
    </edge>
    <edge id="1980765" source="1112064" target="1088823">
      <data key="de0">HAS_WITNESS</data>
    </edge>
    <edge id="2295332" source="1112064" target="1088839">
      <data key="de0">HAS_WITNESS</data>
    </edge>
    <edge id="2295390" source="1112064" target="986232">
      <data key="de0">HAS_ARCHETYPE</data>
    </edge>
    <edge id="2295388" source="986232" target="986225">
      <data key="de0">TRANSMITTED</data>
      <data key="de1">First attempt</data>
    </edge>
    <edge id="2295362" source="986225" target="986229">
      <data key="de0">TRANSMITTED</data>
      <data key="de1">First attempt</data>
    </edge>
    <edge id="2295374" source="986229" target="986230">
      <data key="de0">TRANSMITTED</data>
      <data key="de1">First attempt</data>
    </edge>
    <edge id="2295383" source="986230" target="1088825">
      <data key="de0">TRANSMITTED</data>
      <data key="de1">First attempt</data>
    </edge>
    <edge id="2295379" source="986230" target="986235">
      <data key="de0">TRANSMITTED</data>
      <data key="de1">First attempt</data>
    </edge>
    <edge id="2295371" source="986235" target="1088836">
      <data key="de0">TRANSMITTED</data>
      <data key="de1">First attempt</data>
    </edge>
    <edge id="2295364" source="986235" target="1088835">
      <data key="de0">TRANSMITTED</data>
      <data key="de1">First attempt</data>
    </edge>
    <edge id="2295372" source="986235" target="1088829">
      <data key="de0">TRANSMITTED</data>
      <data key="de1">First attempt</data>
    </edge>
    <edge id="2295355" source="986235" target="1088843">
      <data key="de0">TRANSMITTED</data>
      <data key="de1">First attempt</data>
    </edge>
    <edge id="2295376" source="986230" target="1088827">
      <data key="de0">TRANSMITTED</data>
      <data key="de1">First attempt</data>
    </edge>
    <edge id="2295353" source="986230" target="986228">
      <data key="de0">TRANSMITTED</data>
      <data key="de1">First attempt</data>
    </edge>
    <edge id="2295351" source="986228" target="1088837">
      <data key="de0">TRANSMITTED</data>
      <data key="de1">First attempt</data>
    </edge>
    <edge id="2295346" source="986228" target="1088833">
      <data key="de0">TRANSMITTED</data>
      <data key="de1">First attempt</data>
    </edge>
    <edge id="2295366" source="986229" target="1088828">
      <data key="de0">TRANSMITTED</data>
      <data key="de1">First attempt</data>
    </edge>
    <edge id="2295360" source="986225" target="986227">
      <data key="de0">TRANSMITTED</data>
      <data key="de1">First attempt</data>
    </edge>
    <edge id="2295384" source="986227" target="986237">
      <data key="de0">TRANSMITTED</data>
      <data key="de1">First attempt</data>
    </edge>
    <edge id="2295387" source="986227" target="986233">
      <data key="de0">TRANSMITTED</data>
      <data key="de1">First attempt</data>
    </edge>
    <edge id="2295357" source="986233" target="986236">
      <data key="de0">TRANSMITTED</data>
      <data key="de1">First attempt</data>
    </edge>
    <edge id="2295370" source="986236" target="1088834">
      <data key="de0">TRANSMITTED</data>
      <data key="de1">First attempt</data>
    </edge>
    <edge id="2295381" source="986236" target="1088822">
      <data key="de0">TRANSMITTED</data>
      <data key="de1">First attempt</data>
    </edge>
    <edge id="2295363" source="986233" target="1089795">
      <data key="de0">TRANSMITTED</data>
      <data key="de1">First attempt</data>
    </edge>
    <edge id="2295369" source="986232" target="1092992">
      <data key="de0">TRANSMITTED</data>
      <data key="de1">First attempt</data>
    </edge>
    <edge id="2295365" source="986232" target="1097317">
      <data key="de0">TRANSMITTED</data>
      <data key="de1">First attempt</data>
    </edge>
    <edge id="2295342" source="1112064" target="1088834">
      <data key="de0">HAS_WITNESS</data>
    </edge>
    <edge id="2295337" source="1112064" target="986233">
      <data key="de0">HAS_WITNESS</data>
    </edge>
    <edge id="1925081" source="1112064" target="986231">
      <data key="de0">HAS_WITNESS</data>
    </edge>
    <edge id="1924889" source="1112064" target="1088828">
      <data key="de0">HAS_WITNESS</data>
    </edge>
    <edge id="1980743" source="1112064" target="1088843">
      <data key="de0">HAS_WITNESS</data>
    </edge>
    <edge id="1870559" source="1112064" target="1088837">
      <data key="de0">HAS_WITNESS</data>
    </edge>
    <edge id="2295341" source="1112064" target="986235">
      <data key="de0">HAS_WITNESS</data>
    </edge>
    <edge id="2295343" source="1112064" target="986236">
      <data key="de0">HAS_WITNESS</data>
    </edge>
    <edge id="2295334" source="1112064" target="1088833">
      <data key="de0">HAS_WITNESS</data>
    </edge>
    <edge id="1924191" source="1112064" target="1088830">
      <data key="de0">HAS_WITNESS</data>
    </edge>
    <edge id="1982154" source="1112064" target="1088846">
      <data key="de0">HAS_WITNESS</data>
    </edge>
    <edge id="1925071" source="1112064" target="986230">
      <data key="de0">HAS_WITNESS</data>
    </edge>
    <edge id="1924860" source="1112064" target="986229">
      <data key="de0">HAS_WITNESS</data>
    </edge>
    <edge id="1870573" source="1112064" target="986228">
      <data key="de0">HAS_WITNESS</data>
    </edge>
    <edge id="2060139" source="1112064" target="1088831">
      <data key="de0">HAS_WITNESS</data>
    </edge>
    <edge id="2060498" source="1112064" target="1088838">
      <data key="de0">HAS_WITNESS</data>
    </edge>
    <edge id="1924921" source="1112064" target="1092992">
      <data key="de0">HAS_WITNESS</data>
    </edge>
    <edge id="1870562" source="1112064" target="1088835">
      <data key="de0">HAS_WITNESS</data>
    </edge>
    <edge id="2060507" source="1112064" target="1089796">
      <data key="de0">HAS_WITNESS</data>
    </edge>
    <edge id="1982152" source="1112064" target="986225">
      <data key="de0">HAS_WITNESS</data>
    </edge>
    <edge id="1924188" source="1112064" target="1089795">
      <data key="de0">HAS_WITNESS</data>
    </edge>
    <edge id="1870568" source="1112064" target="986227">
      <data key="de0">HAS_WITNESS</data>
    </edge>
    <edge id="2295336" source="1112064" target="1088829">
      <data key="de0">HAS_WITNESS</data>
    </edge>
    <edge id="1924861" source="1112064" target="1088842">
      <data key="de0">HAS_WITNESS</data>
    </edge>
    <edge id="1870574" source="1112064" target="1088844">
      <data key="de0">HAS_WITNESS</data>
    </edge>
    <edge id="1982153" source="1112064" target="1088841">
      <data key="de0">HAS_WITNESS</data>
    </edge>
    <edge id="1870564" source="1112064" target="1088826">
      <data key="de0">HAS_WITNESS</data>
    </edge>
    <edge id="1924859" source="1112064" target="1097317">
      <data key="de0">HAS_WITNESS</data>
    </edge>
    <edge id="2295338" source="1112064" target="986234">
      <data key="de0">HAS_WITNESS</data>
    </edge>
    <edge id="2295339" source="1112064" target="1088827">
      <data key="de0">HAS_WITNESS</data>
    </edge>
    <edge id="2295340" source="1112064" target="1088822">
      <data key="de0">HAS_WITNESS</data>
    </edge>
    <edge id="2060505" source="1112064" target="1088836">
      <data key="de0">HAS_WITNESS</data>
    </edge>
    <edge id="2295333" source="1112064" target="986232">
      <data key="de0">HAS_WITNESS</data>
    </edge>
    <edge id="2963000" source="1019246" target="1270132">
      <data key="de0">HAS_ANNOTATION_TYPE</data>
    </edge>
    <edge id="2962965" source="1270132" target="1270133">
      <data key="de0">HAS_LINKS</data>
    </edge>
    <edge id="2962966" source="1270132" target="1270134">
      <data key="de0">HAS_PROPERTIES</data>
    </edge>
    <edge id="2962984" source="1019246" target="1270084">
      <data key="de0">HAS_ANNOTATION_TYPE</data>
    </edge>
    <edge id="2962934" source="1270084" target="1270086">
      <data key="de0">HAS_LINKS</data>
    </edge>
    <edge id="2962933" source="1270084" target="1270085">
      <data key="de0">HAS_PROPERTIES</data>
    </edge>
    <edge id="2963002" source="1019246" target="1270138">
      <data key="de0">HAS_ANNOTATION_TYPE</data>
    </edge>
    <edge id="2962970" source="1270138" target="1270140">
      <data key="de0">HAS_LINKS</data>
    </edge>
    <edge id="2962969" source="1270138" target="1270139">
      <data key="de0">HAS_PROPERTIES</data>
    </edge>
    <edge id="2962981" source="1019246" target="1270075">
      <data key="de0">HAS_ANNOTATION_TYPE</data>
    </edge>
    <edge id="2962928" source="1270075" target="1270077">
      <data key="de0">HAS_PROPERTIES</data>
    </edge>
    <edge id="2962927" source="1270075" target="1270076">
      <data key="de0">HAS_LINKS</data>
    </edge>
    <edge id="2962993" source="1019246" target="1270111">
      <data key="de0">HAS_ANNOTATION_TYPE</data>
    </edge>
    <edge id="2962951" source="1270111" target="1270112">
      <data key="de0">HAS_LINKS</data>
    </edge>
    <edge id="2962952" source="1270111" target="1270113">
      <data key="de0">HAS_PROPERTIES</data>
    </edge>
    <edge id="2962985" source="1019246" target="1270087">
      <data key="de0">HAS_ANNOTATION_TYPE</data>
    </edge>
    <edge id="2962936" source="1270087" target="1270089">
      <data key="de0">HAS_PROPERTIES</data>
    </edge>
    <edge id="2962935" source="1270087" target="1270088">
      <data key="de0">HAS_LINKS</data>
    </edge>
    <edge id="2962982" source="1019246" target="1270078">
      <data key="de0">HAS_ANNOTATION_TYPE</data>
    </edge>
    <edge id="2962930" source="1270078" target="1270080">
      <data key="de0">HAS_LINKS</data>
    </edge>
    <edge id="2962929" source="1270078" target="1270079">
      <data key="de0">HAS_PROPERTIES</data>
    </edge>
    <edge id="2962990" source="1019246" target="1270102">
      <data key="de0">HAS_ANNOTATION_TYPE</data>
    </edge>
    <edge id="2962946" source="1270102" target="1270104">
      <data key="de0">HAS_LINKS</data>
    </edge>
    <edge id="2962945" source="1270102" target="1270103">
      <data key="de0">HAS_PROPERTIES</data>
    </edge>
    <edge id="2962987" source="1019246" target="1270093">
      <data key="de0">HAS_ANNOTATION_TYPE</data>
    </edge>
    <edge id="2962939" source="1270093" target="1270094">
      <data key="de0">HAS_PROPERTIES</data>
    </edge>
    <edge id="2962940" source="1270093" target="1270095">
      <data key="de0">HAS_LINKS</data>
    </edge>
    <edge id="2963006" source="1019246" target="1270150">
      <data key="de0">HAS_ANNOTATION_TYPE</data>
    </edge>
    <edge id="2962978" source="1270150" target="1270152">
      <data key="de0">HAS_LINKS</data>
    </edge>
    <edge id="2962977" source="1270150" target="1270151">
      <data key="de0">HAS_PROPERTIES</data>
    </edge>
    <edge id="2962995" source="1019246" target="1270117">
      <data key="de0">HAS_ANNOTATION_TYPE</data>
    </edge>
    <edge id="2962956" source="1270117" target="1270119">
      <data key="de0">HAS_LINKS</data>
    </edge>
    <edge id="2962955" source="1270117" target="1270118">
      <data key="de0">HAS_PROPERTIES</data>
    </edge>
    <edge id="2962996" source="1019246" target="1270120">
      <data key="de0">HAS_ANNOTATION_TYPE</data>
    </edge>
    <edge id="2962957" source="1270120" target="1270121">
      <data key="de0">HAS_LINKS</data>
    </edge>
    <edge id="2962958" source="1270120" target="1270122">
      <data key="de0">HAS_PROPERTIES</data>
    </edge>
    <edge id="2962991" source="1019246" target="1270105">
      <data key="de0">HAS_ANNOTATION_TYPE</data>
    </edge>
    <edge id="2962948" source="1270105" target="1270107">
      <data key="de0">HAS_LINKS</data>
    </edge>
    <edge id="2962947" source="1270105" target="1270106">
      <data key="de0">HAS_PROPERTIES</data>
    </edge>
    <edge id="2962994" source="1019246" target="1270114">
      <data key="de0">HAS_ANNOTATION_TYPE</data>
    </edge>
    <edge id="2962953" source="1270114" target="1270115">
      <data key="de0">HAS_PROPERTIES</data>
    </edge>
    <edge id="2962954" source="1270114" target="1270116">
      <data key="de0">HAS_LINKS</data>
    </edge>
    <edge id="2962986" source="1019246" target="1270090">
      <data key="de0">HAS_ANNOTATION_TYPE</data>
    </edge>
    <edge id="2962938" source="1270090" target="1270092">
      <data key="de0">HAS_LINKS</data>
    </edge>
    <edge id="2962937" source="1270090" target="1270091">
      <data key="de0">HAS_PROPERTIES</data>
    </edge>
    <edge id="2962999" source="1019246" target="1270129">
      <data key="de0">HAS_ANNOTATION_TYPE</data>
    </edge>
    <edge id="2962964" source="1270129" target="1270131">
      <data key="de0">HAS_PROPERTIES</data>
    </edge>
    <edge id="2962963" source="1270129" target="1270130">
      <data key="de0">HAS_LINKS</data>
    </edge>
    <edge id="2962997" source="1019246" target="1270123">
      <data key="de0">HAS_ANNOTATION_TYPE</data>
    </edge>
    <edge id="2962960" source="1270123" target="1270125">
      <data key="de0">HAS_LINKS</data>
    </edge>
    <edge id="2962959" source="1270123" target="1270124">
      <data key="de0">HAS_PROPERTIES</data>
    </edge>
    <edge id="2963001" source="1019246" target="1270135">
      <data key="de0">HAS_ANNOTATION_TYPE</data>
    </edge>
    <edge id="2962968" source="1270135" target="1270137">
      <data key="de0">HAS_LINKS</data>
    </edge>
    <edge id="2962967" source="1270135" target="1270136">
      <data key="de0">HAS_PROPERTIES</data>
    </edge>
    <edge id="2962998" source="1019246" target="1270126">
      <data key="de0">HAS_ANNOTATION_TYPE</data>
    </edge>
    <edge id="2962962" source="1270126" target="1270128">
      <data key="de0">HAS_LINKS</data>
    </edge>
    <edge id="2962961" source="1270126" target="1270127">
      <data key="de0">HAS_PROPERTIES</data>
    </edge>
    <edge id="2963003" source="1019246" target="1270141">
      <data key="de0">HAS_ANNOTATION_TYPE</data>
    </edge>
    <edge id="2962971" source="1270141" target="1270142">
      <data key="de0">HAS_PROPERTIES</data>
    </edge>
    <edge id="2962972" source="1270141" target="1270143">
      <data key="de0">HAS_LINKS</data>
    </edge>
    <edge id="2963004" source="1019246" target="1270144">
      <data key="de0">HAS_ANNOTATION_TYPE</data>
    </edge>
    <edge id="2962973" source="1270144" target="1270145">
      <data key="de0">HAS_PROPERTIES</data>
    </edge>
    <edge id="2962974" source="1270144" target="1270146">
      <data key="de0">HAS_LINKS</data>
    </edge>
    <edge id="2962983" source="1019246" target="1270081">
      <data key="de0">HAS_ANNOTATION_TYPE</data>
    </edge>
    <edge id="2962931" source="1270081" target="1270082">
      <data key="de0">HAS_PROPERTIES</data>
    </edge>
    <edge id="2962932" source="1270081" target="1270083">
      <data key="de0">HAS_LINKS</data>
    </edge>
    <edge id="2962989" source="1019246" target="1270099">
      <data key="de0">HAS_ANNOTATION_TYPE</data>
    </edge>
    <edge id="2962944" source="1270099" target="1270101">
      <data key="de0">HAS_PROPERTIES</data>
    </edge>
    <edge id="2962943" source="1270099" target="1270100">
      <data key="de0">HAS_LINKS</data>
    </edge>
    <edge id="2962988" source="1019246" target="1270096">
      <data key="de0">HAS_ANNOTATION_TYPE</data>
    </edge>
    <edge id="2962942" source="1270096" target="1270098">
      <data key="de0">HAS_PROPERTIES</data>
    </edge>
    <edge id="2962941" source="1270096" target="1270097">
      <data key="de0">HAS_LINKS</data>
    </edge>
    <edge id="2963005" source="1019246" target="1270147">
      <data key="de0">HAS_ANNOTATION_TYPE</data>
    </edge>
    <edge id="2962976" source="1270147" target="1270149">
      <data key="de0">HAS_PROPERTIES</data>
    </edge>
    <edge id="2962975" source="1270147" target="1270148">
      <data key="de0">HAS_LINKS</data>
    </edge>
    <edge id="2962992" source="1019246" target="1270108">
      <data key="de0">HAS_ANNOTATION_TYPE</data>
    </edge>
    <edge id="2962950" source="1270108" target="1270110">
      <data key="de0">HAS_PROPERTIES</data>
    </edge>
    <edge id="2962949" source="1270108" target="1270109">
      <data key="de0">HAS_LINKS</data>
    </edge>
    <edge id="2395093" source="1019246" target="1172110">
      <data key="de0">HAS_ANNOTATION_TYPE</data>
    </edge>
    <edge id="2238826" source="1172110" target="1172111">
      <data key="de0">HAS_PROPERTIES</data>
    </edge>
    <edge id="2260711" source="1172110" target="1172112">
      <data key="de0">HAS_LINKS</data>
    </edge>
    <edge id="2395148" source="1019246" target="1154363">
      <data key="de0">HAS_ANNOTATION_TYPE</data>
    </edge>
    <edge id="2395149" source="1154363" target="1154367">
      <data key="de0">HAS_PROPERTIES</data>
    </edge>
    <edge id="2395150" source="1154363" target="1172760">
      <data key="de0">HAS_LINKS</data>
    </edge>
    <edge id="2381342" source="1019246" target="1169185">
      <data key="de0">HAS_ANNOTATION_TYPE</data>
    </edge>
    <edge id="2397068" source="1169185" target="1108177">
      <data key="de0">HAS_LINKS</data>
    </edge>
    <edge id="2397067" source="1169185" target="1169184">
      <data key="de0">HAS_PROPERTIES</data>
    </edge>
    <edge id="2313215" source="1019246" target="1095020">
      <data key="de0">HAS_ANNOTATION_TYPE</data>
    </edge>
    <edge id="2395038" source="1095020" target="1172641">
      <data key="de0">HAS_LINKS</data>
    </edge>
    <edge id="2395037" source="1095020" target="1172640">
      <data key="de0">HAS_PROPERTIES</data>
    </edge>
    <edge id="1962099" source="1019246" target="958374">
      <data key="de0">HAS_ANNOTATION_TYPE</data>
    </edge>
    <edge id="2397087" source="958374" target="1154647">
      <data key="de0">HAS_LINKS</data>
    </edge>
    <edge id="2397086" source="958374" target="1154638">
      <data key="de0">HAS_PROPERTIES</data>
    </edge>
    <edge id="1506367" source="1019246" target="958320">
      <data key="de0">HAS_ANNOTATION_TYPE</data>
    </edge>
    <edge id="2239462" source="958320" target="985661">
      <data key="de0">HAS_LINKS</data>
    </edge>
    <edge id="2395059" source="958320" target="985660">
      <data key="de0">HAS_PROPERTIES</data>
    </edge>
    <edge id="1506187" source="1019246" target="958321">
      <data key="de0">HAS_ANNOTATION_TYPE</data>
    </edge>
    <edge id="2381243" source="958321" target="985640">
      <data key="de0">HAS_LINKS</data>
    </edge>
    <edge id="2381242" source="958321" target="985639">
      <data key="de0">HAS_PROPERTIES</data>
    </edge>
    <edge id="2201932" source="1019246" target="1156636">
      <data key="de0">HAS_ANNOTATION_TYPE</data>
    </edge>
    <edge id="2397038" source="1156636" target="1153109">
      <data key="de0">HAS_PROPERTIES</data>
    </edge>
    <edge id="2397039" source="1156636" target="1153125">
      <data key="de0">HAS_LINKS</data>
    </edge>
    <edge id="1506185" source="1019246" target="1156638">
      <data key="de0">HAS_ANNOTATION_TYPE</data>
    </edge>
    <edge id="2397098" source="1156638" target="1171906">
      <data key="de0">HAS_PROPERTIES</data>
    </edge>
    <edge id="2397099" source="1156638" target="1171907">
      <data key="de0">HAS_LINKS</data>
    </edge>
    <edge id="1506350" source="1019246" target="958395">
      <data key="de0">HAS_ANNOTATION_TYPE</data>
    </edge>
    <edge id="2397065" source="958395" target="1172129">
      <data key="de0">HAS_PROPERTIES</data>
    </edge>
    <edge id="2397066" source="958395" target="1169138">
      <data key="de0">HAS_LINKS</data>
    </edge>
    <edge id="1961844" source="1019246" target="958355">
      <data key="de0">HAS_ANNOTATION_TYPE</data>
    </edge>
    <edge id="2395036" source="958355" target="1172639">
      <data key="de0">HAS_LINKS</data>
    </edge>
    <edge id="2395035" source="958355" target="1172638">
      <data key="de0">HAS_PROPERTIES</data>
    </edge>
    <edge id="1662769" source="1019246" target="1088563">
      <data key="de0">HAS_ANNOTATION_TYPE</data>
    </edge>
    <edge id="2395091" source="1088563" target="1172108">
      <data key="de0">HAS_PROPERTIES</data>
    </edge>
    <edge id="2395092" source="1088563" target="1172109">
      <data key="de0">HAS_LINKS</data>
    </edge>
    <edge id="1506184" source="1019246" target="958318">
      <data key="de0">HAS_ANNOTATION_TYPE</data>
    </edge>
    <edge id="2395109" source="958318" target="986114">
      <data key="de0">HAS_LINKS</data>
    </edge>
    <edge id="2395108" source="958318" target="986113">
      <data key="de0">HAS_PROPERTIES</data>
    </edge>
    <edge id="3579155" source="1617723" target="985768">
      <data key="de0">CONTAINS</data>
    </edge>
    <edge id="2313406" source="1095129" target="985768">
      <data key="de0">TITLED</data>
    </edge>
    <edge id="2311546" source="1096527" target="985768">
      <data key="de0">TITLED</data>
    </edge>
  </graph>
</graphml>
